🚀 Training with 1 GPUs (DDP)
Per-GPU batch size: 4
Gradient accumulation steps: 64
Total effective batch size: 256
Device: cuda:0
Loading training dataset from wikipedia-50/train
Final Vocab Size: 181
Phoneme vocab size: 181
Pruned BPE vocab size: 24734
Training dataset size: 599058
Step 100/1000000 | Loss: 27.2966 | LR: 1.00e-11 | MLM: 5.3894 | CTC: 21.9072
Step 200/1000000 | Loss: 25.9075 | LR: 3.00e-11 | MLM: 5.2845 | CTC: 20.6230
Step 300/1000000 | Loss: 26.2924 | LR: 4.00e-11 | MLM: 5.2040 | CTC: 21.0883
Step 400/1000000 | Loss: 24.0602 | LR: 6.00e-11 | MLM: 5.1470 | CTC: 18.9132
Step 500/1000000 | Loss: 22.6270 | LR: 7.00e-11 | MLM: 5.0746 | CTC: 17.5524
Step 600/1000000 | Loss: 21.1672 | LR: 9.00e-11 | MLM: 5.0485 | CTC: 16.1187
Step 700/1000000 | Loss: 19.5537 | LR: 1.00e-10 | MLM: 4.9341 | CTC: 14.6197
Step 800/1000000 | Loss: 17.5616 | LR: 1.20e-10 | MLM: 4.9335 | CTC: 12.6280
Step 900/1000000 | Loss: 15.6700 | LR: 1.40e-10 | MLM: 4.9010 | CTC: 10.7690
Step 1000/1000000 | Loss: 14.8800 | LR: 1.50e-10 | MLM: 4.8389 | CTC: 10.0411
Step 1100/1000000 | Loss: 14.1392 | LR: 1.70e-10 | MLM: 4.7250 | CTC: 9.4141
Step 1200/1000000 | Loss: 13.7281 | LR: 1.80e-10 | MLM: 4.5606 | CTC: 9.1675
Step 1300/1000000 | Loss: 13.1050 | LR: 2.00e-10 | MLM: 4.4800 | CTC: 8.6250
Step 1400/1000000 | Loss: 12.7189 | LR: 2.10e-10 | MLM: 4.2129 | CTC: 8.5060
Step 1500/1000000 | Loss: 12.4316 | LR: 2.30e-10 | MLM: 4.2628 | CTC: 8.1688
Step 1600/1000000 | Loss: 12.0325 | LR: 2.50e-10 | MLM: 4.1364 | CTC: 7.8961
Step 1700/1000000 | Loss: 11.5407 | LR: 2.60e-10 | MLM: 3.9200 | CTC: 7.6207
Step 1800/1000000 | Loss: 11.4160 | LR: 2.80e-10 | MLM: 3.8961 | CTC: 7.5199
Step 1900/1000000 | Loss: 11.4827 | LR: 2.90e-10 | MLM: 3.9474 | CTC: 7.5353
Step 2000/1000000 | Loss: 10.9756 | LR: 3.10e-10 | MLM: 3.8205 | CTC: 7.1551
Step 2100/1000000 | Loss: 11.1251 | LR: 3.20e-10 | MLM: 3.7808 | CTC: 7.3443
Step 2200/1000000 | Loss: 10.7359 | LR: 3.40e-10 | MLM: 3.6894 | CTC: 7.0465
Step 2300/1000000 | Loss: 10.6667 | LR: 3.50e-10 | MLM: 3.6200 | CTC: 7.0467
Step 2400/1000000 | Loss: 10.1382 | LR: 3.70e-10 | MLM: 3.5188 | CTC: 6.6194
Step 2500/1000000 | Loss: 10.0242 | LR: 3.90e-10 | MLM: 3.4768 | CTC: 6.5474
Step 2600/1000000 | Loss: 9.8111 | LR: 4.00e-10 | MLM: 3.4704 | CTC: 6.3407
Step 2700/1000000 | Loss: 9.6376 | LR: 4.20e-10 | MLM: 3.3481 | CTC: 6.2894
Step 2800/1000000 | Loss: 9.6852 | LR: 4.30e-10 | MLM: 3.5697 | CTC: 6.1155
Step 2900/1000000 | Loss: 9.3412 | LR: 4.50e-10 | MLM: 3.3315 | CTC: 6.0097
Step 3000/1000000 | Loss: 9.4354 | LR: 4.60e-10 | MLM: 3.3488 | CTC: 6.0866
Step 3100/1000000 | Loss: 9.0962 | LR: 4.80e-10 | MLM: 3.2603 | CTC: 5.8359
Step 3200/1000000 | Loss: 9.3044 | LR: 5.00e-10 | MLM: 3.4782 | CTC: 5.8262
Step 3300/1000000 | Loss: 8.7476 | LR: 5.10e-10 | MLM: 3.2369 | CTC: 5.5107
Step 3400/1000000 | Loss: 8.9824 | LR: 5.30e-10 | MLM: 3.2986 | CTC: 5.6839
Step 3500/1000000 | Loss: 8.6322 | LR: 5.40e-10 | MLM: 3.3364 | CTC: 5.2958
Step 3600/1000000 | Loss: 8.6991 | LR: 5.60e-10 | MLM: 3.2727 | CTC: 5.4264
Step 3700/1000000 | Loss: 8.5454 | LR: 5.70e-10 | MLM: 3.1649 | CTC: 5.3805
Step 3800/1000000 | Loss: 8.3815 | LR: 5.90e-10 | MLM: 3.2383 | CTC: 5.1432
Step 3900/1000000 | Loss: 8.5379 | LR: 6.00e-10 | MLM: 3.3025 | CTC: 5.2354
Step 4000/1000000 | Loss: 8.6438 | LR: 6.20e-10 | MLM: 3.1980 | CTC: 5.4458
Step 4100/1000000 | Loss: 8.4861 | LR: 6.40e-10 | MLM: 3.2413 | CTC: 5.2448
Step 4200/1000000 | Loss: 8.4669 | LR: 6.50e-10 | MLM: 3.3245 | CTC: 5.1424
Step 4300/1000000 | Loss: 8.2966 | LR: 6.70e-10 | MLM: 3.1834 | CTC: 5.1132
Step 4400/1000000 | Loss: 8.0352 | LR: 6.80e-10 | MLM: 2.9394 | CTC: 5.0958
Step 4500/1000000 | Loss: 8.0164 | LR: 7.00e-10 | MLM: 3.0365 | CTC: 4.9799
Step 4600/1000000 | Loss: 8.2702 | LR: 7.10e-10 | MLM: 3.3775 | CTC: 4.8927
Step 4700/1000000 | Loss: 8.6071 | LR: 7.30e-10 | MLM: 3.2530 | CTC: 5.3541
Step 4800/1000000 | Loss: 8.3413 | LR: 7.50e-10 | MLM: 3.1482 | CTC: 5.1931
Step 4900/1000000 | Loss: 8.1824 | LR: 7.60e-10 | MLM: 3.2429 | CTC: 4.9394
Step 5000/1000000 | Loss: 8.3530 | LR: 7.80e-10 | MLM: 3.2529 | CTC: 5.1001
✓ Saved checkpoint to checkpoint_step_5000.t7
Step 5100/1000000 | Loss: 8.0967 | LR: 7.90e-10 | MLM: 3.0277 | CTC: 5.0690
Step 5200/1000000 | Loss: 8.0317 | LR: 8.10e-10 | MLM: 3.0648 | CTC: 4.9669
Step 5300/1000000 | Loss: 8.1132 | LR: 8.20e-10 | MLM: 3.0348 | CTC: 5.0784
Step 5400/1000000 | Loss: 8.1646 | LR: 8.40e-10 | MLM: 3.0057 | CTC: 5.1589
Step 5500/1000000 | Loss: 8.3750 | LR: 8.50e-10 | MLM: 3.3568 | CTC: 5.0182
Step 5600/1000000 | Loss: 8.4726 | LR: 8.70e-10 | MLM: 3.0656 | CTC: 5.4070
Step 5700/1000000 | Loss: 8.4743 | LR: 8.90e-10 | MLM: 3.1351 | CTC: 5.3392
Step 5800/1000000 | Loss: 8.2011 | LR: 9.00e-10 | MLM: 2.9559 | CTC: 5.2452
Step 5900/1000000 | Loss: 8.1570 | LR: 9.20e-10 | MLM: 3.0572 | CTC: 5.0998
Step 6000/1000000 | Loss: 7.8129 | LR: 9.30e-10 | MLM: 2.8610 | CTC: 4.9520
Step 6100/1000000 | Loss: 8.0116 | LR: 9.50e-10 | MLM: 3.0620 | CTC: 4.9496
Step 6200/1000000 | Loss: 8.2665 | LR: 9.60e-10 | MLM: 3.2074 | CTC: 5.0592
Step 6300/1000000 | Loss: 9.3574 | LR: 9.80e-10 | MLM: 2.7475 | CTC: 6.6099
Step 6400/1000000 | Loss: 8.7839 | LR: 1.00e-09 | MLM: 3.2215 | CTC: 5.5624
Step 6500/1000000 | Loss: 8.4987 | LR: 1.01e-09 | MLM: 3.3120 | CTC: 5.1867
Step 6600/1000000 | Loss: 8.2593 | LR: 1.03e-09 | MLM: 3.0548 | CTC: 5.2045
Step 6700/1000000 | Loss: 8.0016 | LR: 1.04e-09 | MLM: 2.8835 | CTC: 5.1180
Step 6800/1000000 | Loss: 8.0358 | LR: 1.06e-09 | MLM: 3.1731 | CTC: 4.8628
Step 6900/1000000 | Loss: 7.7650 | LR: 1.07e-09 | MLM: 2.8789 | CTC: 4.8861
Step 7000/1000000 | Loss: 7.6958 | LR: 1.09e-09 | MLM: 3.0615 | CTC: 4.6343
Step 7100/1000000 | Loss: 7.4271 | LR: 1.10e-09 | MLM: 2.6953 | CTC: 4.7319
Step 7200/1000000 | Loss: 7.1285 | LR: 1.12e-09 | MLM: 2.6780 | CTC: 4.4504
Step 7300/1000000 | Loss: 7.8899 | LR: 1.14e-09 | MLM: 3.1643 | CTC: 4.7256
Step 7400/1000000 | Loss: 7.4045 | LR: 1.15e-09 | MLM: 2.9890 | CTC: 4.4155
Step 7500/1000000 | Loss: 7.3536 | LR: 1.17e-09 | MLM: 2.8787 | CTC: 4.4749
Step 7600/1000000 | Loss: 7.6750 | LR: 1.18e-09 | MLM: 3.0251 | CTC: 4.6499
Step 7700/1000000 | Loss: 6.6955 | LR: 1.20e-09 | MLM: 2.8205 | CTC: 3.8750
Step 7800/1000000 | Loss: 6.6008 | LR: 1.21e-09 | MLM: 3.0838 | CTC: 3.5170
Step 7900/1000000 | Loss: 7.1356 | LR: 1.23e-09 | MLM: 3.1302 | CTC: 4.0053
Step 8000/1000000 | Loss: 6.9422 | LR: 1.25e-09 | MLM: 2.9833 | CTC: 3.9588
Step 8100/1000000 | Loss: 6.9995 | LR: 1.26e-09 | MLM: 3.0321 | CTC: 3.9674
Step 8200/1000000 | Loss: 6.6192 | LR: 1.28e-09 | MLM: 2.8126 | CTC: 3.8066
Step 8300/1000000 | Loss: 7.0721 | LR: 1.29e-09 | MLM: 2.8959 | CTC: 4.1763
Step 8400/1000000 | Loss: 6.8721 | LR: 1.31e-09 | MLM: 3.0192 | CTC: 3.8529
Step 8500/1000000 | Loss: 6.4639 | LR: 1.32e-09 | MLM: 2.8695 | CTC: 3.5944
Step 8600/1000000 | Loss: 6.5898 | LR: 1.34e-09 | MLM: 2.8797 | CTC: 3.7102
Step 8700/1000000 | Loss: 6.4835 | LR: 1.35e-09 | MLM: 2.8714 | CTC: 3.6121
Step 8800/1000000 | Loss: 7.2478 | LR: 1.37e-09 | MLM: 3.2076 | CTC: 4.0402
Step 8900/1000000 | Loss: 6.6878 | LR: 1.39e-09 | MLM: 2.8638 | CTC: 3.8240
Step 9000/1000000 | Loss: 6.8129 | LR: 1.40e-09 | MLM: 3.2768 | CTC: 3.5361
Step 9100/1000000 | Loss: 6.3653 | LR: 1.42e-09 | MLM: 2.7689 | CTC: 3.5965
Step 9200/1000000 | Loss: 6.0121 | LR: 1.43e-09 | MLM: 2.8428 | CTC: 3.1693
Step 9300/1000000 | Loss: 6.5750 | LR: 1.45e-09 | MLM: 2.8744 | CTC: 3.7006
Step 9400/1000000 | Loss: 6.4965 | LR: 1.46e-09 | MLM: 3.1126 | CTC: 3.3839
Step 9500/1000000 | Loss: 6.4508 | LR: 1.48e-09 | MLM: 2.9028 | CTC: 3.5479
Step 9600/1000000 | Loss: 6.6743 | LR: 1.50e-09 | MLM: 2.8456 | CTC: 3.8287
Step 9700/1000000 | Loss: 6.5778 | LR: 1.51e-09 | MLM: 2.7626 | CTC: 3.8152
Step 9800/1000000 | Loss: 6.2041 | LR: 1.53e-09 | MLM: 2.8971 | CTC: 3.3069
Step 9900/1000000 | Loss: 6.4975 | LR: 1.54e-09 | MLM: 3.0797 | CTC: 3.4177
Step 10000/1000000 | Loss: 6.0887 | LR: 1.56e-09 | MLM: 3.0224 | CTC: 3.0663
✓ Saved checkpoint to checkpoint_step_10000.t7
Step 10100/1000000 | Loss: 6.3609 | LR: 1.57e-09 | MLM: 3.2179 | CTC: 3.1429
Step 10200/1000000 | Loss: 6.4026 | LR: 1.59e-09 | MLM: 2.9546 | CTC: 3.4480
Step 10300/1000000 | Loss: 6.6736 | LR: 1.60e-09 | MLM: 2.8158 | CTC: 3.8578
Step 10400/1000000 | Loss: 6.6832 | LR: 1.62e-09 | MLM: 2.7468 | CTC: 3.9364
Step 10500/1000000 | Loss: 6.6243 | LR: 1.64e-09 | MLM: 3.3099 | CTC: 3.3145
Step 10600/1000000 | Loss: 6.6276 | LR: 1.65e-09 | MLM: 2.9837 | CTC: 3.6438
Step 10700/1000000 | Loss: 5.8249 | LR: 1.67e-09 | MLM: 2.8461 | CTC: 2.9788
Step 10800/1000000 | Loss: 6.4608 | LR: 1.68e-09 | MLM: 2.9616 | CTC: 3.4991
Step 10900/1000000 | Loss: 6.4857 | LR: 1.70e-09 | MLM: 3.0821 | CTC: 3.4036
Step 11000/1000000 | Loss: 6.5902 | LR: 1.71e-09 | MLM: 3.0511 | CTC: 3.5391
Step 11100/1000000 | Loss: 6.0404 | LR: 1.73e-09 | MLM: 2.8671 | CTC: 3.1733
Step 11200/1000000 | Loss: 6.1368 | LR: 1.75e-09 | MLM: 2.7011 | CTC: 3.4356
Step 11300/1000000 | Loss: 6.0896 | LR: 1.76e-09 | MLM: 2.9024 | CTC: 3.1872
Step 11400/1000000 | Loss: 6.3797 | LR: 1.78e-09 | MLM: 2.7600 | CTC: 3.6197
Step 11500/1000000 | Loss: 7.0693 | LR: 1.79e-09 | MLM: 3.2661 | CTC: 3.8031
Step 11600/1000000 | Loss: 6.6405 | LR: 1.81e-09 | MLM: 2.9225 | CTC: 3.7180
Step 11700/1000000 | Loss: 6.3490 | LR: 1.82e-09 | MLM: 2.7708 | CTC: 3.5781
Step 11800/1000000 | Loss: 6.2882 | LR: 1.84e-09 | MLM: 3.0530 | CTC: 3.2352
Step 11900/1000000 | Loss: 6.2847 | LR: 1.85e-09 | MLM: 2.9829 | CTC: 3.3019
Step 12000/1000000 | Loss: 6.0700 | LR: 1.87e-09 | MLM: 3.0638 | CTC: 3.0062
Step 12100/1000000 | Loss: 6.4875 | LR: 1.89e-09 | MLM: 3.2285 | CTC: 3.2590
Step 12200/1000000 | Loss: 5.6232 | LR: 1.90e-09 | MLM: 2.7556 | CTC: 2.8676
Step 12300/1000000 | Loss: 6.0927 | LR: 1.92e-09 | MLM: 2.8215 | CTC: 3.2712
Step 12400/1000000 | Loss: 5.8990 | LR: 1.93e-09 | MLM: 3.0759 | CTC: 2.8231
Step 12500/1000000 | Loss: 6.1653 | LR: 1.95e-09 | MLM: 3.0718 | CTC: 3.0934
Step 12600/1000000 | Loss: 5.7495 | LR: 1.96e-09 | MLM: 2.9244 | CTC: 2.8250
Step 12700/1000000 | Loss: 5.6734 | LR: 1.98e-09 | MLM: 2.9242 | CTC: 2.7492
Step 12800/1000000 | Loss: 6.2553 | LR: 2.00e-09 | MLM: 2.8738 | CTC: 3.3815
Step 12900/1000000 | Loss: 6.3996 | LR: 2.01e-09 | MLM: 2.9263 | CTC: 3.4734
Step 13000/1000000 | Loss: 6.2434 | LR: 2.03e-09 | MLM: 2.9521 | CTC: 3.2914
Step 13100/1000000 | Loss: 5.9446 | LR: 2.04e-09 | MLM: 3.0165 | CTC: 2.9281
Step 13200/1000000 | Loss: 5.9278 | LR: 2.06e-09 | MLM: 2.6952 | CTC: 3.2326
Step 13300/1000000 | Loss: 5.8581 | LR: 2.07e-09 | MLM: 2.8487 | CTC: 3.0094
Step 13400/1000000 | Loss: 6.4203 | LR: 2.09e-09 | MLM: 2.8815 | CTC: 3.5388
Step 13500/1000000 | Loss: 5.3455 | LR: 2.10e-09 | MLM: 2.9951 | CTC: 2.3504
Step 13600/1000000 | Loss: 6.6868 | LR: 2.12e-09 | MLM: 3.0959 | CTC: 3.5910
Step 13700/1000000 | Loss: 5.9523 | LR: 2.14e-09 | MLM: 2.7238 | CTC: 3.2285
Step 13800/1000000 | Loss: 5.0182 | LR: 2.15e-09 | MLM: 2.9712 | CTC: 2.0470
Step 13900/1000000 | Loss: 6.2486 | LR: 2.17e-09 | MLM: 3.0098 | CTC: 3.2388
Step 14000/1000000 | Loss: 5.8063 | LR: 2.18e-09 | MLM: 2.8631 | CTC: 2.9432
Step 14100/1000000 | Loss: 6.4862 | LR: 2.20e-09 | MLM: 3.0889 | CTC: 3.3974
Step 14200/1000000 | Loss: 5.9113 | LR: 2.21e-09 | MLM: 2.7797 | CTC: 3.1316
Step 14300/1000000 | Loss: 6.1380 | LR: 2.23e-09 | MLM: 2.9979 | CTC: 3.1401
Step 14400/1000000 | Loss: 6.3050 | LR: 2.25e-09 | MLM: 3.0217 | CTC: 3.2833
Step 14500/1000000 | Loss: 5.7092 | LR: 2.26e-09 | MLM: 2.5265 | CTC: 3.1827
Step 14600/1000000 | Loss: 6.5160 | LR: 2.28e-09 | MLM: 2.9985 | CTC: 3.5175
Step 14700/1000000 | Loss: 6.3970 | LR: 2.29e-09 | MLM: 3.0221 | CTC: 3.3749
Step 14800/1000000 | Loss: 5.4490 | LR: 2.31e-09 | MLM: 2.9982 | CTC: 2.4508
Step 14900/1000000 | Loss: 5.5456 | LR: 2.32e-09 | MLM: 3.1108 | CTC: 2.4347
Step 15000/1000000 | Loss: 6.3453 | LR: 2.34e-09 | MLM: 3.1029 | CTC: 3.2424
✓ Saved checkpoint to checkpoint_step_15000.t7
Step 15100/1000000 | Loss: 5.5325 | LR: 2.35e-09 | MLM: 2.4745 | CTC: 3.0580
Step 15200/1000000 | Loss: 5.4076 | LR: 2.37e-09 | MLM: 2.6319 | CTC: 2.7757
Step 15300/1000000 | Loss: 5.8192 | LR: 2.39e-09 | MLM: 2.7844 | CTC: 3.0348
Step 15400/1000000 | Loss: 6.3472 | LR: 2.40e-09 | MLM: 3.1039 | CTC: 3.2433
Step 15500/1000000 | Loss: 5.1943 | LR: 2.42e-09 | MLM: 2.5866 | CTC: 2.6077
Step 15600/1000000 | Loss: 6.1574 | LR: 2.43e-09 | MLM: 3.0266 | CTC: 3.1308
Step 15700/1000000 | Loss: 6.2086 | LR: 2.45e-09 | MLM: 3.0381 | CTC: 3.1705
Step 15800/1000000 | Loss: 5.1582 | LR: 2.46e-09 | MLM: 2.7198 | CTC: 2.4384
Step 15900/1000000 | Loss: 6.0175 | LR: 2.48e-09 | MLM: 2.7976 | CTC: 3.2198
Step 16000/1000000 | Loss: 5.2424 | LR: 2.50e-09 | MLM: 2.6430 | CTC: 2.5994
Step 16100/1000000 | Loss: 5.7693 | LR: 2.51e-09 | MLM: 2.8140 | CTC: 2.9553
Step 16200/1000000 | Loss: 5.4024 | LR: 2.53e-09 | MLM: 2.4975 | CTC: 2.9049
Step 16300/1000000 | Loss: 6.9268 | LR: 2.54e-09 | MLM: 3.0243 | CTC: 3.9024
Step 16400/1000000 | Loss: 5.4360 | LR: 2.56e-09 | MLM: 2.6403 | CTC: 2.7957
Step 16500/1000000 | Loss: 5.8545 | LR: 2.57e-09 | MLM: 2.5582 | CTC: 3.2963
Step 16600/1000000 | Loss: 5.9031 | LR: 2.59e-09 | MLM: 2.9989 | CTC: 2.9042
Step 16700/1000000 | Loss: 6.0532 | LR: 2.60e-09 | MLM: 2.8210 | CTC: 3.2322
Step 16800/1000000 | Loss: 5.2057 | LR: 2.62e-09 | MLM: 2.7680 | CTC: 2.4376
Step 16900/1000000 | Loss: 5.4566 | LR: 2.64e-09 | MLM: 2.4608 | CTC: 2.9958
Step 17000/1000000 | Loss: 5.1504 | LR: 2.65e-09 | MLM: 2.7683 | CTC: 2.3821
Step 17100/1000000 | Loss: 5.3552 | LR: 2.67e-09 | MLM: 2.6939 | CTC: 2.6613
Step 17200/1000000 | Loss: 4.8568 | LR: 2.68e-09 | MLM: 2.6042 | CTC: 2.2526
Step 17300/1000000 | Loss: 5.4454 | LR: 2.70e-09 | MLM: 2.7645 | CTC: 2.6809
Step 17400/1000000 | Loss: 5.8438 | LR: 2.71e-09 | MLM: 2.7495 | CTC: 3.0943
Step 17500/1000000 | Loss: 5.0973 | LR: 2.73e-09 | MLM: 2.4346 | CTC: 2.6627
Step 17600/1000000 | Loss: 4.6895 | LR: 2.75e-09 | MLM: 2.4334 | CTC: 2.2561
Step 17700/1000000 | Loss: 4.9524 | LR: 2.76e-09 | MLM: 2.8419 | CTC: 2.1106
Step 17800/1000000 | Loss: 5.7409 | LR: 2.78e-09 | MLM: 2.5455 | CTC: 3.1954
Step 17900/1000000 | Loss: 5.6743 | LR: 2.79e-09 | MLM: 2.4992 | CTC: 3.1752
Step 18000/1000000 | Loss: 5.5207 | LR: 2.81e-09 | MLM: 2.9080 | CTC: 2.6127
Step 18100/1000000 | Loss: 5.2872 | LR: 2.82e-09 | MLM: 2.3267 | CTC: 2.9605
Step 18200/1000000 | Loss: 6.1928 | LR: 2.84e-09 | MLM: 2.9338 | CTC: 3.2590
Step 18300/1000000 | Loss: 5.4360 | LR: 2.85e-09 | MLM: 2.6357 | CTC: 2.8003
Step 18400/1000000 | Loss: 4.5823 | LR: 2.87e-09 | MLM: 2.7632 | CTC: 1.8191
Step 18500/1000000 | Loss: 5.1749 | LR: 2.89e-09 | MLM: 2.5940 | CTC: 2.5809
Step 18600/1000000 | Loss: 5.7772 | LR: 2.90e-09 | MLM: 2.5326 | CTC: 3.2446
Step 18700/1000000 | Loss: 4.0747 | LR: 2.92e-09 | MLM: 2.2794 | CTC: 1.7953
Step 18800/1000000 | Loss: 4.7611 | LR: 2.93e-09 | MLM: 2.4262 | CTC: 2.3349
Step 18900/1000000 | Loss: 6.0009 | LR: 2.95e-09 | MLM: 2.6498 | CTC: 3.3511
Step 19000/1000000 | Loss: 5.8197 | LR: 2.96e-09 | MLM: 2.6709 | CTC: 3.1488
Step 19100/1000000 | Loss: 5.5986 | LR: 2.98e-09 | MLM: 2.7748 | CTC: 2.8238
Step 19200/1000000 | Loss: 5.4564 | LR: 3.00e-09 | MLM: 2.7994 | CTC: 2.6570
Step 19300/1000000 | Loss: 5.2008 | LR: 3.01e-09 | MLM: 2.4345 | CTC: 2.7663
Step 19400/1000000 | Loss: 5.8041 | LR: 3.03e-09 | MLM: 2.5453 | CTC: 3.2588
Step 19500/1000000 | Loss: 5.7188 | LR: 3.04e-09 | MLM: 2.8009 | CTC: 2.9180
Step 19600/1000000 | Loss: 6.1672 | LR: 3.06e-09 | MLM: 2.8888 | CTC: 3.2784
Step 19700/1000000 | Loss: 5.1717 | LR: 3.07e-09 | MLM: 2.6498 | CTC: 2.5219
Step 19800/1000000 | Loss: 5.6949 | LR: 3.09e-09 | MLM: 2.5563 | CTC: 3.1386
Step 19900/1000000 | Loss: 5.2565 | LR: 3.10e-09 | MLM: 2.8500 | CTC: 2.4065
Step 20000/1000000 | Loss: 5.4709 | LR: 3.12e-09 | MLM: 2.8382 | CTC: 2.6327
✓ Saved checkpoint to checkpoint_step_20000.t7
Step 20100/1000000 | Loss: 5.2982 | LR: 3.14e-09 | MLM: 2.7538 | CTC: 2.5444
Step 20200/1000000 | Loss: 4.7507 | LR: 3.15e-09 | MLM: 2.2404 | CTC: 2.5103
Step 20300/1000000 | Loss: 5.8300 | LR: 3.17e-09 | MLM: 2.7346 | CTC: 3.0954
Step 20400/1000000 | Loss: 5.0315 | LR: 3.18e-09 | MLM: 2.5922 | CTC: 2.4393
Step 20500/1000000 | Loss: 5.3632 | LR: 3.20e-09 | MLM: 2.8659 | CTC: 2.4973
Step 20600/1000000 | Loss: 4.9841 | LR: 3.21e-09 | MLM: 2.6415 | CTC: 2.3426
Step 20700/1000000 | Loss: 5.2942 | LR: 3.23e-09 | MLM: 2.4346 | CTC: 2.8597
Step 20800/1000000 | Loss: 4.3499 | LR: 3.25e-09 | MLM: 2.3050 | CTC: 2.0450
Step 20900/1000000 | Loss: 5.3103 | LR: 3.26e-09 | MLM: 2.6372 | CTC: 2.6731
Step 21000/1000000 | Loss: 4.8043 | LR: 3.28e-09 | MLM: 2.4470 | CTC: 2.3573
Step 21100/1000000 | Loss: 5.0267 | LR: 3.29e-09 | MLM: 2.8437 | CTC: 2.1830
Step 21200/1000000 | Loss: 4.4634 | LR: 3.31e-09 | MLM: 2.4588 | CTC: 2.0046
Step 21300/1000000 | Loss: 4.6883 | LR: 3.32e-09 | MLM: 2.5715 | CTC: 2.1167
Step 21400/1000000 | Loss: 5.3004 | LR: 3.34e-09 | MLM: 2.8710 | CTC: 2.4294
Step 21500/1000000 | Loss: 5.0655 | LR: 3.35e-09 | MLM: 2.5095 | CTC: 2.5560
Step 21600/1000000 | Loss: 5.0696 | LR: 3.37e-09 | MLM: 2.5391 | CTC: 2.5305
Step 21700/1000000 | Loss: 4.0514 | LR: 3.39e-09 | MLM: 2.3117 | CTC: 1.7397
Step 21800/1000000 | Loss: 5.5151 | LR: 3.40e-09 | MLM: 2.7864 | CTC: 2.7287
Step 21900/1000000 | Loss: 4.5003 | LR: 3.42e-09 | MLM: 2.5410 | CTC: 1.9593
Step 22000/1000000 | Loss: 5.3044 | LR: 3.43e-09 | MLM: 2.6723 | CTC: 2.6321
Step 22100/1000000 | Loss: 5.3468 | LR: 3.45e-09 | MLM: 2.7426 | CTC: 2.6042
Step 22200/1000000 | Loss: 4.5311 | LR: 3.46e-09 | MLM: 2.4967 | CTC: 2.0344
Step 22300/1000000 | Loss: 4.6095 | LR: 3.48e-09 | MLM: 2.4938 | CTC: 2.1157
Step 22400/1000000 | Loss: 3.9786 | LR: 3.50e-09 | MLM: 2.3547 | CTC: 1.6239
Step 22500/1000000 | Loss: 3.9292 | LR: 3.51e-09 | MLM: 2.4140 | CTC: 1.5152
Step 22600/1000000 | Loss: 5.1689 | LR: 3.53e-09 | MLM: 2.6660 | CTC: 2.5029
Step 22700/1000000 | Loss: 4.7742 | LR: 3.54e-09 | MLM: 2.4509 | CTC: 2.3232
Step 22800/1000000 | Loss: 4.7680 | LR: 3.56e-09 | MLM: 2.6128 | CTC: 2.1553
Step 22900/1000000 | Loss: 5.0092 | LR: 3.57e-09 | MLM: 2.6906 | CTC: 2.3186
Step 23000/1000000 | Loss: 5.1651 | LR: 3.59e-09 | MLM: 2.6710 | CTC: 2.4941
Step 23100/1000000 | Loss: 4.4452 | LR: 3.60e-09 | MLM: 2.1317 | CTC: 2.3134
Step 23200/1000000 | Loss: 4.6274 | LR: 3.62e-09 | MLM: 2.4135 | CTC: 2.2138
Step 23300/1000000 | Loss: 4.1470 | LR: 3.64e-09 | MLM: 2.2233 | CTC: 1.9237
Step 23400/1000000 | Loss: 3.5028 | LR: 3.65e-09 | MLM: 2.1455 | CTC: 1.3573
Step 23500/1000000 | Loss: 4.3479 | LR: 3.67e-09 | MLM: 2.2636 | CTC: 2.0844
Step 23600/1000000 | Loss: 3.6467 | LR: 3.68e-09 | MLM: 1.8034 | CTC: 1.8432
Step 23700/1000000 | Loss: 4.1752 | LR: 3.70e-09 | MLM: 2.2708 | CTC: 1.9045
Step 23800/1000000 | Loss: 4.6743 | LR: 3.71e-09 | MLM: 2.4952 | CTC: 2.1791
Step 23900/1000000 | Loss: 3.6208 | LR: 3.73e-09 | MLM: 2.2150 | CTC: 1.4058
Step 24000/1000000 | Loss: 4.0754 | LR: 3.75e-09 | MLM: 2.2692 | CTC: 1.8062
Step 24100/1000000 | Loss: 3.9733 | LR: 3.76e-09 | MLM: 2.4971 | CTC: 1.4763
Step 24200/1000000 | Loss: 3.5974 | LR: 3.78e-09 | MLM: 2.3427 | CTC: 1.2547
Step 24300/1000000 | Loss: 3.8610 | LR: 3.79e-09 | MLM: 2.1366 | CTC: 1.7244
Step 24400/1000000 | Loss: 4.1974 | LR: 3.81e-09 | MLM: 2.5293 | CTC: 1.6680
Step 24500/1000000 | Loss: 4.2860 | LR: 3.82e-09 | MLM: 2.7147 | CTC: 1.5713
Step 24600/1000000 | Loss: 4.3161 | LR: 3.84e-09 | MLM: 2.2968 | CTC: 2.0192
Step 24700/1000000 | Loss: 4.2539 | LR: 3.85e-09 | MLM: 2.6147 | CTC: 1.6392
Step 24800/1000000 | Loss: 4.4546 | LR: 3.87e-09 | MLM: 2.3353 | CTC: 2.1193
Step 24900/1000000 | Loss: 4.5373 | LR: 3.89e-09 | MLM: 2.5629 | CTC: 1.9744
Step 25000/1000000 | Loss: 3.7352 | LR: 3.90e-09 | MLM: 2.0172 | CTC: 1.7180
✓ Saved checkpoint to checkpoint_step_25000.t7
Step 25100/1000000 | Loss: 3.5284 | LR: 3.92e-09 | MLM: 1.8481 | CTC: 1.6802
Step 25200/1000000 | Loss: 3.3209 | LR: 3.93e-09 | MLM: 2.1925 | CTC: 1.1284
Step 25300/1000000 | Loss: 4.2361 | LR: 3.95e-09 | MLM: 2.1136 | CTC: 2.1224
Step 25400/1000000 | Loss: 4.0530 | LR: 3.96e-09 | MLM: 2.0481 | CTC: 2.0049
Step 25500/1000000 | Loss: 3.8472 | LR: 3.98e-09 | MLM: 2.3467 | CTC: 1.5005
Step 25600/1000000 | Loss: 3.9401 | LR: 4.00e-09 | MLM: 2.0857 | CTC: 1.8544
Step 25700/1000000 | Loss: 3.5473 | LR: 4.01e-09 | MLM: 2.0716 | CTC: 1.4757
Step 25800/1000000 | Loss: 3.4743 | LR: 4.03e-09 | MLM: 2.2211 | CTC: 1.2531
Step 25900/1000000 | Loss: 2.9354 | LR: 4.04e-09 | MLM: 1.8435 | CTC: 1.0919
Step 26000/1000000 | Loss: 3.9744 | LR: 4.06e-09 | MLM: 2.2890 | CTC: 1.6854
Step 26100/1000000 | Loss: 3.6468 | LR: 4.07e-09 | MLM: 2.3619 | CTC: 1.2849
Step 26200/1000000 | Loss: 3.7783 | LR: 4.09e-09 | MLM: 2.3217 | CTC: 1.4566
Step 26300/1000000 | Loss: 3.3543 | LR: 4.10e-09 | MLM: 2.1642 | CTC: 1.1901
Step 26400/1000000 | Loss: 4.6108 | LR: 4.12e-09 | MLM: 2.4470 | CTC: 2.1638
Step 26500/1000000 | Loss: 4.3702 | LR: 4.14e-09 | MLM: 2.2044 | CTC: 2.1659
Step 26600/1000000 | Loss: 3.2075 | LR: 4.15e-09 | MLM: 2.1310 | CTC: 1.0765
Step 26700/1000000 | Loss: 3.3237 | LR: 4.17e-09 | MLM: 2.1161 | CTC: 1.2076
Step 26800/1000000 | Loss: 4.0726 | LR: 4.18e-09 | MLM: 2.3155 | CTC: 1.7571
Step 26900/1000000 | Loss: 3.9496 | LR: 4.20e-09 | MLM: 2.1900 | CTC: 1.7596
Step 27000/1000000 | Loss: 3.9269 | LR: 4.21e-09 | MLM: 2.1311 | CTC: 1.7958
Step 27100/1000000 | Loss: 3.8408 | LR: 4.23e-09 | MLM: 2.3307 | CTC: 1.5101
Step 27200/1000000 | Loss: 3.4001 | LR: 4.25e-09 | MLM: 2.1341 | CTC: 1.2660
Step 27300/1000000 | Loss: 3.1057 | LR: 4.26e-09 | MLM: 1.9657 | CTC: 1.1400
Step 27400/1000000 | Loss: 4.3649 | LR: 4.28e-09 | MLM: 2.5860 | CTC: 1.7789
Step 27500/1000000 | Loss: 3.3376 | LR: 4.29e-09 | MLM: 2.1395 | CTC: 1.1981
Step 27600/1000000 | Loss: 4.1484 | LR: 4.31e-09 | MLM: 2.2839 | CTC: 1.8644
Step 27700/1000000 | Loss: 3.3282 | LR: 4.32e-09 | MLM: 2.1799 | CTC: 1.1484
Step 27800/1000000 | Loss: 3.4277 | LR: 4.34e-09 | MLM: 1.9674 | CTC: 1.4604
Step 27900/1000000 | Loss: 3.0011 | LR: 4.35e-09 | MLM: 1.8359 | CTC: 1.1652
Step 28000/1000000 | Loss: 3.9970 | LR: 4.37e-09 | MLM: 2.5710 | CTC: 1.4260
Step 28100/1000000 | Loss: 3.4137 | LR: 4.39e-09 | MLM: 2.0350 | CTC: 1.3787
Step 28200/1000000 | Loss: 3.3956 | LR: 4.40e-09 | MLM: 1.8871 | CTC: 1.5085
Step 28300/1000000 | Loss: 3.7425 | LR: 4.42e-09 | MLM: 2.3465 | CTC: 1.3960
Step 28400/1000000 | Loss: 3.5460 | LR: 4.43e-09 | MLM: 2.1461 | CTC: 1.3998
Step 28500/1000000 | Loss: 3.7533 | LR: 4.45e-09 | MLM: 2.2777 | CTC: 1.4756
Step 28600/1000000 | Loss: 3.2732 | LR: 4.46e-09 | MLM: 1.8628 | CTC: 1.4104
Step 28700/1000000 | Loss: 3.2388 | LR: 4.48e-09 | MLM: 1.9444 | CTC: 1.2944
Step 28800/1000000 | Loss: 3.6178 | LR: 4.50e-09 | MLM: 2.2069 | CTC: 1.4108
Step 28900/1000000 | Loss: 2.7896 | LR: 4.51e-09 | MLM: 1.3405 | CTC: 1.4491
Step 29000/1000000 | Loss: 3.9918 | LR: 4.53e-09 | MLM: 2.1188 | CTC: 1.8730
Step 29100/1000000 | Loss: 3.0970 | LR: 4.54e-09 | MLM: 1.9798 | CTC: 1.1173
Step 29200/1000000 | Loss: 3.3965 | LR: 4.56e-09 | MLM: 2.2421 | CTC: 1.1543
Step 29300/1000000 | Loss: 3.0943 | LR: 4.57e-09 | MLM: 1.9852 | CTC: 1.1091
Step 29400/1000000 | Loss: 2.8207 | LR: 4.59e-09 | MLM: 1.6761 | CTC: 1.1446
Step 29500/1000000 | Loss: 2.7140 | LR: 4.60e-09 | MLM: 1.7764 | CTC: 0.9376
Step 29600/1000000 | Loss: 3.0611 | LR: 4.62e-09 | MLM: 1.8283 | CTC: 1.2327
Step 29700/1000000 | Loss: 3.7494 | LR: 4.64e-09 | MLM: 2.3520 | CTC: 1.3974
Step 29800/1000000 | Loss: 4.1254 | LR: 4.65e-09 | MLM: 2.3926 | CTC: 1.7328
Step 29900/1000000 | Loss: 3.1065 | LR: 4.67e-09 | MLM: 2.0899 | CTC: 1.0166
Step 30000/1000000 | Loss: 2.6891 | LR: 4.68e-09 | MLM: 1.8739 | CTC: 0.8153
✓ Saved checkpoint to checkpoint_step_30000.t7
Step 30100/1000000 | Loss: 2.9017 | LR: 4.70e-09 | MLM: 1.7707 | CTC: 1.1310
Step 30200/1000000 | Loss: 2.6390 | LR: 4.71e-09 | MLM: 1.8111 | CTC: 0.8279
Step 30300/1000000 | Loss: 3.4588 | LR: 4.73e-09 | MLM: 2.0176 | CTC: 1.4412
Step 30400/1000000 | Loss: 3.7982 | LR: 4.75e-09 | MLM: 2.1148 | CTC: 1.6834
Step 30500/1000000 | Loss: 3.0107 | LR: 4.76e-09 | MLM: 1.9252 | CTC: 1.0856
Step 30600/1000000 | Loss: 3.9721 | LR: 4.78e-09 | MLM: 2.5347 | CTC: 1.4374
Step 30700/1000000 | Loss: 3.8067 | LR: 4.79e-09 | MLM: 2.2868 | CTC: 1.5198
Step 30800/1000000 | Loss: 3.0649 | LR: 4.81e-09 | MLM: 1.7185 | CTC: 1.3464
Step 30900/1000000 | Loss: 3.0342 | LR: 4.82e-09 | MLM: 1.9939 | CTC: 1.0403
Step 31000/1000000 | Loss: 3.5038 | LR: 4.84e-09 | MLM: 2.0902 | CTC: 1.4136
Step 31100/1000000 | Loss: 2.4071 | LR: 4.85e-09 | MLM: 1.7039 | CTC: 0.7033
Step 31200/1000000 | Loss: 2.7883 | LR: 4.87e-09 | MLM: 1.9318 | CTC: 0.8565
Step 31300/1000000 | Loss: 3.2532 | LR: 4.89e-09 | MLM: 1.9191 | CTC: 1.3340
Step 31400/1000000 | Loss: 3.0935 | LR: 4.90e-09 | MLM: 1.8031 | CTC: 1.2904
Step 31500/1000000 | Loss: 3.6534 | LR: 4.92e-09 | MLM: 2.1986 | CTC: 1.4548
Step 31600/1000000 | Loss: 3.4459 | LR: 4.93e-09 | MLM: 2.1460 | CTC: 1.2999
Step 31700/1000000 | Loss: 2.4710 | LR: 4.95e-09 | MLM: 1.7382 | CTC: 0.7328
Step 31800/1000000 | Loss: 4.4283 | LR: 4.96e-09 | MLM: 2.6466 | CTC: 1.7817
Step 31900/1000000 | Loss: 3.6321 | LR: 4.98e-09 | MLM: 2.0458 | CTC: 1.5863
Step 32000/1000000 | Loss: 3.5602 | LR: 5.00e-09 | MLM: 2.2027 | CTC: 1.3575
Step 32100/1000000 | Loss: 3.3156 | LR: 5.01e-09 | MLM: 2.2755 | CTC: 1.0401
Step 32200/1000000 | Loss: 3.7386 | LR: 5.03e-09 | MLM: 2.1490 | CTC: 1.5896
Step 32300/1000000 | Loss: 3.1718 | LR: 5.04e-09 | MLM: 2.1964 | CTC: 0.9755
Step 32400/1000000 | Loss: 3.5389 | LR: 5.06e-09 | MLM: 2.1754 | CTC: 1.3635
Step 32500/1000000 | Loss: 2.4791 | LR: 5.07e-09 | MLM: 1.6743 | CTC: 0.8048
Step 32600/1000000 | Loss: 3.8379 | LR: 5.09e-09 | MLM: 2.4442 | CTC: 1.3938
Step 32700/1000000 | Loss: 2.8978 | LR: 5.10e-09 | MLM: 1.9611 | CTC: 0.9367
Step 32800/1000000 | Loss: 3.1663 | LR: 5.12e-09 | MLM: 2.0127 | CTC: 1.1535
Step 32900/1000000 | Loss: 3.1498 | LR: 5.14e-09 | MLM: 2.0617 | CTC: 1.0881
Step 33000/1000000 | Loss: 2.7280 | LR: 5.15e-09 | MLM: 1.7524 | CTC: 0.9756
Step 33100/1000000 | Loss: 2.7737 | LR: 5.17e-09 | MLM: 1.8151 | CTC: 0.9587
Step 33200/1000000 | Loss: 2.2091 | LR: 5.18e-09 | MLM: 1.5812 | CTC: 0.6278
Step 33300/1000000 | Loss: 3.6346 | LR: 5.20e-09 | MLM: 2.1832 | CTC: 1.4514
Step 33400/1000000 | Loss: 1.9378 | LR: 5.21e-09 | MLM: 1.3337 | CTC: 0.6041
Step 33500/1000000 | Loss: 3.8675 | LR: 5.23e-09 | MLM: 2.2902 | CTC: 1.5773
Step 33600/1000000 | Loss: 2.5732 | LR: 5.25e-09 | MLM: 1.5694 | CTC: 1.0038
Step 33700/1000000 | Loss: 2.7063 | LR: 5.26e-09 | MLM: 1.9965 | CTC: 0.7098
Step 33800/1000000 | Loss: 1.9333 | LR: 5.28e-09 | MLM: 1.2735 | CTC: 0.6598
Step 33900/1000000 | Loss: 3.0615 | LR: 5.29e-09 | MLM: 2.1265 | CTC: 0.9350
Step 34000/1000000 | Loss: 3.0244 | LR: 5.31e-09 | MLM: 1.7969 | CTC: 1.2274
Step 34100/1000000 | Loss: 2.6128 | LR: 5.32e-09 | MLM: 1.8320 | CTC: 0.7808
Step 34200/1000000 | Loss: 2.9462 | LR: 5.34e-09 | MLM: 1.9638 | CTC: 0.9824
Step 34300/1000000 | Loss: 3.8585 | LR: 5.35e-09 | MLM: 2.2008 | CTC: 1.6576
Step 34400/1000000 | Loss: 2.6411 | LR: 5.37e-09 | MLM: 1.6764 | CTC: 0.9647
Step 34500/1000000 | Loss: 3.6635 | LR: 5.39e-09 | MLM: 2.2584 | CTC: 1.4052
Step 34600/1000000 | Loss: 2.6206 | LR: 5.40e-09 | MLM: 1.7946 | CTC: 0.8260
Step 34700/1000000 | Loss: 3.3094 | LR: 5.42e-09 | MLM: 2.1557 | CTC: 1.1537
Step 34800/1000000 | Loss: 2.6063 | LR: 5.43e-09 | MLM: 1.5778 | CTC: 1.0285
Step 34900/1000000 | Loss: 2.4198 | LR: 5.45e-09 | MLM: 1.6898 | CTC: 0.7300
Step 35000/1000000 | Loss: 2.8693 | LR: 5.46e-09 | MLM: 1.6381 | CTC: 1.2312
✓ Saved checkpoint to checkpoint_step_35000.t7
Step 35100/1000000 | Loss: 2.0926 | LR: 5.48e-09 | MLM: 1.4095 | CTC: 0.6831
Step 35200/1000000 | Loss: 3.0972 | LR: 5.50e-09 | MLM: 1.9223 | CTC: 1.1749
Step 35300/1000000 | Loss: 2.8178 | LR: 5.51e-09 | MLM: 1.8909 | CTC: 0.9270
Step 35400/1000000 | Loss: 3.2690 | LR: 5.53e-09 | MLM: 2.1947 | CTC: 1.0743
Step 35500/1000000 | Loss: 2.9275 | LR: 5.54e-09 | MLM: 1.9206 | CTC: 1.0070
Step 35600/1000000 | Loss: 2.9314 | LR: 5.56e-09 | MLM: 1.9595 | CTC: 0.9719
Step 35700/1000000 | Loss: 2.6467 | LR: 5.57e-09 | MLM: 1.6696 | CTC: 0.9771
Step 35800/1000000 | Loss: 3.1742 | LR: 5.59e-09 | MLM: 2.0201 | CTC: 1.1541
Step 35900/1000000 | Loss: 2.5845 | LR: 5.60e-09 | MLM: 1.6341 | CTC: 0.9504
Step 36000/1000000 | Loss: 2.2165 | LR: 5.62e-09 | MLM: 1.4700 | CTC: 0.7464
Step 36100/1000000 | Loss: 2.1686 | LR: 5.64e-09 | MLM: 1.2957 | CTC: 0.8729
Step 36200/1000000 | Loss: 3.3910 | LR: 5.65e-09 | MLM: 2.1836 | CTC: 1.2073
Step 36300/1000000 | Loss: 1.9859 | LR: 5.67e-09 | MLM: 1.3249 | CTC: 0.6610
Step 36400/1000000 | Loss: 2.7378 | LR: 5.68e-09 | MLM: 1.8115 | CTC: 0.9263
Step 36500/1000000 | Loss: 2.9014 | LR: 5.70e-09 | MLM: 1.6895 | CTC: 1.2119
Step 36600/1000000 | Loss: 2.2623 | LR: 5.71e-09 | MLM: 1.5307 | CTC: 0.7316
Step 36700/1000000 | Loss: 3.2078 | LR: 5.73e-09 | MLM: 2.0316 | CTC: 1.1762
Step 36800/1000000 | Loss: 2.7925 | LR: 5.75e-09 | MLM: 1.7784 | CTC: 1.0141
Step 36900/1000000 | Loss: 1.8843 | LR: 5.76e-09 | MLM: 1.2821 | CTC: 0.6021
Step 37000/1000000 | Loss: 2.9893 | LR: 5.78e-09 | MLM: 1.8263 | CTC: 1.1630
Step 37100/1000000 | Loss: 2.7275 | LR: 5.79e-09 | MLM: 1.6965 | CTC: 1.0310
Step 37200/1000000 | Loss: 3.0814 | LR: 5.81e-09 | MLM: 2.0392 | CTC: 1.0422
Step 37300/1000000 | Loss: 3.0217 | LR: 5.82e-09 | MLM: 2.1063 | CTC: 0.9154
Step 37400/1000000 | Loss: 3.2654 | LR: 5.84e-09 | MLM: 2.0623 | CTC: 1.2031
Step 37500/1000000 | Loss: 3.3779 | LR: 5.85e-09 | MLM: 2.1633 | CTC: 1.2145
Step 37600/1000000 | Loss: 2.8686 | LR: 5.87e-09 | MLM: 1.7880 | CTC: 1.0806
Step 37700/1000000 | Loss: 3.3938 | LR: 5.89e-09 | MLM: 1.9171 | CTC: 1.4767
Step 37800/1000000 | Loss: 2.7314 | LR: 5.90e-09 | MLM: 1.8141 | CTC: 0.9173
Step 37900/1000000 | Loss: 2.3204 | LR: 5.92e-09 | MLM: 1.5325 | CTC: 0.7879
Step 38000/1000000 | Loss: 2.8077 | LR: 5.93e-09 | MLM: 1.8371 | CTC: 0.9706
Step 38100/1000000 | Loss: 3.3661 | LR: 5.95e-09 | MLM: 2.2077 | CTC: 1.1584
Step 38200/1000000 | Loss: 1.8254 | LR: 5.96e-09 | MLM: 1.2530 | CTC: 0.5724
Step 38300/1000000 | Loss: 2.2043 | LR: 5.98e-09 | MLM: 1.5203 | CTC: 0.6839
Step 38400/1000000 | Loss: 1.9528 | LR: 6.00e-09 | MLM: 1.5114 | CTC: 0.4414
Step 38500/1000000 | Loss: 3.0539 | LR: 6.01e-09 | MLM: 2.0186 | CTC: 1.0354
Step 38600/1000000 | Loss: 2.4464 | LR: 6.03e-09 | MLM: 1.6082 | CTC: 0.8382
Step 38700/1000000 | Loss: 3.5401 | LR: 6.04e-09 | MLM: 2.1575 | CTC: 1.3827
Step 38800/1000000 | Loss: 3.0664 | LR: 6.06e-09 | MLM: 1.8195 | CTC: 1.2469
Step 38900/1000000 | Loss: 2.6103 | LR: 6.07e-09 | MLM: 1.6746 | CTC: 0.9357
Step 39000/1000000 | Loss: 2.9171 | LR: 6.09e-09 | MLM: 1.8068 | CTC: 1.1103
Step 39100/1000000 | Loss: 2.6712 | LR: 6.10e-09 | MLM: 1.6999 | CTC: 0.9712
Step 39200/1000000 | Loss: 2.3162 | LR: 6.12e-09 | MLM: 1.5080 | CTC: 0.8082
Step 39300/1000000 | Loss: 2.9763 | LR: 6.14e-09 | MLM: 1.8917 | CTC: 1.0846
Step 39400/1000000 | Loss: 3.0925 | LR: 6.15e-09 | MLM: 1.9508 | CTC: 1.1418
Step 39500/1000000 | Loss: 2.5400 | LR: 6.17e-09 | MLM: 1.7991 | CTC: 0.7410
Step 39600/1000000 | Loss: 3.4672 | LR: 6.18e-09 | MLM: 2.1487 | CTC: 1.3185
Step 39700/1000000 | Loss: 3.1697 | LR: 6.20e-09 | MLM: 1.9448 | CTC: 1.2248
Step 39800/1000000 | Loss: 2.0458 | LR: 6.21e-09 | MLM: 1.4384 | CTC: 0.6074
Step 39900/1000000 | Loss: 1.7993 | LR: 6.23e-09 | MLM: 1.3297 | CTC: 0.4696
Step 40000/1000000 | Loss: 3.6128 | LR: 6.25e-09 | MLM: 2.3273 | CTC: 1.2855
✓ Saved checkpoint to checkpoint_step_40000.t7
Step 40100/1000000 | Loss: 3.2522 | LR: 6.26e-09 | MLM: 2.0825 | CTC: 1.1697
Step 40200/1000000 | Loss: 2.0053 | LR: 6.28e-09 | MLM: 1.3708 | CTC: 0.6345
Step 40300/1000000 | Loss: 3.3906 | LR: 6.29e-09 | MLM: 2.1110 | CTC: 1.2796
Step 40400/1000000 | Loss: 2.4780 | LR: 6.31e-09 | MLM: 1.5390 | CTC: 0.9390
Step 40500/1000000 | Loss: 2.9384 | LR: 6.32e-09 | MLM: 1.8542 | CTC: 1.0843
Step 40600/1000000 | Loss: 3.1683 | LR: 6.34e-09 | MLM: 2.0104 | CTC: 1.1579
Step 40700/1000000 | Loss: 2.3153 | LR: 6.35e-09 | MLM: 1.3601 | CTC: 0.9552
Step 40800/1000000 | Loss: 3.1775 | LR: 6.37e-09 | MLM: 1.9464 | CTC: 1.2311
Step 40900/1000000 | Loss: 2.3197 | LR: 6.39e-09 | MLM: 1.6063 | CTC: 0.7134
Step 41000/1000000 | Loss: 2.0532 | LR: 6.40e-09 | MLM: 1.4847 | CTC: 0.5685
Step 41100/1000000 | Loss: 2.3584 | LR: 6.42e-09 | MLM: 1.5979 | CTC: 0.7605
Step 41200/1000000 | Loss: 2.8567 | LR: 6.43e-09 | MLM: 2.0209 | CTC: 0.8358
Step 41300/1000000 | Loss: 2.1437 | LR: 6.45e-09 | MLM: 1.4608 | CTC: 0.6829
Step 41400/1000000 | Loss: 2.7856 | LR: 6.46e-09 | MLM: 1.8282 | CTC: 0.9574
Step 41500/1000000 | Loss: 2.2795 | LR: 6.48e-09 | MLM: 1.5843 | CTC: 0.6952
Step 41600/1000000 | Loss: 2.4063 | LR: 6.50e-09 | MLM: 1.6338 | CTC: 0.7725
Step 41700/1000000 | Loss: 2.4350 | LR: 6.51e-09 | MLM: 1.7453 | CTC: 0.6897
Step 41800/1000000 | Loss: 2.1934 | LR: 6.53e-09 | MLM: 1.4423 | CTC: 0.7511
Step 41900/1000000 | Loss: 3.1545 | LR: 6.54e-09 | MLM: 2.1632 | CTC: 0.9913
Step 42000/1000000 | Loss: 3.1404 | LR: 6.56e-09 | MLM: 1.8521 | CTC: 1.2883
Step 42100/1000000 | Loss: 2.2429 | LR: 6.57e-09 | MLM: 1.5400 | CTC: 0.7029
Step 42200/1000000 | Loss: 3.2366 | LR: 6.59e-09 | MLM: 2.0266 | CTC: 1.2101
Step 42300/1000000 | Loss: 2.6164 | LR: 6.60e-09 | MLM: 1.8171 | CTC: 0.7993
Step 42400/1000000 | Loss: 2.0812 | LR: 6.62e-09 | MLM: 1.3362 | CTC: 0.7450
Step 42500/1000000 | Loss: 2.3783 | LR: 6.64e-09 | MLM: 1.5923 | CTC: 0.7861
Step 42600/1000000 | Loss: 3.0810 | LR: 6.65e-09 | MLM: 2.0391 | CTC: 1.0419
Step 42700/1000000 | Loss: 2.6972 | LR: 6.67e-09 | MLM: 1.6978 | CTC: 0.9994
Step 42800/1000000 | Loss: 1.6767 | LR: 6.68e-09 | MLM: 1.0368 | CTC: 0.6399
Step 42900/1000000 | Loss: 3.1419 | LR: 6.70e-09 | MLM: 1.7391 | CTC: 1.4028
Step 43000/1000000 | Loss: 2.6444 | LR: 6.71e-09 | MLM: 1.8218 | CTC: 0.8226
Step 43100/1000000 | Loss: 3.3503 | LR: 6.73e-09 | MLM: 2.0202 | CTC: 1.3301
Step 43200/1000000 | Loss: 3.3100 | LR: 6.75e-09 | MLM: 2.1383 | CTC: 1.1716
Step 43300/1000000 | Loss: 2.8765 | LR: 6.76e-09 | MLM: 1.9097 | CTC: 0.9667
Step 43400/1000000 | Loss: 3.3271 | LR: 6.78e-09 | MLM: 2.2461 | CTC: 1.0809
Step 43500/1000000 | Loss: 2.8184 | LR: 6.79e-09 | MLM: 1.7486 | CTC: 1.0697
Step 43600/1000000 | Loss: 2.7050 | LR: 6.81e-09 | MLM: 1.6127 | CTC: 1.0923
Step 43700/1000000 | Loss: 2.8005 | LR: 6.82e-09 | MLM: 1.9224 | CTC: 0.8781
Step 43800/1000000 | Loss: 3.1871 | LR: 6.84e-09 | MLM: 1.9893 | CTC: 1.1978
Step 43900/1000000 | Loss: 1.9954 | LR: 6.85e-09 | MLM: 1.4611 | CTC: 0.5344
Step 44000/1000000 | Loss: 2.7167 | LR: 6.87e-09 | MLM: 1.8760 | CTC: 0.8407
Step 44100/1000000 | Loss: 2.4511 | LR: 6.89e-09 | MLM: 1.7044 | CTC: 0.7467
Step 44200/1000000 | Loss: 2.2638 | LR: 6.90e-09 | MLM: 1.5699 | CTC: 0.6939
Step 44300/1000000 | Loss: 2.4713 | LR: 6.92e-09 | MLM: 1.6744 | CTC: 0.7969
Step 44400/1000000 | Loss: 3.1278 | LR: 6.93e-09 | MLM: 1.9498 | CTC: 1.1780
Step 44500/1000000 | Loss: 2.7835 | LR: 6.95e-09 | MLM: 1.7391 | CTC: 1.0444
Step 44600/1000000 | Loss: 3.2069 | LR: 6.96e-09 | MLM: 1.9655 | CTC: 1.2414
Step 44700/1000000 | Loss: 3.3028 | LR: 6.98e-09 | MLM: 1.9780 | CTC: 1.3248
Step 44800/1000000 | Loss: 2.7458 | LR: 7.00e-09 | MLM: 1.7937 | CTC: 0.9521
Step 44900/1000000 | Loss: 3.0603 | LR: 7.01e-09 | MLM: 2.0200 | CTC: 1.0403
Step 45000/1000000 | Loss: 1.5641 | LR: 7.03e-09 | MLM: 1.1420 | CTC: 0.4221
✓ Saved checkpoint to checkpoint_step_45000.t7
Step 45100/1000000 | Loss: 2.4326 | LR: 7.04e-09 | MLM: 1.7280 | CTC: 0.7046
Step 45200/1000000 | Loss: 3.3815 | LR: 7.06e-09 | MLM: 2.0751 | CTC: 1.3063
Step 45300/1000000 | Loss: 2.6951 | LR: 7.07e-09 | MLM: 1.7684 | CTC: 0.9267
Step 45400/1000000 | Loss: 2.8166 | LR: 7.09e-09 | MLM: 1.9228 | CTC: 0.8938
Step 45500/1000000 | Loss: 3.2855 | LR: 7.10e-09 | MLM: 2.1030 | CTC: 1.1825
Step 45600/1000000 | Loss: 2.8323 | LR: 7.12e-09 | MLM: 1.9054 | CTC: 0.9269
Step 45700/1000000 | Loss: 2.3953 | LR: 7.14e-09 | MLM: 1.6259 | CTC: 0.7693
Step 45800/1000000 | Loss: 2.8082 | LR: 7.15e-09 | MLM: 1.8872 | CTC: 0.9210
Step 45900/1000000 | Loss: 2.7848 | LR: 7.17e-09 | MLM: 1.8338 | CTC: 0.9510
Step 46000/1000000 | Loss: 2.2619 | LR: 7.18e-09 | MLM: 1.4487 | CTC: 0.8132
Step 46100/1000000 | Loss: 3.7211 | LR: 7.20e-09 | MLM: 2.2241 | CTC: 1.4969
Step 46200/1000000 | Loss: 2.1622 | LR: 7.21e-09 | MLM: 1.5221 | CTC: 0.6401
Step 46300/1000000 | Loss: 3.3587 | LR: 7.23e-09 | MLM: 2.0563 | CTC: 1.3024
Step 46400/1000000 | Loss: 2.1645 | LR: 7.25e-09 | MLM: 1.3499 | CTC: 0.8147
Step 46500/1000000 | Loss: 2.0487 | LR: 7.26e-09 | MLM: 1.3974 | CTC: 0.6513
Step 46600/1000000 | Loss: 1.6209 | LR: 7.28e-09 | MLM: 1.0995 | CTC: 0.5214
Step 46700/1000000 | Loss: 3.5870 | LR: 7.29e-09 | MLM: 2.3740 | CTC: 1.2130
Step 46800/1000000 | Loss: 2.3785 | LR: 7.31e-09 | MLM: 1.6434 | CTC: 0.7351
Step 46900/1000000 | Loss: 2.2048 | LR: 7.32e-09 | MLM: 1.3656 | CTC: 0.8392
Step 47000/1000000 | Loss: 3.3752 | LR: 7.34e-09 | MLM: 2.1059 | CTC: 1.2692
Step 47100/1000000 | Loss: 2.1639 | LR: 7.35e-09 | MLM: 1.3689 | CTC: 0.7950
Step 47200/1000000 | Loss: 2.8970 | LR: 7.37e-09 | MLM: 1.8972 | CTC: 0.9998
Step 47300/1000000 | Loss: 2.8143 | LR: 7.39e-09 | MLM: 1.8371 | CTC: 0.9772
Step 47400/1000000 | Loss: 2.4231 | LR: 7.40e-09 | MLM: 1.6343 | CTC: 0.7887
Step 47500/1000000 | Loss: 2.4490 | LR: 7.42e-09 | MLM: 1.6621 | CTC: 0.7869
Step 47600/1000000 | Loss: 2.0316 | LR: 7.43e-09 | MLM: 1.3961 | CTC: 0.6354
Step 47700/1000000 | Loss: 1.1919 | LR: 7.45e-09 | MLM: 0.7840 | CTC: 0.4078
Step 47800/1000000 | Loss: 2.5743 | LR: 7.46e-09 | MLM: 1.6817 | CTC: 0.8926
Step 47900/1000000 | Loss: 2.7539 | LR: 7.48e-09 | MLM: 1.8884 | CTC: 0.8655
Step 48000/1000000 | Loss: 2.6878 | LR: 7.50e-09 | MLM: 1.8003 | CTC: 0.8875
Step 48100/1000000 | Loss: 2.8822 | LR: 7.51e-09 | MLM: 1.8457 | CTC: 1.0365
Step 48200/1000000 | Loss: 3.4081 | LR: 7.53e-09 | MLM: 2.1837 | CTC: 1.2245
Step 48300/1000000 | Loss: 3.2406 | LR: 7.54e-09 | MLM: 1.6640 | CTC: 1.5765
Step 48400/1000000 | Loss: 1.6962 | LR: 7.56e-09 | MLM: 1.2388 | CTC: 0.4574
Step 48500/1000000 | Loss: 2.8038 | LR: 7.57e-09 | MLM: 1.9739 | CTC: 0.8300
Step 48600/1000000 | Loss: 2.8091 | LR: 7.59e-09 | MLM: 1.8356 | CTC: 0.9735
Step 48700/1000000 | Loss: 2.3174 | LR: 7.60e-09 | MLM: 1.5902 | CTC: 0.7272
Step 48800/1000000 | Loss: 1.7320 | LR: 7.62e-09 | MLM: 1.0928 | CTC: 0.6392
Step 48900/1000000 | Loss: 2.8360 | LR: 7.64e-09 | MLM: 1.6470 | CTC: 1.1890
Step 49000/1000000 | Loss: 1.6518 | LR: 7.65e-09 | MLM: 1.1132 | CTC: 0.5386
Step 49100/1000000 | Loss: 3.4620 | LR: 7.67e-09 | MLM: 2.1427 | CTC: 1.3193
Step 49200/1000000 | Loss: 3.1858 | LR: 7.68e-09 | MLM: 1.7490 | CTC: 1.4369
Step 49300/1000000 | Loss: 2.2858 | LR: 7.70e-09 | MLM: 1.6603 | CTC: 0.6254
Step 49400/1000000 | Loss: 2.8916 | LR: 7.71e-09 | MLM: 1.9917 | CTC: 0.8999
Step 49500/1000000 | Loss: 2.3778 | LR: 7.73e-09 | MLM: 1.5600 | CTC: 0.8178
Step 49600/1000000 | Loss: 2.9954 | LR: 7.75e-09 | MLM: 1.8779 | CTC: 1.1175
Step 49700/1000000 | Loss: 2.6263 | LR: 7.76e-09 | MLM: 1.5560 | CTC: 1.0703
Step 49800/1000000 | Loss: 1.2479 | LR: 7.78e-09 | MLM: 0.8268 | CTC: 0.4211
Step 49900/1000000 | Loss: 1.6995 | LR: 7.79e-09 | MLM: 1.2354 | CTC: 0.4641
Step 50000/1000000 | Loss: 3.1625 | LR: 7.81e-09 | MLM: 1.9443 | CTC: 1.2183
✓ Saved checkpoint to checkpoint_step_50000.t7
Step 50100/1000000 | Loss: 2.5729 | LR: 7.82e-09 | MLM: 1.7191 | CTC: 0.8537
Step 50200/1000000 | Loss: 2.2784 | LR: 7.84e-09 | MLM: 1.4450 | CTC: 0.8334
Step 50300/1000000 | Loss: 2.0040 | LR: 7.85e-09 | MLM: 1.3086 | CTC: 0.6954
Step 50400/1000000 | Loss: 2.0442 | LR: 7.87e-09 | MLM: 1.4616 | CTC: 0.5826
Step 50500/1000000 | Loss: 2.4595 | LR: 7.89e-09 | MLM: 1.6043 | CTC: 0.8552
Step 50600/1000000 | Loss: 1.9352 | LR: 7.90e-09 | MLM: 1.3448 | CTC: 0.5903
Step 50700/1000000 | Loss: 1.9426 | LR: 7.92e-09 | MLM: 1.2582 | CTC: 0.6844
Step 50800/1000000 | Loss: 2.4181 | LR: 7.93e-09 | MLM: 1.7301 | CTC: 0.6880
Step 50900/1000000 | Loss: 2.5825 | LR: 7.95e-09 | MLM: 1.4585 | CTC: 1.1240
Step 51000/1000000 | Loss: 2.6104 | LR: 7.96e-09 | MLM: 1.8346 | CTC: 0.7758
Step 51100/1000000 | Loss: 2.1562 | LR: 7.98e-09 | MLM: 1.4055 | CTC: 0.7507
Step 51200/1000000 | Loss: 2.9150 | LR: 8.00e-09 | MLM: 2.0472 | CTC: 0.8677
Step 51300/1000000 | Loss: 1.9917 | LR: 8.01e-09 | MLM: 1.3590 | CTC: 0.6327
Step 51400/1000000 | Loss: 2.6867 | LR: 8.03e-09 | MLM: 1.7310 | CTC: 0.9557
Step 51500/1000000 | Loss: 3.2287 | LR: 8.04e-09 | MLM: 2.2041 | CTC: 1.0247
Step 51600/1000000 | Loss: 2.6274 | LR: 8.06e-09 | MLM: 1.8146 | CTC: 0.8128
Step 51700/1000000 | Loss: 2.2710 | LR: 8.07e-09 | MLM: 1.3833 | CTC: 0.8877
Step 51800/1000000 | Loss: 1.7510 | LR: 8.09e-09 | MLM: 1.2249 | CTC: 0.5261
Step 51900/1000000 | Loss: 2.0907 | LR: 8.10e-09 | MLM: 1.4443 | CTC: 0.6464
Step 52000/1000000 | Loss: 2.1596 | LR: 8.12e-09 | MLM: 1.4690 | CTC: 0.6906
Step 52100/1000000 | Loss: 2.6585 | LR: 8.14e-09 | MLM: 1.7540 | CTC: 0.9045
Step 52200/1000000 | Loss: 1.4246 | LR: 8.15e-09 | MLM: 1.0404 | CTC: 0.3842
Step 52300/1000000 | Loss: 1.6865 | LR: 8.17e-09 | MLM: 1.2498 | CTC: 0.4366
Step 52400/1000000 | Loss: 2.3440 | LR: 8.18e-09 | MLM: 1.6689 | CTC: 0.6750
Step 52500/1000000 | Loss: 3.0642 | LR: 8.20e-09 | MLM: 1.8591 | CTC: 1.2051
Step 52600/1000000 | Loss: 3.0265 | LR: 8.21e-09 | MLM: 2.0871 | CTC: 0.9394
Step 52700/1000000 | Loss: 2.5336 | LR: 8.23e-09 | MLM: 1.7709 | CTC: 0.7627
Step 52800/1000000 | Loss: 2.7704 | LR: 8.25e-09 | MLM: 1.9075 | CTC: 0.8629
Step 52900/1000000 | Loss: 2.8276 | LR: 8.26e-09 | MLM: 1.8851 | CTC: 0.9425
Step 53000/1000000 | Loss: 2.5875 | LR: 8.28e-09 | MLM: 1.8409 | CTC: 0.7466
Step 53100/1000000 | Loss: 2.3723 | LR: 8.29e-09 | MLM: 1.6975 | CTC: 0.6749
Step 53200/1000000 | Loss: 2.3177 | LR: 8.31e-09 | MLM: 1.5840 | CTC: 0.7336
Step 53300/1000000 | Loss: 2.2020 | LR: 8.32e-09 | MLM: 1.4138 | CTC: 0.7882
Step 53400/1000000 | Loss: 2.9345 | LR: 8.34e-09 | MLM: 1.6556 | CTC: 1.2790
Step 53500/1000000 | Loss: 0.7874 | LR: 8.35e-09 | MLM: 0.5872 | CTC: 0.2002
Step 53600/1000000 | Loss: 1.6229 | LR: 8.37e-09 | MLM: 1.0136 | CTC: 0.6092
Step 53700/1000000 | Loss: 3.0119 | LR: 8.39e-09 | MLM: 1.9752 | CTC: 1.0366
Step 53800/1000000 | Loss: 2.4925 | LR: 8.40e-09 | MLM: 1.8437 | CTC: 0.6488
Step 53900/1000000 | Loss: 1.7615 | LR: 8.42e-09 | MLM: 1.1409 | CTC: 0.6207
Step 54000/1000000 | Loss: 2.7064 | LR: 8.43e-09 | MLM: 1.8514 | CTC: 0.8551
Step 54100/1000000 | Loss: 2.2292 | LR: 8.45e-09 | MLM: 1.6073 | CTC: 0.6219
Step 54200/1000000 | Loss: 2.7876 | LR: 8.46e-09 | MLM: 1.9196 | CTC: 0.8680
Step 54300/1000000 | Loss: 2.6708 | LR: 8.48e-09 | MLM: 1.6881 | CTC: 0.9827
Step 54400/1000000 | Loss: 3.0416 | LR: 8.50e-09 | MLM: 2.0448 | CTC: 0.9968
Step 54500/1000000 | Loss: 2.3088 | LR: 8.51e-09 | MLM: 1.7098 | CTC: 0.5990
Step 54600/1000000 | Loss: 2.2143 | LR: 8.53e-09 | MLM: 1.4321 | CTC: 0.7822
Step 54700/1000000 | Loss: 1.2904 | LR: 8.54e-09 | MLM: 0.8653 | CTC: 0.4251
Step 54800/1000000 | Loss: 2.0424 | LR: 8.56e-09 | MLM: 1.3519 | CTC: 0.6905
Step 54900/1000000 | Loss: 2.5879 | LR: 8.57e-09 | MLM: 1.7310 | CTC: 0.8568
Step 55000/1000000 | Loss: 2.0608 | LR: 8.59e-09 | MLM: 1.4349 | CTC: 0.6259
✓ Saved checkpoint to checkpoint_step_55000.t7
Step 55100/1000000 | Loss: 2.7772 | LR: 8.60e-09 | MLM: 2.1268 | CTC: 0.6504
Step 55200/1000000 | Loss: 2.4410 | LR: 8.62e-09 | MLM: 1.6938 | CTC: 0.7472
Step 55300/1000000 | Loss: 2.5174 | LR: 8.64e-09 | MLM: 1.7761 | CTC: 0.7413
Step 55400/1000000 | Loss: 2.3695 | LR: 8.65e-09 | MLM: 1.6253 | CTC: 0.7441
Step 55500/1000000 | Loss: 2.3409 | LR: 8.67e-09 | MLM: 1.5976 | CTC: 0.7433
Step 55600/1000000 | Loss: 2.7590 | LR: 8.68e-09 | MLM: 1.8638 | CTC: 0.8952
Step 55700/1000000 | Loss: 1.9842 | LR: 8.70e-09 | MLM: 1.2620 | CTC: 0.7222
Step 55800/1000000 | Loss: 2.3082 | LR: 8.71e-09 | MLM: 1.5428 | CTC: 0.7654
Step 55900/1000000 | Loss: 3.0400 | LR: 8.73e-09 | MLM: 2.0573 | CTC: 0.9827
Step 56000/1000000 | Loss: 1.5426 | LR: 8.75e-09 | MLM: 1.0120 | CTC: 0.5306
Step 56100/1000000 | Loss: 1.7817 | LR: 8.76e-09 | MLM: 1.1665 | CTC: 0.6153
Step 56200/1000000 | Loss: 2.4240 | LR: 8.78e-09 | MLM: 1.6331 | CTC: 0.7909
Step 56300/1000000 | Loss: 2.1066 | LR: 8.79e-09 | MLM: 1.3112 | CTC: 0.7954
Step 56400/1000000 | Loss: 1.8905 | LR: 8.81e-09 | MLM: 1.3660 | CTC: 0.5245
Step 56500/1000000 | Loss: 2.1892 | LR: 8.82e-09 | MLM: 1.6303 | CTC: 0.5590
Step 56600/1000000 | Loss: 1.5374 | LR: 8.84e-09 | MLM: 1.0027 | CTC: 0.5347
Step 56700/1000000 | Loss: 3.0876 | LR: 8.85e-09 | MLM: 2.0394 | CTC: 1.0483
Step 56800/1000000 | Loss: 2.0687 | LR: 8.87e-09 | MLM: 1.4398 | CTC: 0.6289
Step 56900/1000000 | Loss: 2.9200 | LR: 8.89e-09 | MLM: 1.9119 | CTC: 1.0081
Step 57000/1000000 | Loss: 2.9362 | LR: 8.90e-09 | MLM: 1.9705 | CTC: 0.9657
Step 57100/1000000 | Loss: 2.2081 | LR: 8.92e-09 | MLM: 1.5516 | CTC: 0.6564
Step 57200/1000000 | Loss: 1.3846 | LR: 8.93e-09 | MLM: 0.8563 | CTC: 0.5283
Step 57300/1000000 | Loss: 2.7252 | LR: 8.95e-09 | MLM: 1.8206 | CTC: 0.9046
Step 57400/1000000 | Loss: 3.1458 | LR: 8.96e-09 | MLM: 2.0446 | CTC: 1.1012
Step 57500/1000000 | Loss: 2.5621 | LR: 8.98e-09 | MLM: 1.8196 | CTC: 0.7425
Step 57600/1000000 | Loss: 2.3960 | LR: 9.00e-09 | MLM: 1.5444 | CTC: 0.8516
Step 57700/1000000 | Loss: 2.5592 | LR: 9.01e-09 | MLM: 1.5857 | CTC: 0.9734
Step 57800/1000000 | Loss: 2.1968 | LR: 9.03e-09 | MLM: 1.5020 | CTC: 0.6948
Step 57900/1000000 | Loss: 2.2589 | LR: 9.04e-09 | MLM: 1.4333 | CTC: 0.8256
Step 58000/1000000 | Loss: 1.6051 | LR: 9.06e-09 | MLM: 1.1586 | CTC: 0.4465
Step 58100/1000000 | Loss: 2.2207 | LR: 9.07e-09 | MLM: 1.5313 | CTC: 0.6894
Step 58200/1000000 | Loss: 2.4200 | LR: 9.09e-09 | MLM: 1.7889 | CTC: 0.6311
Step 58300/1000000 | Loss: 1.4868 | LR: 9.10e-09 | MLM: 0.9842 | CTC: 0.5026
Step 58400/1000000 | Loss: 2.7955 | LR: 9.12e-09 | MLM: 1.8328 | CTC: 0.9627
Step 58500/1000000 | Loss: 1.5155 | LR: 9.14e-09 | MLM: 1.0873 | CTC: 0.4283
Step 58600/1000000 | Loss: 2.2241 | LR: 9.15e-09 | MLM: 1.4778 | CTC: 0.7463
Step 58700/1000000 | Loss: 1.9989 | LR: 9.17e-09 | MLM: 1.4149 | CTC: 0.5840
Step 58800/1000000 | Loss: 1.5079 | LR: 9.18e-09 | MLM: 1.0688 | CTC: 0.4391
Step 58900/1000000 | Loss: 2.1738 | LR: 9.20e-09 | MLM: 1.5162 | CTC: 0.6577
Step 59000/1000000 | Loss: 1.2645 | LR: 9.21e-09 | MLM: 0.9438 | CTC: 0.3208
Step 59100/1000000 | Loss: 2.5987 | LR: 9.23e-09 | MLM: 1.8184 | CTC: 0.7803
Step 59200/1000000 | Loss: 2.1496 | LR: 9.25e-09 | MLM: 1.6326 | CTC: 0.5169
Step 59300/1000000 | Loss: 2.3516 | LR: 9.26e-09 | MLM: 1.6331 | CTC: 0.7185
Step 59400/1000000 | Loss: 2.5119 | LR: 9.28e-09 | MLM: 1.7963 | CTC: 0.7156
Step 59500/1000000 | Loss: 2.8657 | LR: 9.29e-09 | MLM: 2.0131 | CTC: 0.8525
Step 59600/1000000 | Loss: 2.4806 | LR: 9.31e-09 | MLM: 1.7725 | CTC: 0.7081
Step 59700/1000000 | Loss: 2.8965 | LR: 9.32e-09 | MLM: 1.7829 | CTC: 1.1136
Step 59800/1000000 | Loss: 2.3801 | LR: 9.34e-09 | MLM: 1.7838 | CTC: 0.5964
Step 59900/1000000 | Loss: 2.6703 | LR: 9.35e-09 | MLM: 1.8769 | CTC: 0.7934
Step 60000/1000000 | Loss: 2.3378 | LR: 9.37e-09 | MLM: 1.5359 | CTC: 0.8018
✓ Saved checkpoint to checkpoint_step_60000.t7
Step 60100/1000000 | Loss: 2.9173 | LR: 9.39e-09 | MLM: 1.9541 | CTC: 0.9632
Step 60200/1000000 | Loss: 2.3283 | LR: 9.40e-09 | MLM: 1.5252 | CTC: 0.8031
Step 60300/1000000 | Loss: 1.6937 | LR: 9.42e-09 | MLM: 1.2034 | CTC: 0.4903
Step 60400/1000000 | Loss: 2.9521 | LR: 9.43e-09 | MLM: 1.9791 | CTC: 0.9730
Step 60500/1000000 | Loss: 2.3916 | LR: 9.45e-09 | MLM: 1.6969 | CTC: 0.6947
Step 60600/1000000 | Loss: 3.1093 | LR: 9.46e-09 | MLM: 2.1791 | CTC: 0.9302
Step 60700/1000000 | Loss: 2.8898 | LR: 9.48e-09 | MLM: 1.9971 | CTC: 0.8927
Step 60800/1000000 | Loss: 2.7032 | LR: 9.50e-09 | MLM: 1.8661 | CTC: 0.8371
Step 60900/1000000 | Loss: 1.5008 | LR: 9.51e-09 | MLM: 0.9494 | CTC: 0.5515
Step 61000/1000000 | Loss: 2.4271 | LR: 9.53e-09 | MLM: 1.6186 | CTC: 0.8085
Step 61100/1000000 | Loss: 1.7281 | LR: 9.54e-09 | MLM: 1.2464 | CTC: 0.4817
Step 61200/1000000 | Loss: 2.3163 | LR: 9.56e-09 | MLM: 1.7733 | CTC: 0.5431
Step 61300/1000000 | Loss: 2.6613 | LR: 9.57e-09 | MLM: 1.7918 | CTC: 0.8695
Step 61400/1000000 | Loss: 1.6987 | LR: 9.59e-09 | MLM: 1.0385 | CTC: 0.6602
Step 61500/1000000 | Loss: 1.3175 | LR: 9.60e-09 | MLM: 0.8670 | CTC: 0.4504
Step 61600/1000000 | Loss: 2.4328 | LR: 9.62e-09 | MLM: 1.6544 | CTC: 0.7784
Step 61700/1000000 | Loss: 2.6916 | LR: 9.64e-09 | MLM: 1.8300 | CTC: 0.8616
Step 61800/1000000 | Loss: 2.0564 | LR: 9.65e-09 | MLM: 1.4742 | CTC: 0.5822
Step 61900/1000000 | Loss: 1.7274 | LR: 9.67e-09 | MLM: 1.3005 | CTC: 0.4269
Step 62000/1000000 | Loss: 2.3908 | LR: 9.68e-09 | MLM: 1.4603 | CTC: 0.9305
Step 62100/1000000 | Loss: 3.5447 | LR: 9.70e-09 | MLM: 2.0673 | CTC: 1.4774
Step 62200/1000000 | Loss: 2.3742 | LR: 9.71e-09 | MLM: 1.6018 | CTC: 0.7724
Step 62300/1000000 | Loss: 2.6172 | LR: 9.73e-09 | MLM: 1.9135 | CTC: 0.7036
Step 62400/1000000 | Loss: 2.5137 | LR: 9.75e-09 | MLM: 1.7490 | CTC: 0.7648
Step 62500/1000000 | Loss: 2.6878 | LR: 9.76e-09 | MLM: 1.8243 | CTC: 0.8635
Step 62600/1000000 | Loss: 1.9168 | LR: 9.78e-09 | MLM: 1.4005 | CTC: 0.5164
Step 62700/1000000 | Loss: 2.3867 | LR: 9.79e-09 | MLM: 1.7608 | CTC: 0.6259
Step 62800/1000000 | Loss: 2.1753 | LR: 9.81e-09 | MLM: 1.5973 | CTC: 0.5780
Step 62900/1000000 | Loss: 2.2276 | LR: 9.82e-09 | MLM: 1.5976 | CTC: 0.6300
Step 63000/1000000 | Loss: 2.2688 | LR: 9.84e-09 | MLM: 1.6898 | CTC: 0.5790
Step 63100/1000000 | Loss: 2.8373 | LR: 9.85e-09 | MLM: 1.9540 | CTC: 0.8833
Step 63200/1000000 | Loss: 1.0536 | LR: 9.87e-09 | MLM: 0.7428 | CTC: 0.3108
Step 63300/1000000 | Loss: 1.4293 | LR: 9.89e-09 | MLM: 0.9405 | CTC: 0.4888
Step 63400/1000000 | Loss: 2.3290 | LR: 9.90e-09 | MLM: 1.6475 | CTC: 0.6815
Step 63500/1000000 | Loss: 1.4917 | LR: 9.92e-09 | MLM: 1.0147 | CTC: 0.4770
Step 63600/1000000 | Loss: 2.3524 | LR: 9.93e-09 | MLM: 1.8001 | CTC: 0.5523
Step 63700/1000000 | Loss: 3.0132 | LR: 9.95e-09 | MLM: 2.0227 | CTC: 0.9904
Step 63800/1000000 | Loss: 1.2999 | LR: 9.96e-09 | MLM: 0.9728 | CTC: 0.3271
Step 63900/1000000 | Loss: 2.7387 | LR: 9.98e-09 | MLM: 1.9042 | CTC: 0.8345
Step 64000/1000000 | Loss: 2.4538 | LR: 1.00e-08 | MLM: 1.5561 | CTC: 0.8977
Step 64100/1000000 | Loss: 2.3621 | LR: 1.00e-08 | MLM: 1.7675 | CTC: 0.5946
Step 64200/1000000 | Loss: 3.4784 | LR: 1.00e-08 | MLM: 2.1124 | CTC: 1.3660
Step 64300/1000000 | Loss: 2.3351 | LR: 1.00e-08 | MLM: 1.7306 | CTC: 0.6045
Step 64400/1000000 | Loss: 1.8147 | LR: 1.01e-08 | MLM: 1.2511 | CTC: 0.5636
Step 64500/1000000 | Loss: 2.7218 | LR: 1.01e-08 | MLM: 1.9494 | CTC: 0.7724
Step 64600/1000000 | Loss: 2.5385 | LR: 1.01e-08 | MLM: 1.6323 | CTC: 0.9062
Step 64700/1000000 | Loss: 1.6429 | LR: 1.01e-08 | MLM: 1.1125 | CTC: 0.5304
Step 64800/1000000 | Loss: 1.5471 | LR: 1.01e-08 | MLM: 1.1764 | CTC: 0.3707
Step 64900/1000000 | Loss: 1.5542 | LR: 1.01e-08 | MLM: 1.0765 | CTC: 0.4777
Step 65000/1000000 | Loss: 1.6836 | LR: 1.01e-08 | MLM: 1.1986 | CTC: 0.4850
✓ Saved checkpoint to checkpoint_step_65000.t7
Step 65100/1000000 | Loss: 2.1452 | LR: 1.02e-08 | MLM: 1.3952 | CTC: 0.7500
Step 65200/1000000 | Loss: 2.9198 | LR: 1.02e-08 | MLM: 1.8705 | CTC: 1.0493
Step 65300/1000000 | Loss: 2.9576 | LR: 1.02e-08 | MLM: 1.9420 | CTC: 1.0157
Step 65400/1000000 | Loss: 1.9710 | LR: 1.02e-08 | MLM: 1.3823 | CTC: 0.5887
Step 65500/1000000 | Loss: 1.7011 | LR: 1.02e-08 | MLM: 1.1272 | CTC: 0.5739
Step 65600/1000000 | Loss: 2.2112 | LR: 1.02e-08 | MLM: 1.5100 | CTC: 0.7012
Step 65700/1000000 | Loss: 2.7801 | LR: 1.03e-08 | MLM: 1.8628 | CTC: 0.9173
Step 65800/1000000 | Loss: 1.4683 | LR: 1.03e-08 | MLM: 1.0519 | CTC: 0.4164
Step 65900/1000000 | Loss: 2.0798 | LR: 1.03e-08 | MLM: 1.4544 | CTC: 0.6254
Step 66000/1000000 | Loss: 2.4491 | LR: 1.03e-08 | MLM: 1.5231 | CTC: 0.9260
Step 66100/1000000 | Loss: 1.3422 | LR: 1.03e-08 | MLM: 0.8180 | CTC: 0.5241
Step 66200/1000000 | Loss: 1.6700 | LR: 1.03e-08 | MLM: 1.0925 | CTC: 0.5775
Step 66300/1000000 | Loss: 2.0909 | LR: 1.03e-08 | MLM: 1.4586 | CTC: 0.6323
Step 66400/1000000 | Loss: 2.1521 | LR: 1.04e-08 | MLM: 1.4628 | CTC: 0.6892
Step 66500/1000000 | Loss: 2.0138 | LR: 1.04e-08 | MLM: 1.4122 | CTC: 0.6016
Step 66600/1000000 | Loss: 1.5908 | LR: 1.04e-08 | MLM: 1.0688 | CTC: 0.5220
Step 66700/1000000 | Loss: 1.5993 | LR: 1.04e-08 | MLM: 0.9231 | CTC: 0.6762
Step 66800/1000000 | Loss: 2.4021 | LR: 1.04e-08 | MLM: 1.7214 | CTC: 0.6807
Step 66900/1000000 | Loss: 1.6384 | LR: 1.04e-08 | MLM: 1.0513 | CTC: 0.5871
Step 67000/1000000 | Loss: 1.9969 | LR: 1.05e-08 | MLM: 1.3689 | CTC: 0.6280
Step 67100/1000000 | Loss: 2.2232 | LR: 1.05e-08 | MLM: 1.4925 | CTC: 0.7307
Step 67200/1000000 | Loss: 2.1496 | LR: 1.05e-08 | MLM: 1.4753 | CTC: 0.6743
Step 67300/1000000 | Loss: 2.8023 | LR: 1.05e-08 | MLM: 1.7955 | CTC: 1.0068
Step 67400/1000000 | Loss: 3.1651 | LR: 1.05e-08 | MLM: 1.9666 | CTC: 1.1986
Step 67500/1000000 | Loss: 1.9525 | LR: 1.05e-08 | MLM: 1.3020 | CTC: 0.6505
Step 67600/1000000 | Loss: 2.1829 | LR: 1.06e-08 | MLM: 1.4948 | CTC: 0.6881
Step 67700/1000000 | Loss: 1.8828 | LR: 1.06e-08 | MLM: 1.3016 | CTC: 0.5811
Step 67800/1000000 | Loss: 2.6852 | LR: 1.06e-08 | MLM: 1.8440 | CTC: 0.8413
Step 67900/1000000 | Loss: 2.2661 | LR: 1.06e-08 | MLM: 1.4498 | CTC: 0.8162
Step 68000/1000000 | Loss: 2.2627 | LR: 1.06e-08 | MLM: 1.5219 | CTC: 0.7408
Step 68100/1000000 | Loss: 1.3814 | LR: 1.06e-08 | MLM: 0.9726 | CTC: 0.4088
Step 68200/1000000 | Loss: 3.1309 | LR: 1.06e-08 | MLM: 2.1574 | CTC: 0.9736
Step 68300/1000000 | Loss: 1.8773 | LR: 1.07e-08 | MLM: 1.2004 | CTC: 0.6768
Step 68400/1000000 | Loss: 2.1051 | LR: 1.07e-08 | MLM: 1.4510 | CTC: 0.6542
Step 68500/1000000 | Loss: 0.9182 | LR: 1.07e-08 | MLM: 0.6113 | CTC: 0.3069
Step 68600/1000000 | Loss: 1.9854 | LR: 1.07e-08 | MLM: 1.4218 | CTC: 0.5636
Step 68700/1000000 | Loss: 1.8458 | LR: 1.07e-08 | MLM: 1.1480 | CTC: 0.6977
Step 68800/1000000 | Loss: 1.1716 | LR: 1.07e-08 | MLM: 0.8289 | CTC: 0.3428
Step 68900/1000000 | Loss: 2.6614 | LR: 1.08e-08 | MLM: 1.7953 | CTC: 0.8661
Step 69000/1000000 | Loss: 2.1123 | LR: 1.08e-08 | MLM: 1.4073 | CTC: 0.7050
Step 69100/1000000 | Loss: 1.7744 | LR: 1.08e-08 | MLM: 1.1042 | CTC: 0.6702
Step 69200/1000000 | Loss: 2.1840 | LR: 1.08e-08 | MLM: 1.5816 | CTC: 0.6024
Step 69300/1000000 | Loss: 1.6723 | LR: 1.08e-08 | MLM: 1.1619 | CTC: 0.5104
Step 69400/1000000 | Loss: 2.5602 | LR: 1.08e-08 | MLM: 1.6296 | CTC: 0.9306
Step 69500/1000000 | Loss: 2.4411 | LR: 1.08e-08 | MLM: 1.7129 | CTC: 0.7282
Step 69600/1000000 | Loss: 1.4192 | LR: 1.09e-08 | MLM: 1.0400 | CTC: 0.3792
Step 69700/1000000 | Loss: 1.7173 | LR: 1.09e-08 | MLM: 1.1551 | CTC: 0.5622
Step 69800/1000000 | Loss: 1.3801 | LR: 1.09e-08 | MLM: 0.9794 | CTC: 0.4007
Step 69900/1000000 | Loss: 1.6656 | LR: 1.09e-08 | MLM: 1.1784 | CTC: 0.4871
Step 70000/1000000 | Loss: 1.9927 | LR: 1.09e-08 | MLM: 1.3760 | CTC: 0.6167
✓ Saved checkpoint to checkpoint_step_70000.t7
Step 70100/1000000 | Loss: 1.4592 | LR: 1.09e-08 | MLM: 1.0066 | CTC: 0.4526
Step 70200/1000000 | Loss: 1.1458 | LR: 1.10e-08 | MLM: 0.7501 | CTC: 0.3957
Step 70300/1000000 | Loss: 1.2694 | LR: 1.10e-08 | MLM: 0.8571 | CTC: 0.4122
Step 70400/1000000 | Loss: 2.3967 | LR: 1.10e-08 | MLM: 1.6830 | CTC: 0.7137
Step 70500/1000000 | Loss: 1.9244 | LR: 1.10e-08 | MLM: 1.3403 | CTC: 0.5842
Step 70600/1000000 | Loss: 1.6306 | LR: 1.10e-08 | MLM: 1.1358 | CTC: 0.4948
Step 70700/1000000 | Loss: 1.2233 | LR: 1.10e-08 | MLM: 0.8060 | CTC: 0.4173
Step 70800/1000000 | Loss: 1.9597 | LR: 1.11e-08 | MLM: 1.2647 | CTC: 0.6950
Step 70900/1000000 | Loss: 1.6312 | LR: 1.11e-08 | MLM: 1.1514 | CTC: 0.4798
Step 71000/1000000 | Loss: 2.2834 | LR: 1.11e-08 | MLM: 1.5788 | CTC: 0.7046
Step 71100/1000000 | Loss: 1.6082 | LR: 1.11e-08 | MLM: 1.2137 | CTC: 0.3945
Step 71200/1000000 | Loss: 2.5430 | LR: 1.11e-08 | MLM: 1.7709 | CTC: 0.7722
Step 71300/1000000 | Loss: 3.1284 | LR: 1.11e-08 | MLM: 2.0962 | CTC: 1.0322
Step 71400/1000000 | Loss: 2.7148 | LR: 1.11e-08 | MLM: 1.8719 | CTC: 0.8429
Step 71500/1000000 | Loss: 1.8721 | LR: 1.12e-08 | MLM: 1.2070 | CTC: 0.6651
Step 71600/1000000 | Loss: 3.0569 | LR: 1.12e-08 | MLM: 2.0357 | CTC: 1.0212
Step 71700/1000000 | Loss: 1.7904 | LR: 1.12e-08 | MLM: 1.2232 | CTC: 0.5672
Step 71800/1000000 | Loss: 1.7846 | LR: 1.12e-08 | MLM: 1.2025 | CTC: 0.5821
Step 71900/1000000 | Loss: 2.4731 | LR: 1.12e-08 | MLM: 1.7317 | CTC: 0.7414
Step 72000/1000000 | Loss: 2.6626 | LR: 1.12e-08 | MLM: 1.8590 | CTC: 0.8036
Step 72100/1000000 | Loss: 2.5678 | LR: 1.13e-08 | MLM: 1.8107 | CTC: 0.7572
Step 72200/1000000 | Loss: 1.5527 | LR: 1.13e-08 | MLM: 1.0681 | CTC: 0.4846
Step 72300/1000000 | Loss: 2.7079 | LR: 1.13e-08 | MLM: 1.9167 | CTC: 0.7911
Step 72400/1000000 | Loss: 2.6446 | LR: 1.13e-08 | MLM: 1.6946 | CTC: 0.9500
Step 72500/1000000 | Loss: 2.1751 | LR: 1.13e-08 | MLM: 1.4955 | CTC: 0.6796
Step 72600/1000000 | Loss: 2.0951 | LR: 1.13e-08 | MLM: 1.3582 | CTC: 0.7369
Step 72700/1000000 | Loss: 2.1706 | LR: 1.13e-08 | MLM: 1.3788 | CTC: 0.7918
Step 72800/1000000 | Loss: 1.5599 | LR: 1.14e-08 | MLM: 0.9831 | CTC: 0.5768
Step 72900/1000000 | Loss: 1.2946 | LR: 1.14e-08 | MLM: 0.9299 | CTC: 0.3647
Step 73000/1000000 | Loss: 1.5709 | LR: 1.14e-08 | MLM: 1.0997 | CTC: 0.4712
Step 73100/1000000 | Loss: 2.1480 | LR: 1.14e-08 | MLM: 1.4570 | CTC: 0.6910
Step 73200/1000000 | Loss: 2.6341 | LR: 1.14e-08 | MLM: 1.7787 | CTC: 0.8555
Step 73300/1000000 | Loss: 1.3222 | LR: 1.14e-08 | MLM: 0.9178 | CTC: 0.4044
Step 73400/1000000 | Loss: 2.2281 | LR: 1.15e-08 | MLM: 1.3069 | CTC: 0.9212
Step 73500/1000000 | Loss: 2.5845 | LR: 1.15e-08 | MLM: 1.7931 | CTC: 0.7914
Step 73600/1000000 | Loss: 2.4122 | LR: 1.15e-08 | MLM: 1.6954 | CTC: 0.7168
Step 73700/1000000 | Loss: 2.0405 | LR: 1.15e-08 | MLM: 1.1694 | CTC: 0.8710
Step 73800/1000000 | Loss: 2.5518 | LR: 1.15e-08 | MLM: 1.8003 | CTC: 0.7515
Step 73900/1000000 | Loss: 1.5444 | LR: 1.15e-08 | MLM: 1.0979 | CTC: 0.4465
Step 74000/1000000 | Loss: 1.4184 | LR: 1.16e-08 | MLM: 0.9918 | CTC: 0.4266
Step 74100/1000000 | Loss: 2.2418 | LR: 1.16e-08 | MLM: 1.6167 | CTC: 0.6250
Step 74200/1000000 | Loss: 2.0446 | LR: 1.16e-08 | MLM: 1.4996 | CTC: 0.5450
Step 74300/1000000 | Loss: 2.5039 | LR: 1.16e-08 | MLM: 1.6012 | CTC: 0.9027
Step 74400/1000000 | Loss: 2.4563 | LR: 1.16e-08 | MLM: 1.8043 | CTC: 0.6521
Step 74500/1000000 | Loss: 2.3295 | LR: 1.16e-08 | MLM: 1.5960 | CTC: 0.7334
Step 74600/1000000 | Loss: 2.3656 | LR: 1.17e-08 | MLM: 1.6411 | CTC: 0.7246
Step 74700/1000000 | Loss: 1.9244 | LR: 1.17e-08 | MLM: 1.3993 | CTC: 0.5251
Step 74800/1000000 | Loss: 2.5335 | LR: 1.17e-08 | MLM: 1.8292 | CTC: 0.7043
Step 74900/1000000 | Loss: 2.6509 | LR: 1.17e-08 | MLM: 1.8691 | CTC: 0.7818
Step 75000/1000000 | Loss: 2.4649 | LR: 1.17e-08 | MLM: 1.5512 | CTC: 0.9137
✓ Saved checkpoint to checkpoint_step_75000.t7
Step 75100/1000000 | Loss: 2.4931 | LR: 1.17e-08 | MLM: 1.7477 | CTC: 0.7454
Step 75200/1000000 | Loss: 1.9163 | LR: 1.17e-08 | MLM: 1.2443 | CTC: 0.6719
Step 75300/1000000 | Loss: 2.0563 | LR: 1.18e-08 | MLM: 1.4908 | CTC: 0.5655
Step 75400/1000000 | Loss: 2.2723 | LR: 1.18e-08 | MLM: 1.5476 | CTC: 0.7247
Step 75500/1000000 | Loss: 1.8503 | LR: 1.18e-08 | MLM: 1.2866 | CTC: 0.5637
Step 75600/1000000 | Loss: 2.3922 | LR: 1.18e-08 | MLM: 1.7254 | CTC: 0.6668
Step 75700/1000000 | Loss: 2.2139 | LR: 1.18e-08 | MLM: 1.4718 | CTC: 0.7422
Step 75800/1000000 | Loss: 1.9131 | LR: 1.18e-08 | MLM: 1.3861 | CTC: 0.5270
Step 75900/1000000 | Loss: 1.4961 | LR: 1.18e-08 | MLM: 1.1511 | CTC: 0.3450
Step 76000/1000000 | Loss: 2.0432 | LR: 1.19e-08 | MLM: 1.4155 | CTC: 0.6277
Step 76100/1000000 | Loss: 2.1423 | LR: 1.19e-08 | MLM: 1.5512 | CTC: 0.5912
Step 76200/1000000 | Loss: 1.3857 | LR: 1.19e-08 | MLM: 0.9305 | CTC: 0.4552
Step 76300/1000000 | Loss: 2.7835 | LR: 1.19e-08 | MLM: 2.0137 | CTC: 0.7698
Step 76400/1000000 | Loss: 0.9898 | LR: 1.19e-08 | MLM: 0.7056 | CTC: 0.2842
Step 76500/1000000 | Loss: 2.2576 | LR: 1.19e-08 | MLM: 1.5342 | CTC: 0.7234
Step 76600/1000000 | Loss: 2.1625 | LR: 1.20e-08 | MLM: 1.3555 | CTC: 0.8070
Step 76700/1000000 | Loss: 1.9687 | LR: 1.20e-08 | MLM: 1.3927 | CTC: 0.5760
Step 76800/1000000 | Loss: 2.2590 | LR: 1.20e-08 | MLM: 1.7408 | CTC: 0.5182
Step 76900/1000000 | Loss: 2.0573 | LR: 1.20e-08 | MLM: 1.5071 | CTC: 0.5502
Step 77000/1000000 | Loss: 1.5035 | LR: 1.20e-08 | MLM: 1.0442 | CTC: 0.4592
Step 77100/1000000 | Loss: 0.6559 | LR: 1.20e-08 | MLM: 0.4197 | CTC: 0.2362
Step 77200/1000000 | Loss: 1.4868 | LR: 1.21e-08 | MLM: 1.0414 | CTC: 0.4454
Step 77300/1000000 | Loss: 2.0833 | LR: 1.21e-08 | MLM: 1.5392 | CTC: 0.5442
Step 77400/1000000 | Loss: 2.6063 | LR: 1.21e-08 | MLM: 1.8972 | CTC: 0.7092
Step 77500/1000000 | Loss: 2.1965 | LR: 1.21e-08 | MLM: 1.5496 | CTC: 0.6469
Step 77600/1000000 | Loss: 2.6901 | LR: 1.21e-08 | MLM: 1.8264 | CTC: 0.8637
Step 77700/1000000 | Loss: 1.3214 | LR: 1.21e-08 | MLM: 0.9238 | CTC: 0.3976
Step 77800/1000000 | Loss: 2.6700 | LR: 1.21e-08 | MLM: 1.8478 | CTC: 0.8223
Step 77900/1000000 | Loss: 1.9414 | LR: 1.22e-08 | MLM: 1.3989 | CTC: 0.5425
Step 78000/1000000 | Loss: 2.2662 | LR: 1.22e-08 | MLM: 1.6051 | CTC: 0.6611
Step 78100/1000000 | Loss: 2.3979 | LR: 1.22e-08 | MLM: 1.7237 | CTC: 0.6742
Step 78200/1000000 | Loss: 1.7798 | LR: 1.22e-08 | MLM: 1.1445 | CTC: 0.6353
Step 78300/1000000 | Loss: 1.3712 | LR: 1.22e-08 | MLM: 0.9725 | CTC: 0.3987
Step 78400/1000000 | Loss: 1.8624 | LR: 1.22e-08 | MLM: 1.3933 | CTC: 0.4690
Step 78500/1000000 | Loss: 1.4808 | LR: 1.23e-08 | MLM: 1.0903 | CTC: 0.3905
Step 78600/1000000 | Loss: 2.1744 | LR: 1.23e-08 | MLM: 1.4614 | CTC: 0.7129
Step 78700/1000000 | Loss: 2.6867 | LR: 1.23e-08 | MLM: 1.8279 | CTC: 0.8589
Step 78800/1000000 | Loss: 1.3401 | LR: 1.23e-08 | MLM: 0.9575 | CTC: 0.3826
Step 78900/1000000 | Loss: 3.1807 | LR: 1.23e-08 | MLM: 2.0433 | CTC: 1.1374
Step 79000/1000000 | Loss: 0.5792 | LR: 1.23e-08 | MLM: 0.4376 | CTC: 0.1417
Step 79100/1000000 | Loss: 3.1731 | LR: 1.23e-08 | MLM: 2.0109 | CTC: 1.1622
Step 79200/1000000 | Loss: 1.7518 | LR: 1.24e-08 | MLM: 1.3372 | CTC: 0.4146
Step 79300/1000000 | Loss: 1.6829 | LR: 1.24e-08 | MLM: 1.1565 | CTC: 0.5265
Step 79400/1000000 | Loss: 2.9538 | LR: 1.24e-08 | MLM: 2.0173 | CTC: 0.9365
Step 79500/1000000 | Loss: 2.1419 | LR: 1.24e-08 | MLM: 1.5018 | CTC: 0.6401
Step 79600/1000000 | Loss: 1.9722 | LR: 1.24e-08 | MLM: 1.3626 | CTC: 0.6095
Step 79700/1000000 | Loss: 1.7772 | LR: 1.24e-08 | MLM: 1.2503 | CTC: 0.5269
Step 79800/1000000 | Loss: 2.2121 | LR: 1.25e-08 | MLM: 1.4188 | CTC: 0.7933
Step 79900/1000000 | Loss: 1.9449 | LR: 1.25e-08 | MLM: 1.3352 | CTC: 0.6096
Step 80000/1000000 | Loss: 1.4258 | LR: 1.25e-08 | MLM: 1.0290 | CTC: 0.3969
✓ Saved checkpoint to checkpoint_step_80000.t7
Step 80100/1000000 | Loss: 2.1657 | LR: 1.25e-08 | MLM: 1.6105 | CTC: 0.5552
Step 80200/1000000 | Loss: 1.9333 | LR: 1.25e-08 | MLM: 1.3192 | CTC: 0.6142
Step 80300/1000000 | Loss: 2.9439 | LR: 1.25e-08 | MLM: 2.0038 | CTC: 0.9401
Step 80400/1000000 | Loss: 2.2999 | LR: 1.26e-08 | MLM: 1.6623 | CTC: 0.6376
Step 80500/1000000 | Loss: 1.9992 | LR: 1.26e-08 | MLM: 1.3763 | CTC: 0.6228
Step 80600/1000000 | Loss: 1.4486 | LR: 1.26e-08 | MLM: 0.9973 | CTC: 0.4513
Step 80700/1000000 | Loss: 1.5575 | LR: 1.26e-08 | MLM: 1.2122 | CTC: 0.3453
Step 80800/1000000 | Loss: 2.3794 | LR: 1.26e-08 | MLM: 1.7287 | CTC: 0.6507
Step 80900/1000000 | Loss: 1.2727 | LR: 1.26e-08 | MLM: 0.7820 | CTC: 0.4907
Step 81000/1000000 | Loss: 1.2924 | LR: 1.26e-08 | MLM: 0.7100 | CTC: 0.5824
Step 81100/1000000 | Loss: 2.2669 | LR: 1.27e-08 | MLM: 1.6855 | CTC: 0.5814
Step 81200/1000000 | Loss: 2.3436 | LR: 1.27e-08 | MLM: 1.6239 | CTC: 0.7197
Step 81300/1000000 | Loss: 2.4083 | LR: 1.27e-08 | MLM: 1.5259 | CTC: 0.8824
Step 81400/1000000 | Loss: 1.5043 | LR: 1.27e-08 | MLM: 1.0817 | CTC: 0.4226
Step 81500/1000000 | Loss: 1.7652 | LR: 1.27e-08 | MLM: 1.2757 | CTC: 0.4895
Step 81600/1000000 | Loss: 1.5678 | LR: 1.28e-08 | MLM: 1.1715 | CTC: 0.3963
Step 81700/1000000 | Loss: 2.3404 | LR: 1.28e-08 | MLM: 1.6719 | CTC: 0.6685
Step 81800/1000000 | Loss: 2.3958 | LR: 1.28e-08 | MLM: 1.7936 | CTC: 0.6022
Step 81900/1000000 | Loss: 2.7694 | LR: 1.28e-08 | MLM: 1.8935 | CTC: 0.8758
Step 82000/1000000 | Loss: 2.0934 | LR: 1.28e-08 | MLM: 1.4633 | CTC: 0.6301
Step 82100/1000000 | Loss: 1.9553 | LR: 1.28e-08 | MLM: 1.3754 | CTC: 0.5799
Step 82200/1000000 | Loss: 1.3988 | LR: 1.28e-08 | MLM: 1.0130 | CTC: 0.3858
Step 82300/1000000 | Loss: 1.0507 | LR: 1.28e-08 | MLM: 0.7255 | CTC: 0.3252
Step 82400/1000000 | Loss: 1.7550 | LR: 1.29e-08 | MLM: 1.2831 | CTC: 0.4719
Step 82500/1000000 | Loss: 3.0103 | LR: 1.29e-08 | MLM: 2.1200 | CTC: 0.8903
Step 82600/1000000 | Loss: 2.1703 | LR: 1.29e-08 | MLM: 1.4996 | CTC: 0.6707
Step 82700/1000000 | Loss: 1.7947 | LR: 1.29e-08 | MLM: 1.2385 | CTC: 0.5562
Step 82800/1000000 | Loss: 2.0745 | LR: 1.29e-08 | MLM: 1.5314 | CTC: 0.5430
Step 82900/1000000 | Loss: 2.2283 | LR: 1.30e-08 | MLM: 1.5280 | CTC: 0.7002
Step 83000/1000000 | Loss: 1.8154 | LR: 1.30e-08 | MLM: 1.2942 | CTC: 0.5212
Step 83100/1000000 | Loss: 1.6971 | LR: 1.30e-08 | MLM: 1.3228 | CTC: 0.3744
Step 83200/1000000 | Loss: 1.4164 | LR: 1.30e-08 | MLM: 1.0058 | CTC: 0.4107
Step 83300/1000000 | Loss: 2.0235 | LR: 1.30e-08 | MLM: 1.4401 | CTC: 0.5834
Step 83400/1000000 | Loss: 2.2988 | LR: 1.30e-08 | MLM: 1.5557 | CTC: 0.7431
Step 83500/1000000 | Loss: 2.2861 | LR: 1.30e-08 | MLM: 1.5596 | CTC: 0.7265
Step 83600/1000000 | Loss: 2.2414 | LR: 1.31e-08 | MLM: 1.5452 | CTC: 0.6962
Step 83700/1000000 | Loss: 2.6891 | LR: 1.31e-08 | MLM: 1.9717 | CTC: 0.7174
Step 83800/1000000 | Loss: 2.0947 | LR: 1.31e-08 | MLM: 1.4194 | CTC: 0.6753
Step 83900/1000000 | Loss: 2.4761 | LR: 1.31e-08 | MLM: 1.6705 | CTC: 0.8056
Step 84000/1000000 | Loss: 1.3384 | LR: 1.31e-08 | MLM: 1.0406 | CTC: 0.2978
Step 84100/1000000 | Loss: 1.1923 | LR: 1.31e-08 | MLM: 0.9176 | CTC: 0.2747
Step 84200/1000000 | Loss: 1.7628 | LR: 1.32e-08 | MLM: 1.2008 | CTC: 0.5621
Step 84300/1000000 | Loss: 1.6654 | LR: 1.32e-08 | MLM: 1.1940 | CTC: 0.4714
Step 84400/1000000 | Loss: 1.6431 | LR: 1.32e-08 | MLM: 1.3306 | CTC: 0.3125
Step 84500/1000000 | Loss: 1.8038 | LR: 1.32e-08 | MLM: 1.3045 | CTC: 0.4994
Step 84600/1000000 | Loss: 2.4189 | LR: 1.32e-08 | MLM: 1.6534 | CTC: 0.7655
Step 84700/1000000 | Loss: 1.9913 | LR: 1.32e-08 | MLM: 1.3098 | CTC: 0.6816
Step 84800/1000000 | Loss: 1.7514 | LR: 1.32e-08 | MLM: 1.2577 | CTC: 0.4938
Step 84900/1000000 | Loss: 1.9405 | LR: 1.33e-08 | MLM: 1.4156 | CTC: 0.5249
Step 85000/1000000 | Loss: 2.1706 | LR: 1.33e-08 | MLM: 1.6252 | CTC: 0.5454
✓ Saved checkpoint to checkpoint_step_85000.t7
Step 85100/1000000 | Loss: 2.2997 | LR: 1.33e-08 | MLM: 1.4769 | CTC: 0.8229
Step 85200/1000000 | Loss: 2.5423 | LR: 1.33e-08 | MLM: 1.8113 | CTC: 0.7309
Step 85300/1000000 | Loss: 2.2936 | LR: 1.33e-08 | MLM: 1.7111 | CTC: 0.5825
Step 85400/1000000 | Loss: 1.6970 | LR: 1.33e-08 | MLM: 1.2144 | CTC: 0.4827
Step 85500/1000000 | Loss: 2.4372 | LR: 1.34e-08 | MLM: 1.5835 | CTC: 0.8538
Step 85600/1000000 | Loss: 1.9597 | LR: 1.34e-08 | MLM: 1.4616 | CTC: 0.4981
Step 85700/1000000 | Loss: 2.1233 | LR: 1.34e-08 | MLM: 1.4991 | CTC: 0.6241
Step 85800/1000000 | Loss: 1.2444 | LR: 1.34e-08 | MLM: 0.8461 | CTC: 0.3983
Step 85900/1000000 | Loss: 2.5107 | LR: 1.34e-08 | MLM: 1.5068 | CTC: 1.0040
Step 86000/1000000 | Loss: 1.6006 | LR: 1.34e-08 | MLM: 1.0474 | CTC: 0.5533
Step 86100/1000000 | Loss: 2.2870 | LR: 1.34e-08 | MLM: 1.5296 | CTC: 0.7574
Step 86200/1000000 | Loss: 2.5080 | LR: 1.35e-08 | MLM: 1.7625 | CTC: 0.7455
Step 86300/1000000 | Loss: 3.0479 | LR: 1.35e-08 | MLM: 1.9516 | CTC: 1.0962
Step 86400/1000000 | Loss: 1.9475 | LR: 1.35e-08 | MLM: 1.3626 | CTC: 0.5849
Step 86500/1000000 | Loss: 2.2662 | LR: 1.35e-08 | MLM: 1.4025 | CTC: 0.8636
Step 86600/1000000 | Loss: 2.8218 | LR: 1.35e-08 | MLM: 1.9275 | CTC: 0.8943
Step 86700/1000000 | Loss: 1.9499 | LR: 1.35e-08 | MLM: 1.5404 | CTC: 0.4094
Step 86800/1000000 | Loss: 1.9791 | LR: 1.36e-08 | MLM: 1.4524 | CTC: 0.5267
Step 86900/1000000 | Loss: 2.8170 | LR: 1.36e-08 | MLM: 1.8929 | CTC: 0.9241
Step 87000/1000000 | Loss: 2.3693 | LR: 1.36e-08 | MLM: 1.5891 | CTC: 0.7803
Step 87100/1000000 | Loss: 0.6450 | LR: 1.36e-08 | MLM: 0.4804 | CTC: 0.1647
Step 87200/1000000 | Loss: 1.6812 | LR: 1.36e-08 | MLM: 1.1816 | CTC: 0.4996
Step 87300/1000000 | Loss: 1.4045 | LR: 1.36e-08 | MLM: 1.0246 | CTC: 0.3799
Step 87400/1000000 | Loss: 3.0371 | LR: 1.36e-08 | MLM: 2.0558 | CTC: 0.9813
Step 87500/1000000 | Loss: 1.5309 | LR: 1.37e-08 | MLM: 1.0996 | CTC: 0.4313
Step 87600/1000000 | Loss: 1.8837 | LR: 1.37e-08 | MLM: 1.2828 | CTC: 0.6009
Step 87700/1000000 | Loss: 1.5474 | LR: 1.37e-08 | MLM: 1.1149 | CTC: 0.4325
Step 87800/1000000 | Loss: 1.9999 | LR: 1.37e-08 | MLM: 1.4065 | CTC: 0.5935
Step 87900/1000000 | Loss: 2.6787 | LR: 1.37e-08 | MLM: 1.9720 | CTC: 0.7067
Step 88000/1000000 | Loss: 2.1883 | LR: 1.38e-08 | MLM: 1.4766 | CTC: 0.7117
Step 88100/1000000 | Loss: 2.0551 | LR: 1.38e-08 | MLM: 1.5026 | CTC: 0.5525
Step 88200/1000000 | Loss: 2.6851 | LR: 1.38e-08 | MLM: 1.8072 | CTC: 0.8778
Step 88300/1000000 | Loss: 2.6805 | LR: 1.38e-08 | MLM: 1.8842 | CTC: 0.7963
Step 88400/1000000 | Loss: 1.6871 | LR: 1.38e-08 | MLM: 1.2688 | CTC: 0.4183
Step 88500/1000000 | Loss: 2.0889 | LR: 1.38e-08 | MLM: 1.4981 | CTC: 0.5908
Step 88600/1000000 | Loss: 2.3603 | LR: 1.38e-08 | MLM: 1.6744 | CTC: 0.6859
Step 88700/1000000 | Loss: 2.9472 | LR: 1.38e-08 | MLM: 2.0505 | CTC: 0.8967
Step 88800/1000000 | Loss: 2.4910 | LR: 1.39e-08 | MLM: 1.7711 | CTC: 0.7199
Step 88900/1000000 | Loss: 2.0083 | LR: 1.39e-08 | MLM: 1.4425 | CTC: 0.5658
Step 89000/1000000 | Loss: 1.8133 | LR: 1.39e-08 | MLM: 1.2963 | CTC: 0.5170
Step 89100/1000000 | Loss: 2.5427 | LR: 1.39e-08 | MLM: 1.9209 | CTC: 0.6218
Step 89200/1000000 | Loss: 1.2511 | LR: 1.39e-08 | MLM: 0.8903 | CTC: 0.3607
Step 89300/1000000 | Loss: 2.8294 | LR: 1.40e-08 | MLM: 1.8094 | CTC: 1.0199
Step 89400/1000000 | Loss: 1.8829 | LR: 1.40e-08 | MLM: 1.3829 | CTC: 0.5001
Step 89500/1000000 | Loss: 2.4753 | LR: 1.40e-08 | MLM: 1.7718 | CTC: 0.7035
Step 89600/1000000 | Loss: 2.0769 | LR: 1.40e-08 | MLM: 1.5126 | CTC: 0.5643
Step 89700/1000000 | Loss: 2.5993 | LR: 1.40e-08 | MLM: 1.9966 | CTC: 0.6028
Step 89800/1000000 | Loss: 0.6103 | LR: 1.40e-08 | MLM: 0.3966 | CTC: 0.2137
Step 89900/1000000 | Loss: 2.1985 | LR: 1.40e-08 | MLM: 1.5607 | CTC: 0.6379
Step 90000/1000000 | Loss: 1.5090 | LR: 1.41e-08 | MLM: 1.0447 | CTC: 0.4643
✓ Saved checkpoint to checkpoint_step_90000.t7
Step 90100/1000000 | Loss: 1.8920 | LR: 1.41e-08 | MLM: 1.2622 | CTC: 0.6298
Step 90200/1000000 | Loss: 2.5382 | LR: 1.41e-08 | MLM: 1.7733 | CTC: 0.7649
Step 90300/1000000 | Loss: 2.0217 | LR: 1.41e-08 | MLM: 1.3885 | CTC: 0.6332
Step 90400/1000000 | Loss: 2.4161 | LR: 1.41e-08 | MLM: 1.7977 | CTC: 0.6184
Step 90500/1000000 | Loss: 1.6266 | LR: 1.41e-08 | MLM: 1.0905 | CTC: 0.5361
Step 90600/1000000 | Loss: 2.1854 | LR: 1.41e-08 | MLM: 1.5374 | CTC: 0.6480
Step 90700/1000000 | Loss: 1.3900 | LR: 1.42e-08 | MLM: 0.8690 | CTC: 0.5210
Step 90800/1000000 | Loss: 1.4628 | LR: 1.42e-08 | MLM: 1.0371 | CTC: 0.4256
Step 90900/1000000 | Loss: 2.4473 | LR: 1.42e-08 | MLM: 1.6325 | CTC: 0.8148
Step 91000/1000000 | Loss: 1.0775 | LR: 1.42e-08 | MLM: 0.7215 | CTC: 0.3560
Step 91100/1000000 | Loss: 1.9281 | LR: 1.42e-08 | MLM: 1.3348 | CTC: 0.5933
Step 91200/1000000 | Loss: 2.3534 | LR: 1.42e-08 | MLM: 1.6403 | CTC: 0.7131
Step 91300/1000000 | Loss: 2.6695 | LR: 1.43e-08 | MLM: 1.8980 | CTC: 0.7716
Step 91400/1000000 | Loss: 1.9892 | LR: 1.43e-08 | MLM: 1.4683 | CTC: 0.5209
Step 91500/1000000 | Loss: 0.5364 | LR: 1.43e-08 | MLM: 0.3700 | CTC: 0.1664
Step 91600/1000000 | Loss: 2.0705 | LR: 1.43e-08 | MLM: 1.4190 | CTC: 0.6515
Step 91700/1000000 | Loss: 2.3198 | LR: 1.43e-08 | MLM: 1.5591 | CTC: 0.7607
Step 91800/1000000 | Loss: 0.6069 | LR: 1.43e-08 | MLM: 0.4430 | CTC: 0.1639
Step 91900/1000000 | Loss: 2.4642 | LR: 1.43e-08 | MLM: 1.7333 | CTC: 0.7309
Step 92000/1000000 | Loss: 2.3006 | LR: 1.44e-08 | MLM: 1.5332 | CTC: 0.7674
Step 92100/1000000 | Loss: 1.7945 | LR: 1.44e-08 | MLM: 1.2192 | CTC: 0.5753
Step 92200/1000000 | Loss: 1.9152 | LR: 1.44e-08 | MLM: 1.2934 | CTC: 0.6218
Step 92300/1000000 | Loss: 2.1852 | LR: 1.44e-08 | MLM: 1.4757 | CTC: 0.7095
Step 92400/1000000 | Loss: 1.2996 | LR: 1.44e-08 | MLM: 0.9208 | CTC: 0.3788
Step 92500/1000000 | Loss: 0.9714 | LR: 1.44e-08 | MLM: 0.6169 | CTC: 0.3544
Step 92600/1000000 | Loss: 2.7292 | LR: 1.45e-08 | MLM: 1.9823 | CTC: 0.7469
Step 92700/1000000 | Loss: 1.0530 | LR: 1.45e-08 | MLM: 0.7586 | CTC: 0.2944
Step 92800/1000000 | Loss: 0.5409 | LR: 1.45e-08 | MLM: 0.3934 | CTC: 0.1475
Step 92900/1000000 | Loss: 2.3872 | LR: 1.45e-08 | MLM: 1.6532 | CTC: 0.7340
Step 93000/1000000 | Loss: 1.9927 | LR: 1.45e-08 | MLM: 1.4592 | CTC: 0.5335
Step 93100/1000000 | Loss: 2.4536 | LR: 1.45e-08 | MLM: 1.7296 | CTC: 0.7240
Step 93200/1000000 | Loss: 2.2848 | LR: 1.46e-08 | MLM: 1.6138 | CTC: 0.6710
Step 93300/1000000 | Loss: 2.6392 | LR: 1.46e-08 | MLM: 1.9636 | CTC: 0.6756
Step 93400/1000000 | Loss: 2.1743 | LR: 1.46e-08 | MLM: 1.5915 | CTC: 0.5828
Step 93500/1000000 | Loss: 2.0174 | LR: 1.46e-08 | MLM: 1.4143 | CTC: 0.6032
Step 93600/1000000 | Loss: 2.1787 | LR: 1.46e-08 | MLM: 1.4268 | CTC: 0.7519
Step 93700/1000000 | Loss: 1.5948 | LR: 1.46e-08 | MLM: 1.2235 | CTC: 0.3713
Step 93800/1000000 | Loss: 1.1655 | LR: 1.46e-08 | MLM: 0.8698 | CTC: 0.2957
Step 93900/1000000 | Loss: 1.3201 | LR: 1.47e-08 | MLM: 0.9467 | CTC: 0.3733
Step 94000/1000000 | Loss: 1.9273 | LR: 1.47e-08 | MLM: 1.4209 | CTC: 0.5064
Step 94100/1000000 | Loss: 3.2508 | LR: 1.47e-08 | MLM: 2.1211 | CTC: 1.1297
Step 94200/1000000 | Loss: 1.9147 | LR: 1.47e-08 | MLM: 1.2367 | CTC: 0.6779
Step 94300/1000000 | Loss: 1.6138 | LR: 1.47e-08 | MLM: 0.9394 | CTC: 0.6744
Step 94400/1000000 | Loss: 2.5082 | LR: 1.47e-08 | MLM: 1.9111 | CTC: 0.5971
Step 94500/1000000 | Loss: 2.0238 | LR: 1.48e-08 | MLM: 1.4735 | CTC: 0.5503
Step 94600/1000000 | Loss: 1.9782 | LR: 1.48e-08 | MLM: 1.4644 | CTC: 0.5138
Step 94700/1000000 | Loss: 1.9275 | LR: 1.48e-08 | MLM: 1.4407 | CTC: 0.4868
Step 94800/1000000 | Loss: 2.1133 | LR: 1.48e-08 | MLM: 1.4752 | CTC: 0.6381
Step 94900/1000000 | Loss: 2.5754 | LR: 1.48e-08 | MLM: 1.8510 | CTC: 0.7244
Step 95000/1000000 | Loss: 2.3651 | LR: 1.48e-08 | MLM: 1.7162 | CTC: 0.6489
✓ Saved checkpoint to checkpoint_step_95000.t7
Step 95100/1000000 | Loss: 0.8276 | LR: 1.48e-08 | MLM: 0.4633 | CTC: 0.3643
Step 95200/1000000 | Loss: 1.0430 | LR: 1.49e-08 | MLM: 0.7948 | CTC: 0.2482
Step 95300/1000000 | Loss: 0.9241 | LR: 1.49e-08 | MLM: 0.6032 | CTC: 0.3209
Step 95400/1000000 | Loss: 2.1308 | LR: 1.49e-08 | MLM: 1.3892 | CTC: 0.7416
Step 95500/1000000 | Loss: 1.7827 | LR: 1.49e-08 | MLM: 1.2135 | CTC: 0.5692
Step 95600/1000000 | Loss: 2.4398 | LR: 1.49e-08 | MLM: 1.7555 | CTC: 0.6842
Step 95700/1000000 | Loss: 2.2866 | LR: 1.49e-08 | MLM: 1.8737 | CTC: 0.4128
Step 95800/1000000 | Loss: 1.9302 | LR: 1.50e-08 | MLM: 1.2071 | CTC: 0.7231
Step 95900/1000000 | Loss: 1.3021 | LR: 1.50e-08 | MLM: 0.9253 | CTC: 0.3768
Step 96000/1000000 | Loss: 1.6890 | LR: 1.50e-08 | MLM: 1.2367 | CTC: 0.4523
Step 96100/1000000 | Loss: 2.3789 | LR: 1.50e-08 | MLM: 1.7308 | CTC: 0.6481
Step 96200/1000000 | Loss: 1.0252 | LR: 1.50e-08 | MLM: 0.7725 | CTC: 0.2527
Step 96300/1000000 | Loss: 2.3773 | LR: 1.50e-08 | MLM: 1.6113 | CTC: 0.7659
Step 96400/1000000 | Loss: 1.5119 | LR: 1.51e-08 | MLM: 1.1468 | CTC: 0.3651
Step 96500/1000000 | Loss: 2.2477 | LR: 1.51e-08 | MLM: 1.7097 | CTC: 0.5381
Step 96600/1000000 | Loss: 1.5014 | LR: 1.51e-08 | MLM: 0.9863 | CTC: 0.5151
Step 96700/1000000 | Loss: 3.2258 | LR: 1.51e-08 | MLM: 2.1303 | CTC: 1.0955
Step 96800/1000000 | Loss: 2.8180 | LR: 1.51e-08 | MLM: 1.9319 | CTC: 0.8861
Step 96900/1000000 | Loss: 1.2093 | LR: 1.51e-08 | MLM: 0.8292 | CTC: 0.3801
Step 97000/1000000 | Loss: 1.2078 | LR: 1.52e-08 | MLM: 0.9079 | CTC: 0.2999
Step 97100/1000000 | Loss: 0.6877 | LR: 1.52e-08 | MLM: 0.5136 | CTC: 0.1742
Step 97200/1000000 | Loss: 2.3638 | LR: 1.52e-08 | MLM: 1.5623 | CTC: 0.8015
Step 97300/1000000 | Loss: 1.9941 | LR: 1.52e-08 | MLM: 1.4491 | CTC: 0.5450
Step 97400/1000000 | Loss: 1.8280 | LR: 1.52e-08 | MLM: 1.3811 | CTC: 0.4469
Step 97500/1000000 | Loss: 2.2730 | LR: 1.52e-08 | MLM: 1.4738 | CTC: 0.7992
Step 97600/1000000 | Loss: 1.8359 | LR: 1.52e-08 | MLM: 1.2359 | CTC: 0.6000
Step 97700/1000000 | Loss: 1.5514 | LR: 1.53e-08 | MLM: 0.8458 | CTC: 0.7056
Step 97800/1000000 | Loss: 2.7621 | LR: 1.53e-08 | MLM: 1.9786 | CTC: 0.7835
Step 97900/1000000 | Loss: 1.6806 | LR: 1.53e-08 | MLM: 1.1348 | CTC: 0.5458
Step 98000/1000000 | Loss: 1.6700 | LR: 1.53e-08 | MLM: 1.2823 | CTC: 0.3877
Step 98100/1000000 | Loss: 1.9547 | LR: 1.53e-08 | MLM: 1.3920 | CTC: 0.5627
Step 98200/1000000 | Loss: 1.8374 | LR: 1.53e-08 | MLM: 1.2919 | CTC: 0.5455
Step 98300/1000000 | Loss: 2.3146 | LR: 1.53e-08 | MLM: 1.6154 | CTC: 0.6992
Step 98400/1000000 | Loss: 2.9164 | LR: 1.54e-08 | MLM: 2.1237 | CTC: 0.7927
Step 98500/1000000 | Loss: 1.6643 | LR: 1.54e-08 | MLM: 1.1057 | CTC: 0.5586
Step 98600/1000000 | Loss: 1.4100 | LR: 1.54e-08 | MLM: 1.0770 | CTC: 0.3330
Step 98700/1000000 | Loss: 2.1049 | LR: 1.54e-08 | MLM: 1.5286 | CTC: 0.5763
Step 98800/1000000 | Loss: 2.1897 | LR: 1.54e-08 | MLM: 1.5515 | CTC: 0.6382
Step 98900/1000000 | Loss: 1.3329 | LR: 1.54e-08 | MLM: 0.9993 | CTC: 0.3336
Step 99000/1000000 | Loss: 1.9749 | LR: 1.55e-08 | MLM: 1.4232 | CTC: 0.5517
Step 99100/1000000 | Loss: 1.0443 | LR: 1.55e-08 | MLM: 0.8097 | CTC: 0.2345
Step 99200/1000000 | Loss: 1.2072 | LR: 1.55e-08 | MLM: 0.9745 | CTC: 0.2326
Step 99300/1000000 | Loss: 1.4867 | LR: 1.55e-08 | MLM: 1.1380 | CTC: 0.3487
Step 99400/1000000 | Loss: 2.2733 | LR: 1.55e-08 | MLM: 1.5250 | CTC: 0.7483
Step 99500/1000000 | Loss: 1.9111 | LR: 1.55e-08 | MLM: 1.4881 | CTC: 0.4230
Step 99600/1000000 | Loss: 2.5170 | LR: 1.56e-08 | MLM: 1.7096 | CTC: 0.8074
Step 99700/1000000 | Loss: 2.3117 | LR: 1.56e-08 | MLM: 1.6929 | CTC: 0.6189
Step 99800/1000000 | Loss: 2.2538 | LR: 1.56e-08 | MLM: 1.6418 | CTC: 0.6120
Step 99900/1000000 | Loss: 1.8954 | LR: 1.56e-08 | MLM: 1.3770 | CTC: 0.5184
Step 100000/1000000 | Loss: 2.4435 | LR: 1.56e-08 | MLM: 1.4585 | CTC: 0.9850
✓ Saved checkpoint to checkpoint_step_100000.t7
Step 100100/1000000 | Loss: 2.2643 | LR: 1.56e-08 | MLM: 1.6236 | CTC: 0.6407
Step 100200/1000000 | Loss: 1.8584 | LR: 1.56e-08 | MLM: 1.1904 | CTC: 0.6680
Step 100300/1000000 | Loss: 1.6658 | LR: 1.57e-08 | MLM: 1.1732 | CTC: 0.4926
Step 100400/1000000 | Loss: 0.7922 | LR: 1.57e-08 | MLM: 0.5803 | CTC: 0.2119
Step 100500/1000000 | Loss: 1.3799 | LR: 1.57e-08 | MLM: 1.0023 | CTC: 0.3776
Step 100600/1000000 | Loss: 1.8345 | LR: 1.57e-08 | MLM: 1.3015 | CTC: 0.5330
Step 100700/1000000 | Loss: 0.8017 | LR: 1.57e-08 | MLM: 0.5628 | CTC: 0.2389
Step 100800/1000000 | Loss: 1.5032 | LR: 1.57e-08 | MLM: 1.0166 | CTC: 0.4866
Step 100900/1000000 | Loss: 1.8523 | LR: 1.58e-08 | MLM: 1.3330 | CTC: 0.5193
Step 101000/1000000 | Loss: 1.4082 | LR: 1.58e-08 | MLM: 0.9661 | CTC: 0.4421
Step 101100/1000000 | Loss: 1.8896 | LR: 1.58e-08 | MLM: 1.4282 | CTC: 0.4614
Step 101200/1000000 | Loss: 2.8820 | LR: 1.58e-08 | MLM: 2.0262 | CTC: 0.8558
Step 101300/1000000 | Loss: 1.0458 | LR: 1.58e-08 | MLM: 0.7208 | CTC: 0.3249
Step 101400/1000000 | Loss: 2.0748 | LR: 1.58e-08 | MLM: 1.4188 | CTC: 0.6559
Step 101500/1000000 | Loss: 0.2910 | LR: 1.58e-08 | MLM: 0.1795 | CTC: 0.1116
Step 101600/1000000 | Loss: 2.1804 | LR: 1.59e-08 | MLM: 1.6612 | CTC: 0.5192
Step 101700/1000000 | Loss: 1.9347 | LR: 1.59e-08 | MLM: 1.3565 | CTC: 0.5782
Step 101800/1000000 | Loss: 1.4907 | LR: 1.59e-08 | MLM: 1.1415 | CTC: 0.3492
Step 101900/1000000 | Loss: 1.9845 | LR: 1.59e-08 | MLM: 1.4049 | CTC: 0.5795
Step 102000/1000000 | Loss: 2.1052 | LR: 1.59e-08 | MLM: 1.5795 | CTC: 0.5257
Step 102100/1000000 | Loss: 2.2308 | LR: 1.60e-08 | MLM: 1.5512 | CTC: 0.6796
Step 102200/1000000 | Loss: 0.9198 | LR: 1.60e-08 | MLM: 0.6085 | CTC: 0.3113
Step 102300/1000000 | Loss: 2.0788 | LR: 1.60e-08 | MLM: 1.5062 | CTC: 0.5726
Step 102400/1000000 | Loss: 1.1961 | LR: 1.60e-08 | MLM: 0.9048 | CTC: 0.2913
Step 102500/1000000 | Loss: 1.6635 | LR: 1.60e-08 | MLM: 1.1461 | CTC: 0.5174
Step 102600/1000000 | Loss: 2.6869 | LR: 1.60e-08 | MLM: 1.9255 | CTC: 0.7613
Step 102700/1000000 | Loss: 1.8099 | LR: 1.60e-08 | MLM: 1.2823 | CTC: 0.5276
Step 102800/1000000 | Loss: 1.6110 | LR: 1.61e-08 | MLM: 1.1835 | CTC: 0.4275
Step 102900/1000000 | Loss: 1.8943 | LR: 1.61e-08 | MLM: 1.3419 | CTC: 0.5524
Step 103000/1000000 | Loss: 1.7568 | LR: 1.61e-08 | MLM: 1.2920 | CTC: 0.4648
Step 103100/1000000 | Loss: 1.6854 | LR: 1.61e-08 | MLM: 1.2645 | CTC: 0.4209
Step 103200/1000000 | Loss: 2.4359 | LR: 1.61e-08 | MLM: 1.8731 | CTC: 0.5629
Step 103300/1000000 | Loss: 2.0120 | LR: 1.61e-08 | MLM: 1.5396 | CTC: 0.4723
Step 103400/1000000 | Loss: 1.7338 | LR: 1.61e-08 | MLM: 1.2571 | CTC: 0.4767
Step 103500/1000000 | Loss: 1.4293 | LR: 1.62e-08 | MLM: 0.9472 | CTC: 0.4821
Step 103600/1000000 | Loss: 2.0191 | LR: 1.62e-08 | MLM: 1.5073 | CTC: 0.5118
Step 103700/1000000 | Loss: 0.7957 | LR: 1.62e-08 | MLM: 0.5268 | CTC: 0.2690
Step 103800/1000000 | Loss: 1.6839 | LR: 1.62e-08 | MLM: 1.2321 | CTC: 0.4518
Step 103900/1000000 | Loss: 1.6205 | LR: 1.62e-08 | MLM: 1.2403 | CTC: 0.3802
Step 104000/1000000 | Loss: 2.8767 | LR: 1.62e-08 | MLM: 1.8701 | CTC: 1.0066
Step 104100/1000000 | Loss: 2.5063 | LR: 1.63e-08 | MLM: 1.7657 | CTC: 0.7406
Step 104200/1000000 | Loss: 1.8544 | LR: 1.63e-08 | MLM: 1.3925 | CTC: 0.4619
Step 104300/1000000 | Loss: 2.2815 | LR: 1.63e-08 | MLM: 1.5747 | CTC: 0.7068
Step 104400/1000000 | Loss: 2.7474 | LR: 1.63e-08 | MLM: 1.9045 | CTC: 0.8429
Step 104500/1000000 | Loss: 2.0785 | LR: 1.63e-08 | MLM: 1.4228 | CTC: 0.6556
Step 104600/1000000 | Loss: 1.7288 | LR: 1.63e-08 | MLM: 1.2760 | CTC: 0.4528
Step 104700/1000000 | Loss: 1.5867 | LR: 1.64e-08 | MLM: 1.2098 | CTC: 0.3769
Step 104800/1000000 | Loss: 1.9889 | LR: 1.64e-08 | MLM: 1.4625 | CTC: 0.5264
Step 104900/1000000 | Loss: 1.4909 | LR: 1.64e-08 | MLM: 1.0575 | CTC: 0.4334
Step 105000/1000000 | Loss: 2.1342 | LR: 1.64e-08 | MLM: 1.5713 | CTC: 0.5629
✓ Saved checkpoint to checkpoint_step_105000.t7
Step 105100/1000000 | Loss: 1.8887 | LR: 1.64e-08 | MLM: 1.2396 | CTC: 0.6491
Step 105200/1000000 | Loss: 2.2054 | LR: 1.64e-08 | MLM: 1.6635 | CTC: 0.5419
Step 105300/1000000 | Loss: 2.4092 | LR: 1.64e-08 | MLM: 1.7083 | CTC: 0.7009
Step 105400/1000000 | Loss: 2.0460 | LR: 1.65e-08 | MLM: 1.4850 | CTC: 0.5611
Step 105500/1000000 | Loss: 2.7439 | LR: 1.65e-08 | MLM: 2.0454 | CTC: 0.6985
Step 105600/1000000 | Loss: 1.9593 | LR: 1.65e-08 | MLM: 1.2640 | CTC: 0.6953
Step 105700/1000000 | Loss: 1.1985 | LR: 1.65e-08 | MLM: 0.8082 | CTC: 0.3903
Step 105800/1000000 | Loss: 2.0905 | LR: 1.65e-08 | MLM: 1.4839 | CTC: 0.6066
Step 105900/1000000 | Loss: 1.6054 | LR: 1.65e-08 | MLM: 1.1560 | CTC: 0.4494
Step 106000/1000000 | Loss: 1.3018 | LR: 1.66e-08 | MLM: 1.0015 | CTC: 0.3003
Step 106100/1000000 | Loss: 0.7293 | LR: 1.66e-08 | MLM: 0.5277 | CTC: 0.2016
Step 106200/1000000 | Loss: 1.9078 | LR: 1.66e-08 | MLM: 1.4127 | CTC: 0.4951
Step 106300/1000000 | Loss: 1.7935 | LR: 1.66e-08 | MLM: 1.2610 | CTC: 0.5325
Step 106400/1000000 | Loss: 1.2616 | LR: 1.66e-08 | MLM: 0.8987 | CTC: 0.3630
Step 106500/1000000 | Loss: 1.8899 | LR: 1.66e-08 | MLM: 1.3859 | CTC: 0.5041
Step 106600/1000000 | Loss: 2.3798 | LR: 1.67e-08 | MLM: 1.6624 | CTC: 0.7174
Step 106700/1000000 | Loss: 1.6708 | LR: 1.67e-08 | MLM: 1.2042 | CTC: 0.4666
Step 106800/1000000 | Loss: 2.0816 | LR: 1.67e-08 | MLM: 1.4931 | CTC: 0.5885
Step 106900/1000000 | Loss: 1.3269 | LR: 1.67e-08 | MLM: 0.9378 | CTC: 0.3892
Step 107000/1000000 | Loss: 1.5910 | LR: 1.67e-08 | MLM: 1.1552 | CTC: 0.4358
Step 107100/1000000 | Loss: 0.8175 | LR: 1.67e-08 | MLM: 0.5707 | CTC: 0.2468
Step 107200/1000000 | Loss: 2.2696 | LR: 1.68e-08 | MLM: 1.3787 | CTC: 0.8908
Step 107300/1000000 | Loss: 2.3758 | LR: 1.68e-08 | MLM: 1.6393 | CTC: 0.7365
Step 107400/1000000 | Loss: 2.1628 | LR: 1.68e-08 | MLM: 1.5459 | CTC: 0.6169
Step 107500/1000000 | Loss: 0.9914 | LR: 1.68e-08 | MLM: 0.7379 | CTC: 0.2535
Step 107600/1000000 | Loss: 1.7426 | LR: 1.68e-08 | MLM: 1.1973 | CTC: 0.5453
Step 107700/1000000 | Loss: 2.1974 | LR: 1.68e-08 | MLM: 1.6712 | CTC: 0.5262
Step 107800/1000000 | Loss: 1.8209 | LR: 1.68e-08 | MLM: 1.2931 | CTC: 0.5279
Step 107900/1000000 | Loss: 2.6138 | LR: 1.68e-08 | MLM: 1.8258 | CTC: 0.7880
Step 108000/1000000 | Loss: 1.5842 | LR: 1.69e-08 | MLM: 1.1411 | CTC: 0.4431
Step 108100/1000000 | Loss: 1.2905 | LR: 1.69e-08 | MLM: 0.9020 | CTC: 0.3885
Step 108200/1000000 | Loss: 2.8656 | LR: 1.69e-08 | MLM: 1.8987 | CTC: 0.9670
Step 108300/1000000 | Loss: 2.5737 | LR: 1.69e-08 | MLM: 1.9126 | CTC: 0.6611
Step 108400/1000000 | Loss: 1.7952 | LR: 1.69e-08 | MLM: 1.2936 | CTC: 0.5015
Step 108500/1000000 | Loss: 2.2108 | LR: 1.69e-08 | MLM: 1.4817 | CTC: 0.7291
Step 108600/1000000 | Loss: 1.6603 | LR: 1.70e-08 | MLM: 1.1662 | CTC: 0.4941
Step 108700/1000000 | Loss: 1.2521 | LR: 1.70e-08 | MLM: 0.9292 | CTC: 0.3229
Step 108800/1000000 | Loss: 1.9143 | LR: 1.70e-08 | MLM: 1.4751 | CTC: 0.4392
Step 108900/1000000 | Loss: 2.2041 | LR: 1.70e-08 | MLM: 1.6463 | CTC: 0.5578
Step 109000/1000000 | Loss: 0.7102 | LR: 1.70e-08 | MLM: 0.4895 | CTC: 0.2207
Step 109100/1000000 | Loss: 2.2269 | LR: 1.70e-08 | MLM: 1.4797 | CTC: 0.7472
Step 109200/1000000 | Loss: 1.9420 | LR: 1.71e-08 | MLM: 1.4177 | CTC: 0.5243
Step 109300/1000000 | Loss: 1.8248 | LR: 1.71e-08 | MLM: 1.3188 | CTC: 0.5060
Step 109400/1000000 | Loss: 2.1625 | LR: 1.71e-08 | MLM: 1.5326 | CTC: 0.6299
Step 109500/1000000 | Loss: 1.4469 | LR: 1.71e-08 | MLM: 1.0326 | CTC: 0.4143
Step 109600/1000000 | Loss: 2.1909 | LR: 1.71e-08 | MLM: 1.5624 | CTC: 0.6284
Step 109700/1000000 | Loss: 1.6524 | LR: 1.71e-08 | MLM: 1.1734 | CTC: 0.4790
Step 109800/1000000 | Loss: 0.4261 | LR: 1.72e-08 | MLM: 0.2175 | CTC: 0.2086
Step 109900/1000000 | Loss: 1.4702 | LR: 1.72e-08 | MLM: 0.9388 | CTC: 0.5314
Step 110000/1000000 | Loss: 0.7629 | LR: 1.72e-08 | MLM: 0.5124 | CTC: 0.2505
✓ Saved checkpoint to checkpoint_step_110000.t7
Step 110100/1000000 | Loss: 1.5967 | LR: 1.72e-08 | MLM: 1.0618 | CTC: 0.5349
Step 110200/1000000 | Loss: 1.7822 | LR: 1.72e-08 | MLM: 1.1473 | CTC: 0.6349
Step 110300/1000000 | Loss: 2.0003 | LR: 1.72e-08 | MLM: 1.4219 | CTC: 0.5784
Step 110400/1000000 | Loss: 1.4705 | LR: 1.72e-08 | MLM: 1.0997 | CTC: 0.3708
Step 110500/1000000 | Loss: 0.9473 | LR: 1.73e-08 | MLM: 0.6776 | CTC: 0.2697
Step 110600/1000000 | Loss: 2.4611 | LR: 1.73e-08 | MLM: 1.7536 | CTC: 0.7075
Step 110700/1000000 | Loss: 1.5333 | LR: 1.73e-08 | MLM: 1.0975 | CTC: 0.4358
Step 110800/1000000 | Loss: 2.0997 | LR: 1.73e-08 | MLM: 1.5204 | CTC: 0.5793
Step 110900/1000000 | Loss: 1.3960 | LR: 1.73e-08 | MLM: 1.0392 | CTC: 0.3568
Step 111000/1000000 | Loss: 1.9324 | LR: 1.73e-08 | MLM: 1.3828 | CTC: 0.5497
Step 111100/1000000 | Loss: 1.4248 | LR: 1.73e-08 | MLM: 1.0339 | CTC: 0.3908
Step 111200/1000000 | Loss: 1.9210 | LR: 1.74e-08 | MLM: 1.3432 | CTC: 0.5778
Step 111300/1000000 | Loss: 2.1962 | LR: 1.74e-08 | MLM: 1.4587 | CTC: 0.7374
Step 111400/1000000 | Loss: 1.8223 | LR: 1.74e-08 | MLM: 1.3482 | CTC: 0.4741
Step 111500/1000000 | Loss: 1.8928 | LR: 1.74e-08 | MLM: 1.4011 | CTC: 0.4917
Step 111600/1000000 | Loss: 1.7296 | LR: 1.74e-08 | MLM: 1.2606 | CTC: 0.4689
Step 111700/1000000 | Loss: 2.2066 | LR: 1.74e-08 | MLM: 1.5401 | CTC: 0.6666
Step 111800/1000000 | Loss: 1.8631 | LR: 1.75e-08 | MLM: 1.3280 | CTC: 0.5351
Step 111900/1000000 | Loss: 0.8619 | LR: 1.75e-08 | MLM: 0.6342 | CTC: 0.2277
Step 112000/1000000 | Loss: 2.1709 | LR: 1.75e-08 | MLM: 1.5142 | CTC: 0.6567
Step 112100/1000000 | Loss: 1.2691 | LR: 1.75e-08 | MLM: 0.9208 | CTC: 0.3483
Step 112200/1000000 | Loss: 1.2972 | LR: 1.75e-08 | MLM: 0.9772 | CTC: 0.3200
Step 112300/1000000 | Loss: 2.5627 | LR: 1.75e-08 | MLM: 1.8253 | CTC: 0.7374
Step 112400/1000000 | Loss: 2.0934 | LR: 1.76e-08 | MLM: 1.5346 | CTC: 0.5588
Step 112500/1000000 | Loss: 1.2575 | LR: 1.76e-08 | MLM: 0.8661 | CTC: 0.3913
Step 112600/1000000 | Loss: 1.0204 | LR: 1.76e-08 | MLM: 0.7103 | CTC: 0.3101
Step 112700/1000000 | Loss: 1.7218 | LR: 1.76e-08 | MLM: 1.2938 | CTC: 0.4281
Step 112800/1000000 | Loss: 1.9065 | LR: 1.76e-08 | MLM: 1.3742 | CTC: 0.5323
Step 112900/1000000 | Loss: 1.5574 | LR: 1.76e-08 | MLM: 1.1334 | CTC: 0.4240
Step 113000/1000000 | Loss: 2.1565 | LR: 1.76e-08 | MLM: 1.5361 | CTC: 0.6204
Step 113100/1000000 | Loss: 1.3945 | LR: 1.77e-08 | MLM: 1.0290 | CTC: 0.3654
Step 113200/1000000 | Loss: 1.4234 | LR: 1.77e-08 | MLM: 0.9737 | CTC: 0.4497
Step 113300/1000000 | Loss: 0.1813 | LR: 1.77e-08 | MLM: 0.0881 | CTC: 0.0932
Step 113400/1000000 | Loss: 1.6014 | LR: 1.77e-08 | MLM: 1.1128 | CTC: 0.4885
Step 113500/1000000 | Loss: 0.7839 | LR: 1.77e-08 | MLM: 0.4713 | CTC: 0.3125
Step 113600/1000000 | Loss: 1.6671 | LR: 1.77e-08 | MLM: 1.1884 | CTC: 0.4787
Step 113700/1000000 | Loss: 2.8894 | LR: 1.78e-08 | MLM: 2.0094 | CTC: 0.8800
Step 113800/1000000 | Loss: 1.9214 | LR: 1.78e-08 | MLM: 1.2896 | CTC: 0.6318
Step 113900/1000000 | Loss: 0.4707 | LR: 1.78e-08 | MLM: 0.3331 | CTC: 0.1377
Step 114000/1000000 | Loss: 1.7091 | LR: 1.78e-08 | MLM: 1.2593 | CTC: 0.4498
Step 114100/1000000 | Loss: 1.7714 | LR: 1.78e-08 | MLM: 1.3196 | CTC: 0.4518
Step 114200/1000000 | Loss: 1.8917 | LR: 1.78e-08 | MLM: 1.2845 | CTC: 0.6072
Step 114300/1000000 | Loss: 2.2815 | LR: 1.78e-08 | MLM: 1.5738 | CTC: 0.7077
Step 114400/1000000 | Loss: 1.7991 | LR: 1.79e-08 | MLM: 1.3156 | CTC: 0.4835
Step 114500/1000000 | Loss: 1.6653 | LR: 1.79e-08 | MLM: 1.1082 | CTC: 0.5571
Step 114600/1000000 | Loss: 2.3953 | LR: 1.79e-08 | MLM: 1.7481 | CTC: 0.6471
Step 114700/1000000 | Loss: 2.2997 | LR: 1.79e-08 | MLM: 1.4976 | CTC: 0.8021
Step 114800/1000000 | Loss: 1.8414 | LR: 1.79e-08 | MLM: 1.2883 | CTC: 0.5531
Step 114900/1000000 | Loss: 0.9949 | LR: 1.79e-08 | MLM: 0.7177 | CTC: 0.2773
Step 115000/1000000 | Loss: 2.2088 | LR: 1.80e-08 | MLM: 1.6100 | CTC: 0.5988
✓ Saved checkpoint to checkpoint_step_115000.t7
Step 115100/1000000 | Loss: 3.0538 | LR: 1.80e-08 | MLM: 2.1239 | CTC: 0.9299
Step 115200/1000000 | Loss: 1.3052 | LR: 1.80e-08 | MLM: 0.9263 | CTC: 0.3789
Step 115300/1000000 | Loss: 2.2896 | LR: 1.80e-08 | MLM: 1.8082 | CTC: 0.4814
Step 115400/1000000 | Loss: 2.1761 | LR: 1.80e-08 | MLM: 1.5408 | CTC: 0.6353
Step 115500/1000000 | Loss: 1.9241 | LR: 1.80e-08 | MLM: 1.4133 | CTC: 0.5109
Step 115600/1000000 | Loss: 2.1955 | LR: 1.81e-08 | MLM: 1.4234 | CTC: 0.7721
Step 115700/1000000 | Loss: 1.3104 | LR: 1.81e-08 | MLM: 0.9980 | CTC: 0.3124
Step 115800/1000000 | Loss: 1.5439 | LR: 1.81e-08 | MLM: 1.0891 | CTC: 0.4548
Step 115900/1000000 | Loss: 2.2498 | LR: 1.81e-08 | MLM: 1.6082 | CTC: 0.6416
Step 116000/1000000 | Loss: 2.0780 | LR: 1.81e-08 | MLM: 1.6426 | CTC: 0.4354
Step 116100/1000000 | Loss: 2.2121 | LR: 1.81e-08 | MLM: 1.5592 | CTC: 0.6529
Step 116200/1000000 | Loss: 2.4869 | LR: 1.81e-08 | MLM: 1.6720 | CTC: 0.8149
Step 116300/1000000 | Loss: 1.3443 | LR: 1.82e-08 | MLM: 0.9501 | CTC: 0.3942
Step 116400/1000000 | Loss: 2.0064 | LR: 1.82e-08 | MLM: 1.4178 | CTC: 0.5886
Step 116500/1000000 | Loss: 1.5458 | LR: 1.82e-08 | MLM: 1.1922 | CTC: 0.3537
Step 116600/1000000 | Loss: 2.1707 | LR: 1.82e-08 | MLM: 1.6150 | CTC: 0.5557
Step 116700/1000000 | Loss: 1.5229 | LR: 1.82e-08 | MLM: 1.0137 | CTC: 0.5093
Step 116800/1000000 | Loss: 1.0634 | LR: 1.82e-08 | MLM: 0.7111 | CTC: 0.3523
Step 116900/1000000 | Loss: 2.1917 | LR: 1.83e-08 | MLM: 1.5608 | CTC: 0.6309
Step 117000/1000000 | Loss: 1.8616 | LR: 1.83e-08 | MLM: 1.3488 | CTC: 0.5128
Step 117100/1000000 | Loss: 1.3362 | LR: 1.83e-08 | MLM: 1.0330 | CTC: 0.3032
Step 117200/1000000 | Loss: 1.5341 | LR: 1.83e-08 | MLM: 1.1442 | CTC: 0.3899
Step 117300/1000000 | Loss: 1.3667 | LR: 1.83e-08 | MLM: 1.0021 | CTC: 0.3646
Step 117400/1000000 | Loss: 1.8298 | LR: 1.83e-08 | MLM: 1.3330 | CTC: 0.4968
Step 117500/1000000 | Loss: 1.5154 | LR: 1.83e-08 | MLM: 1.1519 | CTC: 0.3635
Step 117600/1000000 | Loss: 1.9946 | LR: 1.84e-08 | MLM: 1.4860 | CTC: 0.5086
Step 117700/1000000 | Loss: 2.0900 | LR: 1.84e-08 | MLM: 1.5699 | CTC: 0.5201
Step 117800/1000000 | Loss: 1.7744 | LR: 1.84e-08 | MLM: 1.3522 | CTC: 0.4222
Step 117900/1000000 | Loss: 1.4388 | LR: 1.84e-08 | MLM: 1.0295 | CTC: 0.4093
Step 118000/1000000 | Loss: 2.2611 | LR: 1.84e-08 | MLM: 1.5406 | CTC: 0.7205
Step 118100/1000000 | Loss: 2.0490 | LR: 1.84e-08 | MLM: 1.4623 | CTC: 0.5867
Step 118200/1000000 | Loss: 2.1082 | LR: 1.85e-08 | MLM: 1.4216 | CTC: 0.6865
Step 118300/1000000 | Loss: 2.2783 | LR: 1.85e-08 | MLM: 1.7865 | CTC: 0.4918
Step 118400/1000000 | Loss: 2.2487 | LR: 1.85e-08 | MLM: 1.6515 | CTC: 0.5972
Step 118500/1000000 | Loss: 0.9065 | LR: 1.85e-08 | MLM: 0.5946 | CTC: 0.3119
Step 118600/1000000 | Loss: 2.7600 | LR: 1.85e-08 | MLM: 1.9731 | CTC: 0.7869
Step 118700/1000000 | Loss: 1.6241 | LR: 1.85e-08 | MLM: 1.1484 | CTC: 0.4757
Step 118800/1000000 | Loss: 0.7328 | LR: 1.86e-08 | MLM: 0.5291 | CTC: 0.2037
Step 118900/1000000 | Loss: 2.1793 | LR: 1.86e-08 | MLM: 1.6028 | CTC: 0.5765
Step 119000/1000000 | Loss: 1.4763 | LR: 1.86e-08 | MLM: 1.0538 | CTC: 0.4224
Step 119100/1000000 | Loss: 1.7288 | LR: 1.86e-08 | MLM: 1.2281 | CTC: 0.5007
Step 119200/1000000 | Loss: 2.2839 | LR: 1.86e-08 | MLM: 1.7236 | CTC: 0.5603
Step 119300/1000000 | Loss: 1.8604 | LR: 1.86e-08 | MLM: 1.2509 | CTC: 0.6094
Step 119400/1000000 | Loss: 1.7686 | LR: 1.86e-08 | MLM: 1.3162 | CTC: 0.4524
Step 119500/1000000 | Loss: 1.8348 | LR: 1.87e-08 | MLM: 1.3543 | CTC: 0.4805
Step 119600/1000000 | Loss: 2.2030 | LR: 1.87e-08 | MLM: 1.4773 | CTC: 0.7257
Step 119700/1000000 | Loss: 2.0812 | LR: 1.87e-08 | MLM: 1.6068 | CTC: 0.4744
Step 119800/1000000 | Loss: 1.3804 | LR: 1.87e-08 | MLM: 0.9872 | CTC: 0.3931
Step 119900/1000000 | Loss: 2.2173 | LR: 1.87e-08 | MLM: 1.6573 | CTC: 0.5600
Step 120000/1000000 | Loss: 1.6630 | LR: 1.87e-08 | MLM: 1.1867 | CTC: 0.4763
✓ Saved checkpoint to checkpoint_step_120000.t7
Step 120100/1000000 | Loss: 1.7864 | LR: 1.88e-08 | MLM: 1.3199 | CTC: 0.4664
Step 120200/1000000 | Loss: 2.0861 | LR: 1.88e-08 | MLM: 1.6389 | CTC: 0.4472
Step 120300/1000000 | Loss: 1.6750 | LR: 1.88e-08 | MLM: 1.2770 | CTC: 0.3980
Step 120400/1000000 | Loss: 1.2486 | LR: 1.88e-08 | MLM: 0.9064 | CTC: 0.3422
Step 120500/1000000 | Loss: 1.6540 | LR: 1.88e-08 | MLM: 1.1611 | CTC: 0.4928
Step 120600/1000000 | Loss: 0.6974 | LR: 1.88e-08 | MLM: 0.4977 | CTC: 0.1997
Step 120700/1000000 | Loss: 2.1834 | LR: 1.89e-08 | MLM: 1.5622 | CTC: 0.6211
Step 120800/1000000 | Loss: 1.9798 | LR: 1.89e-08 | MLM: 1.4410 | CTC: 0.5388
Step 120900/1000000 | Loss: 1.4886 | LR: 1.89e-08 | MLM: 1.1098 | CTC: 0.3788
Step 121000/1000000 | Loss: 2.0668 | LR: 1.89e-08 | MLM: 1.5406 | CTC: 0.5263
Step 121100/1000000 | Loss: 1.9894 | LR: 1.89e-08 | MLM: 1.4299 | CTC: 0.5595
Step 121200/1000000 | Loss: 1.2285 | LR: 1.89e-08 | MLM: 0.9024 | CTC: 0.3261
Step 121300/1000000 | Loss: 1.9783 | LR: 1.90e-08 | MLM: 1.3838 | CTC: 0.5944
Step 121400/1000000 | Loss: 2.2005 | LR: 1.90e-08 | MLM: 1.5759 | CTC: 0.6246
Step 121500/1000000 | Loss: 0.0968 | LR: 1.90e-08 | MLM: 0.0689 | CTC: 0.0279
Step 121600/1000000 | Loss: 1.5655 | LR: 1.90e-08 | MLM: 1.0800 | CTC: 0.4855
Step 121700/1000000 | Loss: 2.2795 | LR: 1.90e-08 | MLM: 1.7346 | CTC: 0.5449
Step 121800/1000000 | Loss: 2.2872 | LR: 1.90e-08 | MLM: 1.6340 | CTC: 0.6532
Step 121900/1000000 | Loss: 1.1523 | LR: 1.90e-08 | MLM: 0.8849 | CTC: 0.2673
Step 122000/1000000 | Loss: 2.1491 | LR: 1.91e-08 | MLM: 1.4983 | CTC: 0.6508
Step 122100/1000000 | Loss: 1.5527 | LR: 1.91e-08 | MLM: 1.0656 | CTC: 0.4871
Step 122200/1000000 | Loss: 1.9731 | LR: 1.91e-08 | MLM: 1.3597 | CTC: 0.6134
Step 122300/1000000 | Loss: 1.7412 | LR: 1.91e-08 | MLM: 1.2955 | CTC: 0.4457
Step 122400/1000000 | Loss: 1.8678 | LR: 1.91e-08 | MLM: 1.5023 | CTC: 0.3656
Step 122500/1000000 | Loss: 2.0863 | LR: 1.91e-08 | MLM: 1.5341 | CTC: 0.5522
Step 122600/1000000 | Loss: 1.6995 | LR: 1.91e-08 | MLM: 1.1761 | CTC: 0.5233
Step 122700/1000000 | Loss: 1.8031 | LR: 1.92e-08 | MLM: 1.4314 | CTC: 0.3717
Step 122800/1000000 | Loss: 2.1817 | LR: 1.92e-08 | MLM: 1.5508 | CTC: 0.6309
Step 122900/1000000 | Loss: 1.1962 | LR: 1.92e-08 | MLM: 0.8984 | CTC: 0.2978
Step 123000/1000000 | Loss: 1.9293 | LR: 1.92e-08 | MLM: 1.1610 | CTC: 0.7682
Step 123100/1000000 | Loss: 1.7750 | LR: 1.92e-08 | MLM: 1.2679 | CTC: 0.5071
Step 123200/1000000 | Loss: 1.7495 | LR: 1.93e-08 | MLM: 1.2567 | CTC: 0.4928
Step 123300/1000000 | Loss: 0.7678 | LR: 1.93e-08 | MLM: 0.5198 | CTC: 0.2480
Step 123400/1000000 | Loss: 1.5301 | LR: 1.93e-08 | MLM: 1.0304 | CTC: 0.4996
Step 123500/1000000 | Loss: 2.0186 | LR: 1.93e-08 | MLM: 1.3492 | CTC: 0.6694
Step 123600/1000000 | Loss: 1.8078 | LR: 1.93e-08 | MLM: 1.3050 | CTC: 0.5028
Step 123700/1000000 | Loss: 1.1039 | LR: 1.93e-08 | MLM: 0.8630 | CTC: 0.2410
Step 123800/1000000 | Loss: 1.8615 | LR: 1.93e-08 | MLM: 1.3010 | CTC: 0.5604
Step 123900/1000000 | Loss: 1.9433 | LR: 1.94e-08 | MLM: 1.4656 | CTC: 0.4777
Step 124000/1000000 | Loss: 1.6384 | LR: 1.94e-08 | MLM: 1.1586 | CTC: 0.4798
Step 124100/1000000 | Loss: 1.3757 | LR: 1.94e-08 | MLM: 1.0174 | CTC: 0.3583
Step 124200/1000000 | Loss: 2.0829 | LR: 1.94e-08 | MLM: 1.5375 | CTC: 0.5455
Step 124300/1000000 | Loss: 1.6768 | LR: 1.94e-08 | MLM: 1.2097 | CTC: 0.4671
Step 124400/1000000 | Loss: 1.2768 | LR: 1.94e-08 | MLM: 0.8638 | CTC: 0.4131
Step 124500/1000000 | Loss: 1.5387 | LR: 1.94e-08 | MLM: 1.0774 | CTC: 0.4612
Step 124600/1000000 | Loss: 1.8621 | LR: 1.95e-08 | MLM: 1.3355 | CTC: 0.5266
Step 124700/1000000 | Loss: 0.7760 | LR: 1.95e-08 | MLM: 0.5790 | CTC: 0.1970
Step 124800/1000000 | Loss: 2.5569 | LR: 1.95e-08 | MLM: 1.8546 | CTC: 0.7023
Step 124900/1000000 | Loss: 1.4632 | LR: 1.95e-08 | MLM: 0.9728 | CTC: 0.4905
Step 125000/1000000 | Loss: 1.7712 | LR: 1.95e-08 | MLM: 1.2286 | CTC: 0.5426
✓ Saved checkpoint to checkpoint_step_125000.t7
Step 125100/1000000 | Loss: 1.6150 | LR: 1.95e-08 | MLM: 1.3654 | CTC: 0.2496
Step 125200/1000000 | Loss: 1.6506 | LR: 1.96e-08 | MLM: 1.2389 | CTC: 0.4117
Step 125300/1000000 | Loss: 1.3711 | LR: 1.96e-08 | MLM: 0.9667 | CTC: 0.4044
Step 125400/1000000 | Loss: 2.1668 | LR: 1.96e-08 | MLM: 1.5894 | CTC: 0.5774
Step 125500/1000000 | Loss: 1.4227 | LR: 1.96e-08 | MLM: 1.0027 | CTC: 0.4199
Step 125600/1000000 | Loss: 0.7678 | LR: 1.96e-08 | MLM: 0.5247 | CTC: 0.2430
Step 125700/1000000 | Loss: 2.1093 | LR: 1.96e-08 | MLM: 1.4812 | CTC: 0.6282
Step 125800/1000000 | Loss: 2.0813 | LR: 1.97e-08 | MLM: 1.5007 | CTC: 0.5805
Step 125900/1000000 | Loss: 1.5315 | LR: 1.97e-08 | MLM: 1.1125 | CTC: 0.4190
Step 126000/1000000 | Loss: 2.0353 | LR: 1.97e-08 | MLM: 1.4860 | CTC: 0.5493
Step 126100/1000000 | Loss: 1.7157 | LR: 1.97e-08 | MLM: 1.1676 | CTC: 0.5481
Step 126200/1000000 | Loss: 2.4527 | LR: 1.97e-08 | MLM: 1.8709 | CTC: 0.5819
Step 126300/1000000 | Loss: 1.6283 | LR: 1.97e-08 | MLM: 1.2397 | CTC: 0.3886
Step 126400/1000000 | Loss: 2.1067 | LR: 1.98e-08 | MLM: 1.4944 | CTC: 0.6123
Step 126500/1000000 | Loss: 2.1019 | LR: 1.98e-08 | MLM: 1.5063 | CTC: 0.5957
Step 126600/1000000 | Loss: 1.4870 | LR: 1.98e-08 | MLM: 1.1040 | CTC: 0.3830
Step 126700/1000000 | Loss: 0.6439 | LR: 1.98e-08 | MLM: 0.4699 | CTC: 0.1741
Step 126800/1000000 | Loss: 1.5102 | LR: 1.98e-08 | MLM: 0.9800 | CTC: 0.5303
Step 126900/1000000 | Loss: 1.9142 | LR: 1.98e-08 | MLM: 1.3590 | CTC: 0.5553
Step 127000/1000000 | Loss: 2.2362 | LR: 1.98e-08 | MLM: 1.4696 | CTC: 0.7666
Step 127100/1000000 | Loss: 1.9641 | LR: 1.98e-08 | MLM: 1.4563 | CTC: 0.5078
Step 127200/1000000 | Loss: 1.4527 | LR: 1.99e-08 | MLM: 1.0680 | CTC: 0.3847
Step 127300/1000000 | Loss: 0.8166 | LR: 1.99e-08 | MLM: 0.6407 | CTC: 0.1759
Step 127400/1000000 | Loss: 2.3518 | LR: 1.99e-08 | MLM: 1.5348 | CTC: 0.8170
Step 127500/1000000 | Loss: 2.6200 | LR: 1.99e-08 | MLM: 1.9765 | CTC: 0.6435
Step 127600/1000000 | Loss: 1.9018 | LR: 1.99e-08 | MLM: 1.4491 | CTC: 0.4527
Step 127700/1000000 | Loss: 1.7225 | LR: 1.99e-08 | MLM: 1.2199 | CTC: 0.5027
Step 127800/1000000 | Loss: 1.9389 | LR: 2.00e-08 | MLM: 1.2990 | CTC: 0.6398
Step 127900/1000000 | Loss: 0.7584 | LR: 2.00e-08 | MLM: 0.4808 | CTC: 0.2776
Step 128000/1000000 | Loss: 1.3519 | LR: 2.00e-08 | MLM: 1.0259 | CTC: 0.3261
Step 128100/1000000 | Loss: 1.3564 | LR: 2.00e-08 | MLM: 0.9249 | CTC: 0.4315
Step 128200/1000000 | Loss: 1.8680 | LR: 2.00e-08 | MLM: 1.4630 | CTC: 0.4049
Step 128300/1000000 | Loss: 2.8029 | LR: 2.00e-08 | MLM: 2.0019 | CTC: 0.8009
Step 128400/1000000 | Loss: 2.0486 | LR: 2.01e-08 | MLM: 1.5785 | CTC: 0.4701
Step 128500/1000000 | Loss: 2.5742 | LR: 2.01e-08 | MLM: 1.7773 | CTC: 0.7968
Step 128600/1000000 | Loss: 1.7091 | LR: 2.01e-08 | MLM: 1.2328 | CTC: 0.4763
Step 128700/1000000 | Loss: 1.2694 | LR: 2.01e-08 | MLM: 0.9343 | CTC: 0.3352
Step 128800/1000000 | Loss: 1.8333 | LR: 2.01e-08 | MLM: 1.3147 | CTC: 0.5186
Step 128900/1000000 | Loss: 2.2249 | LR: 2.01e-08 | MLM: 1.6663 | CTC: 0.5586
Step 129000/1000000 | Loss: 1.5165 | LR: 2.02e-08 | MLM: 1.0082 | CTC: 0.5083
Step 129100/1000000 | Loss: 2.0793 | LR: 2.02e-08 | MLM: 1.5319 | CTC: 0.5474
Step 129200/1000000 | Loss: 1.6356 | LR: 2.02e-08 | MLM: 1.2377 | CTC: 0.3979
Step 129300/1000000 | Loss: 1.8757 | LR: 2.02e-08 | MLM: 1.3925 | CTC: 0.4832
Step 129400/1000000 | Loss: 2.0920 | LR: 2.02e-08 | MLM: 1.3440 | CTC: 0.7480
Step 129500/1000000 | Loss: 1.6642 | LR: 2.02e-08 | MLM: 1.3024 | CTC: 0.3619
Step 129600/1000000 | Loss: 2.4624 | LR: 2.02e-08 | MLM: 1.7931 | CTC: 0.6693
Step 129700/1000000 | Loss: 1.6220 | LR: 2.03e-08 | MLM: 1.2512 | CTC: 0.3708
Step 129800/1000000 | Loss: 1.2014 | LR: 2.03e-08 | MLM: 0.8603 | CTC: 0.3411
Step 129900/1000000 | Loss: 1.3796 | LR: 2.03e-08 | MLM: 0.9615 | CTC: 0.4181
Step 130000/1000000 | Loss: 2.3252 | LR: 2.03e-08 | MLM: 1.6176 | CTC: 0.7076
✓ Saved checkpoint to checkpoint_step_130000.t7
Step 130100/1000000 | Loss: 1.4939 | LR: 2.03e-08 | MLM: 1.0967 | CTC: 0.3972
Step 130200/1000000 | Loss: 0.1792 | LR: 2.03e-08 | MLM: 0.0950 | CTC: 0.0842
Step 130300/1000000 | Loss: 1.7704 | LR: 2.03e-08 | MLM: 1.3603 | CTC: 0.4101
Step 130400/1000000 | Loss: 0.8477 | LR: 2.04e-08 | MLM: 0.6475 | CTC: 0.2002
Step 130500/1000000 | Loss: 1.4396 | LR: 2.04e-08 | MLM: 1.0665 | CTC: 0.3731
Step 130600/1000000 | Loss: 0.9354 | LR: 2.04e-08 | MLM: 0.6713 | CTC: 0.2641
Step 130700/1000000 | Loss: 2.2195 | LR: 2.04e-08 | MLM: 1.6803 | CTC: 0.5392
Step 130800/1000000 | Loss: 2.2595 | LR: 2.04e-08 | MLM: 1.6256 | CTC: 0.6339
Step 130900/1000000 | Loss: 2.5012 | LR: 2.04e-08 | MLM: 1.7895 | CTC: 0.7118
Step 131000/1000000 | Loss: 1.9948 | LR: 2.05e-08 | MLM: 1.5487 | CTC: 0.4461
Step 131100/1000000 | Loss: 2.4537 | LR: 2.05e-08 | MLM: 1.8237 | CTC: 0.6300
Step 131200/1000000 | Loss: 2.1724 | LR: 2.05e-08 | MLM: 1.6415 | CTC: 0.5309
Step 131300/1000000 | Loss: 2.5361 | LR: 2.05e-08 | MLM: 1.8672 | CTC: 0.6690
Step 131400/1000000 | Loss: 2.1929 | LR: 2.05e-08 | MLM: 1.5190 | CTC: 0.6739
Step 131500/1000000 | Loss: 0.4200 | LR: 2.05e-08 | MLM: 0.3014 | CTC: 0.1186
Step 131600/1000000 | Loss: 2.2446 | LR: 2.06e-08 | MLM: 1.5607 | CTC: 0.6839
Step 131700/1000000 | Loss: 1.3885 | LR: 2.06e-08 | MLM: 1.0641 | CTC: 0.3244
Step 131800/1000000 | Loss: 1.0948 | LR: 2.06e-08 | MLM: 0.7971 | CTC: 0.2976
Step 131900/1000000 | Loss: 1.2468 | LR: 2.06e-08 | MLM: 0.9385 | CTC: 0.3083
Step 132000/1000000 | Loss: 1.5344 | LR: 2.06e-08 | MLM: 1.0316 | CTC: 0.5028
Step 132100/1000000 | Loss: 2.3953 | LR: 2.06e-08 | MLM: 1.6258 | CTC: 0.7695
Step 132200/1000000 | Loss: 1.1089 | LR: 2.06e-08 | MLM: 0.8253 | CTC: 0.2836
Step 132300/1000000 | Loss: 0.9697 | LR: 2.07e-08 | MLM: 0.6766 | CTC: 0.2931
Step 132400/1000000 | Loss: 1.3228 | LR: 2.07e-08 | MLM: 0.8530 | CTC: 0.4697
Step 132500/1000000 | Loss: 2.1778 | LR: 2.07e-08 | MLM: 1.4706 | CTC: 0.7072
Step 132600/1000000 | Loss: 2.0213 | LR: 2.07e-08 | MLM: 1.4479 | CTC: 0.5733
Step 132700/1000000 | Loss: 2.2564 | LR: 2.07e-08 | MLM: 1.7040 | CTC: 0.5524
Step 132800/1000000 | Loss: 2.2589 | LR: 2.07e-08 | MLM: 1.5906 | CTC: 0.6683
Step 132900/1000000 | Loss: 1.2166 | LR: 2.08e-08 | MLM: 0.8608 | CTC: 0.3557
Step 133000/1000000 | Loss: 1.7303 | LR: 2.08e-08 | MLM: 1.2316 | CTC: 0.4988
Step 133100/1000000 | Loss: 1.9007 | LR: 2.08e-08 | MLM: 1.5479 | CTC: 0.3528
Step 133200/1000000 | Loss: 2.2033 | LR: 2.08e-08 | MLM: 1.4525 | CTC: 0.7509
Step 133300/1000000 | Loss: 2.1110 | LR: 2.08e-08 | MLM: 1.4906 | CTC: 0.6204
Step 133400/1000000 | Loss: 1.4749 | LR: 2.08e-08 | MLM: 1.1511 | CTC: 0.3239
Step 133500/1000000 | Loss: 1.6181 | LR: 2.08e-08 | MLM: 1.2549 | CTC: 0.3632
Step 133600/1000000 | Loss: 1.9752 | LR: 2.09e-08 | MLM: 1.4647 | CTC: 0.5105
Step 133700/1000000 | Loss: 1.8999 | LR: 2.09e-08 | MLM: 1.4271 | CTC: 0.4728
Step 133800/1000000 | Loss: 2.4764 | LR: 2.09e-08 | MLM: 1.7910 | CTC: 0.6854
Step 133900/1000000 | Loss: 1.6410 | LR: 2.09e-08 | MLM: 1.1921 | CTC: 0.4489
Step 134000/1000000 | Loss: 1.0687 | LR: 2.09e-08 | MLM: 0.7213 | CTC: 0.3474
Step 134100/1000000 | Loss: 1.3304 | LR: 2.09e-08 | MLM: 0.8042 | CTC: 0.5263
Step 134200/1000000 | Loss: 1.8621 | LR: 2.10e-08 | MLM: 1.3685 | CTC: 0.4936
Step 134300/1000000 | Loss: 1.5776 | LR: 2.10e-08 | MLM: 1.2313 | CTC: 0.3463
Step 134400/1000000 | Loss: 0.7544 | LR: 2.10e-08 | MLM: 0.5431 | CTC: 0.2113
Step 134500/1000000 | Loss: 2.2951 | LR: 2.10e-08 | MLM: 1.5930 | CTC: 0.7020
Step 134600/1000000 | Loss: 1.6364 | LR: 2.10e-08 | MLM: 1.1634 | CTC: 0.4730
Step 134700/1000000 | Loss: 1.9716 | LR: 2.10e-08 | MLM: 1.3333 | CTC: 0.6383
Step 134800/1000000 | Loss: 2.4092 | LR: 2.11e-08 | MLM: 1.6963 | CTC: 0.7129
Step 134900/1000000 | Loss: 0.7010 | LR: 2.11e-08 | MLM: 0.4889 | CTC: 0.2121
Step 135000/1000000 | Loss: 1.0459 | LR: 2.11e-08 | MLM: 0.7672 | CTC: 0.2788
✓ Saved checkpoint to checkpoint_step_135000.t7
Step 135100/1000000 | Loss: 0.6408 | LR: 2.11e-08 | MLM: 0.4650 | CTC: 0.1758
Step 135200/1000000 | Loss: 0.8661 | LR: 2.11e-08 | MLM: 0.6352 | CTC: 0.2309
Step 135300/1000000 | Loss: 2.2621 | LR: 2.11e-08 | MLM: 1.7021 | CTC: 0.5600
Step 135400/1000000 | Loss: 1.0425 | LR: 2.11e-08 | MLM: 0.7424 | CTC: 0.3001
Step 135500/1000000 | Loss: 1.0181 | LR: 2.12e-08 | MLM: 0.7783 | CTC: 0.2397
Step 135600/1000000 | Loss: 1.6993 | LR: 2.12e-08 | MLM: 1.2310 | CTC: 0.4683
Step 135700/1000000 | Loss: 2.6446 | LR: 2.12e-08 | MLM: 1.8831 | CTC: 0.7615
Step 135800/1000000 | Loss: 1.9630 | LR: 2.12e-08 | MLM: 1.4769 | CTC: 0.4862
Step 135900/1000000 | Loss: 1.3986 | LR: 2.12e-08 | MLM: 0.8648 | CTC: 0.5338
Step 136000/1000000 | Loss: 2.5306 | LR: 2.12e-08 | MLM: 1.7803 | CTC: 0.7503
Step 136100/1000000 | Loss: 2.2266 | LR: 2.13e-08 | MLM: 1.6497 | CTC: 0.5769
Step 136200/1000000 | Loss: 1.5377 | LR: 2.13e-08 | MLM: 1.0690 | CTC: 0.4687
Step 136300/1000000 | Loss: 2.0161 | LR: 2.13e-08 | MLM: 1.4308 | CTC: 0.5852
Step 136400/1000000 | Loss: 1.7931 | LR: 2.13e-08 | MLM: 1.2777 | CTC: 0.5154
Step 136500/1000000 | Loss: 0.7478 | LR: 2.13e-08 | MLM: 0.5646 | CTC: 0.1833
Step 136600/1000000 | Loss: 2.9147 | LR: 2.13e-08 | MLM: 1.9076 | CTC: 1.0071
Step 136700/1000000 | Loss: 1.4497 | LR: 2.13e-08 | MLM: 1.0642 | CTC: 0.3855
Step 136800/1000000 | Loss: 1.5626 | LR: 2.14e-08 | MLM: 1.1486 | CTC: 0.4140
Step 136900/1000000 | Loss: 2.5978 | LR: 2.14e-08 | MLM: 1.7908 | CTC: 0.8071
Step 137000/1000000 | Loss: 1.7200 | LR: 2.14e-08 | MLM: 1.1829 | CTC: 0.5371
Step 137100/1000000 | Loss: 0.5871 | LR: 2.14e-08 | MLM: 0.4205 | CTC: 0.1666
Step 137200/1000000 | Loss: 1.1248 | LR: 2.14e-08 | MLM: 0.7888 | CTC: 0.3359
Step 137300/1000000 | Loss: 0.8902 | LR: 2.15e-08 | MLM: 0.6530 | CTC: 0.2373
Step 137400/1000000 | Loss: 2.2707 | LR: 2.15e-08 | MLM: 1.6287 | CTC: 0.6420
Step 137500/1000000 | Loss: 1.8844 | LR: 2.15e-08 | MLM: 1.3984 | CTC: 0.4861
Step 137600/1000000 | Loss: 1.7583 | LR: 2.15e-08 | MLM: 1.2155 | CTC: 0.5427
Step 137700/1000000 | Loss: 2.2733 | LR: 2.15e-08 | MLM: 1.7104 | CTC: 0.5628
Step 137800/1000000 | Loss: 2.3929 | LR: 2.15e-08 | MLM: 1.8310 | CTC: 0.5619
Step 137900/1000000 | Loss: 0.8742 | LR: 2.15e-08 | MLM: 0.6513 | CTC: 0.2229
Step 138000/1000000 | Loss: 1.9455 | LR: 2.16e-08 | MLM: 1.4688 | CTC: 0.4767
Step 138100/1000000 | Loss: 1.9373 | LR: 2.16e-08 | MLM: 1.3307 | CTC: 0.6066
Step 138200/1000000 | Loss: 1.6239 | LR: 2.16e-08 | MLM: 1.1116 | CTC: 0.5123
Step 138300/1000000 | Loss: 1.5650 | LR: 2.16e-08 | MLM: 1.1184 | CTC: 0.4466
Step 138400/1000000 | Loss: 1.5598 | LR: 2.16e-08 | MLM: 1.2141 | CTC: 0.3457
Step 138500/1000000 | Loss: 0.8975 | LR: 2.16e-08 | MLM: 0.6612 | CTC: 0.2363
Step 138600/1000000 | Loss: 2.2130 | LR: 2.16e-08 | MLM: 1.7068 | CTC: 0.5062
Step 138700/1000000 | Loss: 1.7815 | LR: 2.17e-08 | MLM: 1.2405 | CTC: 0.5411
Step 138800/1000000 | Loss: 1.2329 | LR: 2.17e-08 | MLM: 0.8556 | CTC: 0.3774
Step 138900/1000000 | Loss: 0.2757 | LR: 2.17e-08 | MLM: 0.1809 | CTC: 0.0948
Step 139000/1000000 | Loss: 1.2792 | LR: 2.17e-08 | MLM: 0.8874 | CTC: 0.3918
Step 139100/1000000 | Loss: 1.4085 | LR: 2.17e-08 | MLM: 0.9359 | CTC: 0.4726
Step 139200/1000000 | Loss: 1.7218 | LR: 2.17e-08 | MLM: 1.3199 | CTC: 0.4019
Step 139300/1000000 | Loss: 0.8100 | LR: 2.18e-08 | MLM: 0.5673 | CTC: 0.2427
Step 139400/1000000 | Loss: 2.2501 | LR: 2.18e-08 | MLM: 1.6827 | CTC: 0.5674
Step 139500/1000000 | Loss: 2.2059 | LR: 2.18e-08 | MLM: 1.5162 | CTC: 0.6897
Step 139600/1000000 | Loss: 1.4922 | LR: 2.18e-08 | MLM: 1.0732 | CTC: 0.4190
Step 139700/1000000 | Loss: 1.4407 | LR: 2.18e-08 | MLM: 0.9906 | CTC: 0.4500
Step 139800/1000000 | Loss: 1.9188 | LR: 2.18e-08 | MLM: 1.4608 | CTC: 0.4581
Step 139900/1000000 | Loss: 2.0060 | LR: 2.19e-08 | MLM: 1.5447 | CTC: 0.4613
Step 140000/1000000 | Loss: 0.5642 | LR: 2.19e-08 | MLM: 0.4089 | CTC: 0.1553
✓ Saved checkpoint to checkpoint_step_140000.t7
Step 140100/1000000 | Loss: 1.4063 | LR: 2.19e-08 | MLM: 1.0202 | CTC: 0.3861
Step 140200/1000000 | Loss: 1.9057 | LR: 2.19e-08 | MLM: 1.5179 | CTC: 0.3879
Step 140300/1000000 | Loss: 1.0723 | LR: 2.19e-08 | MLM: 0.7428 | CTC: 0.3295
Step 140400/1000000 | Loss: 1.5433 | LR: 2.19e-08 | MLM: 1.1912 | CTC: 0.3521
Step 140500/1000000 | Loss: 2.0355 | LR: 2.19e-08 | MLM: 1.4127 | CTC: 0.6228
Step 140600/1000000 | Loss: 0.7278 | LR: 2.20e-08 | MLM: 0.5248 | CTC: 0.2031
Step 140700/1000000 | Loss: 1.2036 | LR: 2.20e-08 | MLM: 0.9145 | CTC: 0.2891
Step 140800/1000000 | Loss: 2.0190 | LR: 2.20e-08 | MLM: 1.5044 | CTC: 0.5146
Step 140900/1000000 | Loss: 2.9751 | LR: 2.20e-08 | MLM: 2.0702 | CTC: 0.9050
Step 141000/1000000 | Loss: 2.1114 | LR: 2.20e-08 | MLM: 1.5255 | CTC: 0.5859
Step 141100/1000000 | Loss: 2.3509 | LR: 2.20e-08 | MLM: 1.6632 | CTC: 0.6877
Step 141200/1000000 | Loss: 2.0660 | LR: 2.21e-08 | MLM: 1.5087 | CTC: 0.5573
Step 141300/1000000 | Loss: 1.8677 | LR: 2.21e-08 | MLM: 1.4032 | CTC: 0.4645
Step 141400/1000000 | Loss: 1.5938 | LR: 2.21e-08 | MLM: 1.0756 | CTC: 0.5182
Step 141500/1000000 | Loss: 1.3831 | LR: 2.21e-08 | MLM: 1.0042 | CTC: 0.3788
Step 141600/1000000 | Loss: 1.8694 | LR: 2.21e-08 | MLM: 1.4245 | CTC: 0.4449
Step 141700/1000000 | Loss: 1.8626 | LR: 2.21e-08 | MLM: 1.4056 | CTC: 0.4571
Step 141800/1000000 | Loss: 1.4687 | LR: 2.21e-08 | MLM: 1.0699 | CTC: 0.3988
Step 141900/1000000 | Loss: 1.9642 | LR: 2.22e-08 | MLM: 1.3913 | CTC: 0.5729
Step 142000/1000000 | Loss: 0.9901 | LR: 2.22e-08 | MLM: 0.7532 | CTC: 0.2368
Step 142100/1000000 | Loss: 3.2443 | LR: 2.22e-08 | MLM: 2.2115 | CTC: 1.0328
Step 142200/1000000 | Loss: 1.8277 | LR: 2.22e-08 | MLM: 1.3686 | CTC: 0.4591
Step 142300/1000000 | Loss: 2.0520 | LR: 2.22e-08 | MLM: 1.4757 | CTC: 0.5763
Step 142400/1000000 | Loss: 2.2853 | LR: 2.23e-08 | MLM: 1.6066 | CTC: 0.6787
Step 142500/1000000 | Loss: 0.7015 | LR: 2.23e-08 | MLM: 0.5492 | CTC: 0.1523
Step 142600/1000000 | Loss: 1.3671 | LR: 2.23e-08 | MLM: 0.9911 | CTC: 0.3760
Step 142700/1000000 | Loss: 1.2935 | LR: 2.23e-08 | MLM: 0.9415 | CTC: 0.3521
Step 142800/1000000 | Loss: 2.5651 | LR: 2.23e-08 | MLM: 1.7871 | CTC: 0.7780
Step 142900/1000000 | Loss: 1.6758 | LR: 2.23e-08 | MLM: 1.2183 | CTC: 0.4576
Step 143000/1000000 | Loss: 1.5654 | LR: 2.23e-08 | MLM: 1.0837 | CTC: 0.4817
Step 143100/1000000 | Loss: 1.8728 | LR: 2.23e-08 | MLM: 1.3826 | CTC: 0.4903
Step 143200/1000000 | Loss: 2.0565 | LR: 2.24e-08 | MLM: 1.4907 | CTC: 0.5658
Step 143300/1000000 | Loss: 2.5010 | LR: 2.24e-08 | MLM: 1.6831 | CTC: 0.8180
Step 143400/1000000 | Loss: 1.8350 | LR: 2.24e-08 | MLM: 1.1455 | CTC: 0.6895
Step 143500/1000000 | Loss: 1.5831 | LR: 2.24e-08 | MLM: 1.0174 | CTC: 0.5657
Step 143600/1000000 | Loss: 0.7001 | LR: 2.24e-08 | MLM: 0.4974 | CTC: 0.2027
Step 143700/1000000 | Loss: 1.1437 | LR: 2.24e-08 | MLM: 0.8096 | CTC: 0.3341
Step 143800/1000000 | Loss: 1.2612 | LR: 2.25e-08 | MLM: 0.8694 | CTC: 0.3918
Step 143900/1000000 | Loss: 1.2462 | LR: 2.25e-08 | MLM: 0.8246 | CTC: 0.4216
Step 144000/1000000 | Loss: 1.9565 | LR: 2.25e-08 | MLM: 1.5673 | CTC: 0.3892
Step 144100/1000000 | Loss: 1.8159 | LR: 2.25e-08 | MLM: 1.3691 | CTC: 0.4468
Step 144200/1000000 | Loss: 2.0650 | LR: 2.25e-08 | MLM: 1.5849 | CTC: 0.4801
Step 144300/1000000 | Loss: 2.1908 | LR: 2.25e-08 | MLM: 1.5640 | CTC: 0.6268
Step 144400/1000000 | Loss: 2.5783 | LR: 2.26e-08 | MLM: 1.6974 | CTC: 0.8809
Step 144500/1000000 | Loss: 1.0654 | LR: 2.26e-08 | MLM: 0.7846 | CTC: 0.2808
Step 144600/1000000 | Loss: 0.9547 | LR: 2.26e-08 | MLM: 0.6715 | CTC: 0.2832
Step 144700/1000000 | Loss: 0.9373 | LR: 2.26e-08 | MLM: 0.6305 | CTC: 0.3068
Step 144800/1000000 | Loss: 1.2245 | LR: 2.26e-08 | MLM: 0.8872 | CTC: 0.3373
Step 144900/1000000 | Loss: 1.6195 | LR: 2.26e-08 | MLM: 1.2599 | CTC: 0.3596
Step 145000/1000000 | Loss: 0.9240 | LR: 2.27e-08 | MLM: 0.5695 | CTC: 0.3545
✓ Saved checkpoint to checkpoint_step_145000.t7
Step 145100/1000000 | Loss: 1.4887 | LR: 2.27e-08 | MLM: 1.0761 | CTC: 0.4125
Step 145200/1000000 | Loss: 2.3133 | LR: 2.27e-08 | MLM: 1.6623 | CTC: 0.6510
Step 145300/1000000 | Loss: 2.5137 | LR: 2.27e-08 | MLM: 1.8002 | CTC: 0.7135
Step 145400/1000000 | Loss: 1.0587 | LR: 2.27e-08 | MLM: 0.7390 | CTC: 0.3197
Step 145500/1000000 | Loss: 1.7854 | LR: 2.27e-08 | MLM: 1.3804 | CTC: 0.4050
Step 145600/1000000 | Loss: 1.2118 | LR: 2.27e-08 | MLM: 0.8774 | CTC: 0.3344
Step 145700/1000000 | Loss: 1.4509 | LR: 2.28e-08 | MLM: 1.1240 | CTC: 0.3270
Step 145800/1000000 | Loss: 1.9633 | LR: 2.28e-08 | MLM: 1.3917 | CTC: 0.5717
Step 145900/1000000 | Loss: 1.7939 | LR: 2.28e-08 | MLM: 1.3798 | CTC: 0.4141
Step 146000/1000000 | Loss: 1.1218 | LR: 2.28e-08 | MLM: 0.8749 | CTC: 0.2469
Step 146100/1000000 | Loss: 1.8634 | LR: 2.28e-08 | MLM: 1.4090 | CTC: 0.4543
Step 146200/1000000 | Loss: 1.4838 | LR: 2.28e-08 | MLM: 1.0608 | CTC: 0.4230
Step 146300/1000000 | Loss: 1.8378 | LR: 2.28e-08 | MLM: 1.3413 | CTC: 0.4965
Step 146400/1000000 | Loss: 1.2322 | LR: 2.29e-08 | MLM: 0.8633 | CTC: 0.3689
Step 146500/1000000 | Loss: 2.1741 | LR: 2.29e-08 | MLM: 1.5726 | CTC: 0.6016
Step 146600/1000000 | Loss: 1.6904 | LR: 2.29e-08 | MLM: 1.2128 | CTC: 0.4776
Step 146700/1000000 | Loss: 1.5565 | LR: 2.29e-08 | MLM: 1.2084 | CTC: 0.3481
Step 146800/1000000 | Loss: 1.3916 | LR: 2.29e-08 | MLM: 1.0079 | CTC: 0.3837
Step 146900/1000000 | Loss: 2.3106 | LR: 2.30e-08 | MLM: 1.6968 | CTC: 0.6139
Step 147000/1000000 | Loss: 1.6200 | LR: 2.30e-08 | MLM: 1.2319 | CTC: 0.3881
Step 147100/1000000 | Loss: 1.4293 | LR: 2.30e-08 | MLM: 1.1603 | CTC: 0.2690
Step 147200/1000000 | Loss: 1.9756 | LR: 2.30e-08 | MLM: 1.4548 | CTC: 0.5207
Step 147300/1000000 | Loss: 1.7190 | LR: 2.30e-08 | MLM: 1.3068 | CTC: 0.4123
Step 147400/1000000 | Loss: 2.4520 | LR: 2.30e-08 | MLM: 1.7620 | CTC: 0.6900
Step 147500/1000000 | Loss: 1.2538 | LR: 2.30e-08 | MLM: 0.9514 | CTC: 0.3024
Step 147600/1000000 | Loss: 1.5150 | LR: 2.31e-08 | MLM: 1.1659 | CTC: 0.3491
Step 147700/1000000 | Loss: 0.5033 | LR: 2.31e-08 | MLM: 0.2804 | CTC: 0.2229
Step 147800/1000000 | Loss: 0.7914 | LR: 2.31e-08 | MLM: 0.5245 | CTC: 0.2669
Step 147900/1000000 | Loss: 0.6052 | LR: 2.31e-08 | MLM: 0.4810 | CTC: 0.1243
Step 148000/1000000 | Loss: 2.4357 | LR: 2.31e-08 | MLM: 1.6186 | CTC: 0.8172
Step 148100/1000000 | Loss: 2.2336 | LR: 2.31e-08 | MLM: 1.5766 | CTC: 0.6569
Step 148200/1000000 | Loss: 2.1779 | LR: 2.31e-08 | MLM: 1.5614 | CTC: 0.6166
Step 148300/1000000 | Loss: 1.4242 | LR: 2.32e-08 | MLM: 0.9274 | CTC: 0.4968
Step 148400/1000000 | Loss: 1.8511 | LR: 2.32e-08 | MLM: 1.4218 | CTC: 0.4293
Step 148500/1000000 | Loss: 1.5920 | LR: 2.32e-08 | MLM: 1.2433 | CTC: 0.3487
Step 148600/1000000 | Loss: 1.5476 | LR: 2.32e-08 | MLM: 1.1652 | CTC: 0.3824
Step 148700/1000000 | Loss: 1.2539 | LR: 2.32e-08 | MLM: 0.9670 | CTC: 0.2869
Step 148800/1000000 | Loss: 1.5241 | LR: 2.32e-08 | MLM: 1.1160 | CTC: 0.4082
Step 148900/1000000 | Loss: 1.8230 | LR: 2.33e-08 | MLM: 1.2832 | CTC: 0.5398
Step 149000/1000000 | Loss: 1.8282 | LR: 2.33e-08 | MLM: 1.0721 | CTC: 0.7561
Step 149100/1000000 | Loss: 2.2828 | LR: 2.33e-08 | MLM: 1.6034 | CTC: 0.6794
Step 149200/1000000 | Loss: 1.8497 | LR: 2.33e-08 | MLM: 1.2405 | CTC: 0.6092
Step 149300/1000000 | Loss: 1.0910 | LR: 2.33e-08 | MLM: 0.8480 | CTC: 0.2430
Step 149400/1000000 | Loss: 1.0800 | LR: 2.33e-08 | MLM: 0.7823 | CTC: 0.2976
Step 149500/1000000 | Loss: 1.6633 | LR: 2.34e-08 | MLM: 1.2723 | CTC: 0.3910
Step 149600/1000000 | Loss: 1.1804 | LR: 2.34e-08 | MLM: 0.8972 | CTC: 0.2832
Step 149700/1000000 | Loss: 1.9213 | LR: 2.34e-08 | MLM: 1.5138 | CTC: 0.4075
Step 149800/1000000 | Loss: 2.2950 | LR: 2.34e-08 | MLM: 1.7242 | CTC: 0.5708
Step 149900/1000000 | Loss: 1.0413 | LR: 2.34e-08 | MLM: 0.7095 | CTC: 0.3318
Step 150000/1000000 | Loss: 1.6882 | LR: 2.34e-08 | MLM: 1.1682 | CTC: 0.5200
✓ Saved checkpoint to checkpoint_step_150000.t7
Step 150100/1000000 | Loss: 1.9546 | LR: 2.34e-08 | MLM: 1.4465 | CTC: 0.5081
Step 150200/1000000 | Loss: 1.1258 | LR: 2.35e-08 | MLM: 0.7984 | CTC: 0.3274
Step 150300/1000000 | Loss: 1.1314 | LR: 2.35e-08 | MLM: 0.6796 | CTC: 0.4518
Step 150400/1000000 | Loss: 1.1812 | LR: 2.35e-08 | MLM: 0.8961 | CTC: 0.2851
Step 150500/1000000 | Loss: 2.2099 | LR: 2.35e-08 | MLM: 1.6296 | CTC: 0.5803
Step 150600/1000000 | Loss: 0.9943 | LR: 2.35e-08 | MLM: 0.7611 | CTC: 0.2332
Step 150700/1000000 | Loss: 2.1059 | LR: 2.35e-08 | MLM: 1.5531 | CTC: 0.5528
Step 150800/1000000 | Loss: 1.7215 | LR: 2.36e-08 | MLM: 1.2117 | CTC: 0.5098
Step 150900/1000000 | Loss: 1.4523 | LR: 2.36e-08 | MLM: 1.0299 | CTC: 0.4225
Step 151000/1000000 | Loss: 0.9800 | LR: 2.36e-08 | MLM: 0.6859 | CTC: 0.2941
Step 151100/1000000 | Loss: 0.7019 | LR: 2.36e-08 | MLM: 0.4905 | CTC: 0.2114
Step 151200/1000000 | Loss: 2.0501 | LR: 2.36e-08 | MLM: 1.5686 | CTC: 0.4815
Step 151300/1000000 | Loss: 2.3215 | LR: 2.36e-08 | MLM: 1.6991 | CTC: 0.6224
Step 151400/1000000 | Loss: 2.4802 | LR: 2.36e-08 | MLM: 1.6875 | CTC: 0.7927
Step 151500/1000000 | Loss: 1.7942 | LR: 2.37e-08 | MLM: 1.3313 | CTC: 0.4629
Step 151600/1000000 | Loss: 2.2599 | LR: 2.37e-08 | MLM: 1.6324 | CTC: 0.6274
Step 151700/1000000 | Loss: 0.6773 | LR: 2.37e-08 | MLM: 0.4421 | CTC: 0.2352
Step 151800/1000000 | Loss: 1.4465 | LR: 2.37e-08 | MLM: 1.0458 | CTC: 0.4007
Step 151900/1000000 | Loss: 1.5394 | LR: 2.37e-08 | MLM: 1.0690 | CTC: 0.4703
Step 152000/1000000 | Loss: 1.6755 | LR: 2.37e-08 | MLM: 1.2002 | CTC: 0.4753
Step 152100/1000000 | Loss: 1.4497 | LR: 2.38e-08 | MLM: 1.2404 | CTC: 0.2093
Step 152200/1000000 | Loss: 1.1642 | LR: 2.38e-08 | MLM: 0.8369 | CTC: 0.3273
Step 152300/1000000 | Loss: 0.6864 | LR: 2.38e-08 | MLM: 0.4834 | CTC: 0.2030
Step 152400/1000000 | Loss: 1.7015 | LR: 2.38e-08 | MLM: 1.1997 | CTC: 0.5018
Step 152500/1000000 | Loss: 1.4430 | LR: 2.38e-08 | MLM: 1.0891 | CTC: 0.3540
Step 152600/1000000 | Loss: 1.8570 | LR: 2.38e-08 | MLM: 1.2916 | CTC: 0.5654
Step 152700/1000000 | Loss: 1.5288 | LR: 2.38e-08 | MLM: 1.1123 | CTC: 0.4164
Step 152800/1000000 | Loss: 2.2270 | LR: 2.39e-08 | MLM: 1.6547 | CTC: 0.5723
Step 152900/1000000 | Loss: 0.5711 | LR: 2.39e-08 | MLM: 0.2994 | CTC: 0.2717
Step 153000/1000000 | Loss: 1.9764 | LR: 2.39e-08 | MLM: 1.4749 | CTC: 0.5015
Step 153100/1000000 | Loss: 2.1207 | LR: 2.39e-08 | MLM: 1.5339 | CTC: 0.5868
Step 153200/1000000 | Loss: 1.0634 | LR: 2.39e-08 | MLM: 0.7768 | CTC: 0.2866
Step 153300/1000000 | Loss: 1.0473 | LR: 2.39e-08 | MLM: 0.8147 | CTC: 0.2326
Step 153400/1000000 | Loss: 1.9943 | LR: 2.40e-08 | MLM: 1.4168 | CTC: 0.5774
Step 153500/1000000 | Loss: 1.4433 | LR: 2.40e-08 | MLM: 1.0584 | CTC: 0.3849
Step 153600/1000000 | Loss: 2.2224 | LR: 2.40e-08 | MLM: 1.6331 | CTC: 0.5894
Step 153700/1000000 | Loss: 2.2389 | LR: 2.40e-08 | MLM: 1.5277 | CTC: 0.7112
Step 153800/1000000 | Loss: 1.4785 | LR: 2.40e-08 | MLM: 1.0617 | CTC: 0.4168
Step 153900/1000000 | Loss: 1.9945 | LR: 2.40e-08 | MLM: 1.5297 | CTC: 0.4648
Step 154000/1000000 | Loss: 1.8376 | LR: 2.41e-08 | MLM: 1.3521 | CTC: 0.4855
Step 154100/1000000 | Loss: 1.5542 | LR: 2.41e-08 | MLM: 1.2562 | CTC: 0.2980
Step 154200/1000000 | Loss: 1.4530 | LR: 2.41e-08 | MLM: 0.9998 | CTC: 0.4532
Step 154300/1000000 | Loss: 1.4077 | LR: 2.41e-08 | MLM: 1.1260 | CTC: 0.2817
Step 154400/1000000 | Loss: 1.9775 | LR: 2.41e-08 | MLM: 1.4735 | CTC: 0.5039
Step 154500/1000000 | Loss: 1.6635 | LR: 2.41e-08 | MLM: 1.2736 | CTC: 0.3899
Step 154600/1000000 | Loss: 0.7978 | LR: 2.41e-08 | MLM: 0.6017 | CTC: 0.1962
Step 154700/1000000 | Loss: 0.7959 | LR: 2.42e-08 | MLM: 0.5893 | CTC: 0.2066
Step 154800/1000000 | Loss: 1.1263 | LR: 2.42e-08 | MLM: 0.8705 | CTC: 0.2559
Step 154900/1000000 | Loss: 1.7126 | LR: 2.42e-08 | MLM: 1.2860 | CTC: 0.4266
Step 155000/1000000 | Loss: 1.2276 | LR: 2.42e-08 | MLM: 0.8041 | CTC: 0.4235
✓ Saved checkpoint to checkpoint_step_155000.t7
Step 155100/1000000 | Loss: 1.3076 | LR: 2.42e-08 | MLM: 0.9506 | CTC: 0.3570
Step 155200/1000000 | Loss: 1.7178 | LR: 2.42e-08 | MLM: 1.1870 | CTC: 0.5308
Step 155300/1000000 | Loss: 0.7759 | LR: 2.43e-08 | MLM: 0.6201 | CTC: 0.1558
Step 155400/1000000 | Loss: 1.8036 | LR: 2.43e-08 | MLM: 1.2915 | CTC: 0.5121
Step 155500/1000000 | Loss: 1.0409 | LR: 2.43e-08 | MLM: 0.7423 | CTC: 0.2986
Step 155600/1000000 | Loss: 0.4567 | LR: 2.43e-08 | MLM: 0.3130 | CTC: 0.1437
Step 155700/1000000 | Loss: 1.5794 | LR: 2.43e-08 | MLM: 1.1374 | CTC: 0.4420
Step 155800/1000000 | Loss: 2.1940 | LR: 2.43e-08 | MLM: 1.5532 | CTC: 0.6408
Step 155900/1000000 | Loss: 1.8144 | LR: 2.43e-08 | MLM: 1.2977 | CTC: 0.5167
Step 156000/1000000 | Loss: 0.2440 | LR: 2.44e-08 | MLM: 0.1117 | CTC: 0.1324
Step 156100/1000000 | Loss: 1.3819 | LR: 2.44e-08 | MLM: 1.0757 | CTC: 0.3061
Step 156200/1000000 | Loss: 1.9881 | LR: 2.44e-08 | MLM: 1.4766 | CTC: 0.5115
Step 156300/1000000 | Loss: 1.9895 | LR: 2.44e-08 | MLM: 1.3987 | CTC: 0.5908
Step 156400/1000000 | Loss: 1.5203 | LR: 2.44e-08 | MLM: 1.0609 | CTC: 0.4594
Step 156500/1000000 | Loss: 1.8650 | LR: 2.44e-08 | MLM: 1.3241 | CTC: 0.5409
Step 156600/1000000 | Loss: 2.3107 | LR: 2.45e-08 | MLM: 1.7378 | CTC: 0.5729
Step 156700/1000000 | Loss: 1.0985 | LR: 2.45e-08 | MLM: 0.7554 | CTC: 0.3431
Step 156800/1000000 | Loss: 1.7795 | LR: 2.45e-08 | MLM: 1.3324 | CTC: 0.4470
Step 156900/1000000 | Loss: 1.4795 | LR: 2.45e-08 | MLM: 1.0569 | CTC: 0.4226
Step 157000/1000000 | Loss: 1.1682 | LR: 2.45e-08 | MLM: 0.7858 | CTC: 0.3823
Step 157100/1000000 | Loss: 3.0365 | LR: 2.45e-08 | MLM: 2.1753 | CTC: 0.8612
Step 157200/1000000 | Loss: 1.1338 | LR: 2.46e-08 | MLM: 0.7882 | CTC: 0.3456
Step 157300/1000000 | Loss: 0.9643 | LR: 2.46e-08 | MLM: 0.7446 | CTC: 0.2197
Step 157400/1000000 | Loss: 1.2172 | LR: 2.46e-08 | MLM: 0.8062 | CTC: 0.4110
Step 157500/1000000 | Loss: 2.0288 | LR: 2.46e-08 | MLM: 1.4423 | CTC: 0.5864
Step 157600/1000000 | Loss: 2.3790 | LR: 2.46e-08 | MLM: 1.6864 | CTC: 0.6926
Step 157700/1000000 | Loss: 2.0325 | LR: 2.46e-08 | MLM: 1.5449 | CTC: 0.4876
Step 157800/1000000 | Loss: 1.1785 | LR: 2.46e-08 | MLM: 0.8773 | CTC: 0.3013
Step 157900/1000000 | Loss: 1.8243 | LR: 2.47e-08 | MLM: 1.2313 | CTC: 0.5931
Step 158000/1000000 | Loss: 1.7946 | LR: 2.47e-08 | MLM: 1.3137 | CTC: 0.4809
Step 158100/1000000 | Loss: 2.1783 | LR: 2.47e-08 | MLM: 1.5646 | CTC: 0.6137
Step 158200/1000000 | Loss: 1.8311 | LR: 2.47e-08 | MLM: 1.3318 | CTC: 0.4993
Step 158300/1000000 | Loss: 1.6489 | LR: 2.47e-08 | MLM: 1.2180 | CTC: 0.4309
Step 158400/1000000 | Loss: 1.7974 | LR: 2.47e-08 | MLM: 1.3982 | CTC: 0.3991
Step 158500/1000000 | Loss: 1.5327 | LR: 2.48e-08 | MLM: 1.1197 | CTC: 0.4130
Step 158600/1000000 | Loss: 1.5817 | LR: 2.48e-08 | MLM: 1.2047 | CTC: 0.3770
Step 158700/1000000 | Loss: 1.7833 | LR: 2.48e-08 | MLM: 1.4715 | CTC: 0.3117
Step 158800/1000000 | Loss: 2.7446 | LR: 2.48e-08 | MLM: 1.9798 | CTC: 0.7648
Step 158900/1000000 | Loss: 1.6354 | LR: 2.48e-08 | MLM: 1.1686 | CTC: 0.4668
Step 159000/1000000 | Loss: 1.4420 | LR: 2.48e-08 | MLM: 1.0956 | CTC: 0.3464
Step 159100/1000000 | Loss: 0.5344 | LR: 2.48e-08 | MLM: 0.3375 | CTC: 0.1969
Step 159200/1000000 | Loss: 1.1745 | LR: 2.49e-08 | MLM: 0.9144 | CTC: 0.2601
Step 159300/1000000 | Loss: 2.1499 | LR: 2.49e-08 | MLM: 1.5619 | CTC: 0.5880
Step 159400/1000000 | Loss: 2.2677 | LR: 2.49e-08 | MLM: 1.4602 | CTC: 0.8075
Step 159500/1000000 | Loss: 1.6162 | LR: 2.49e-08 | MLM: 1.1815 | CTC: 0.4347
Step 159600/1000000 | Loss: 1.9182 | LR: 2.49e-08 | MLM: 1.3131 | CTC: 0.6052
Step 159700/1000000 | Loss: 1.7011 | LR: 2.49e-08 | MLM: 1.3159 | CTC: 0.3852
Step 159800/1000000 | Loss: 1.2856 | LR: 2.50e-08 | MLM: 0.9626 | CTC: 0.3230
Step 159900/1000000 | Loss: 0.8254 | LR: 2.50e-08 | MLM: 0.5816 | CTC: 0.2437
Step 160000/1000000 | Loss: 1.9054 | LR: 2.50e-08 | MLM: 1.3213 | CTC: 0.5841
✓ Saved checkpoint to checkpoint_step_160000.t7
Step 160100/1000000 | Loss: 1.9907 | LR: 2.50e-08 | MLM: 1.4489 | CTC: 0.5419
Step 160200/1000000 | Loss: 1.4449 | LR: 2.50e-08 | MLM: 1.0153 | CTC: 0.4296
Step 160300/1000000 | Loss: 1.3366 | LR: 2.50e-08 | MLM: 0.9608 | CTC: 0.3758
Step 160400/1000000 | Loss: 1.2500 | LR: 2.51e-08 | MLM: 0.8958 | CTC: 0.3542
Step 160500/1000000 | Loss: 0.8948 | LR: 2.51e-08 | MLM: 0.6453 | CTC: 0.2495
Step 160600/1000000 | Loss: 2.0345 | LR: 2.51e-08 | MLM: 1.4373 | CTC: 0.5972
Step 160700/1000000 | Loss: 1.3648 | LR: 2.51e-08 | MLM: 1.0061 | CTC: 0.3587
Step 160800/1000000 | Loss: 1.7043 | LR: 2.51e-08 | MLM: 1.3233 | CTC: 0.3810
Step 160900/1000000 | Loss: 1.4362 | LR: 2.51e-08 | MLM: 1.0763 | CTC: 0.3599
Step 161000/1000000 | Loss: 1.2701 | LR: 2.52e-08 | MLM: 0.9981 | CTC: 0.2720
Step 161100/1000000 | Loss: 0.9837 | LR: 2.52e-08 | MLM: 0.7107 | CTC: 0.2730
Step 161200/1000000 | Loss: 0.5464 | LR: 2.52e-08 | MLM: 0.3353 | CTC: 0.2111
Step 161300/1000000 | Loss: 2.1750 | LR: 2.52e-08 | MLM: 1.5934 | CTC: 0.5816
Step 161400/1000000 | Loss: 1.4993 | LR: 2.52e-08 | MLM: 0.9569 | CTC: 0.5425
Step 161500/1000000 | Loss: 2.0581 | LR: 2.52e-08 | MLM: 1.4200 | CTC: 0.6381
Step 161600/1000000 | Loss: 1.2077 | LR: 2.52e-08 | MLM: 0.8818 | CTC: 0.3259
Step 161700/1000000 | Loss: 1.5626 | LR: 2.53e-08 | MLM: 1.1302 | CTC: 0.4324
Step 161800/1000000 | Loss: 1.1831 | LR: 2.53e-08 | MLM: 0.8564 | CTC: 0.3267
Step 161900/1000000 | Loss: 1.5603 | LR: 2.53e-08 | MLM: 1.0667 | CTC: 0.4936
Step 162000/1000000 | Loss: 2.0409 | LR: 2.53e-08 | MLM: 1.5219 | CTC: 0.5190
Step 162100/1000000 | Loss: 1.5052 | LR: 2.53e-08 | MLM: 1.1959 | CTC: 0.3093
Step 162200/1000000 | Loss: 0.9764 | LR: 2.53e-08 | MLM: 0.7114 | CTC: 0.2650
Step 162300/1000000 | Loss: 1.3414 | LR: 2.53e-08 | MLM: 0.8952 | CTC: 0.4462
Step 162400/1000000 | Loss: 2.6288 | LR: 2.54e-08 | MLM: 1.8860 | CTC: 0.7427
Step 162500/1000000 | Loss: 1.0401 | LR: 2.54e-08 | MLM: 0.7270 | CTC: 0.3131
Step 162600/1000000 | Loss: 1.2700 | LR: 2.54e-08 | MLM: 0.8546 | CTC: 0.4154
Step 162700/1000000 | Loss: 1.3198 | LR: 2.54e-08 | MLM: 0.9849 | CTC: 0.3349
Step 162800/1000000 | Loss: 0.3034 | LR: 2.54e-08 | MLM: 0.2189 | CTC: 0.0845
Step 162900/1000000 | Loss: 1.5792 | LR: 2.54e-08 | MLM: 1.0799 | CTC: 0.4993
Step 163000/1000000 | Loss: 1.2319 | LR: 2.55e-08 | MLM: 0.9197 | CTC: 0.3122
Step 163100/1000000 | Loss: 1.3068 | LR: 2.55e-08 | MLM: 0.9504 | CTC: 0.3564
Step 163200/1000000 | Loss: 1.6629 | LR: 2.55e-08 | MLM: 1.2283 | CTC: 0.4346
Step 163300/1000000 | Loss: 1.5314 | LR: 2.55e-08 | MLM: 0.9689 | CTC: 0.5625
Step 163400/1000000 | Loss: 1.0431 | LR: 2.55e-08 | MLM: 0.7077 | CTC: 0.3354
Step 163500/1000000 | Loss: 1.9236 | LR: 2.55e-08 | MLM: 1.3500 | CTC: 0.5736
Step 163600/1000000 | Loss: 1.1530 | LR: 2.56e-08 | MLM: 0.8292 | CTC: 0.3238
Step 163700/1000000 | Loss: 2.4967 | LR: 2.56e-08 | MLM: 1.8590 | CTC: 0.6377
Step 163800/1000000 | Loss: 2.3730 | LR: 2.56e-08 | MLM: 1.6828 | CTC: 0.6902
Step 163900/1000000 | Loss: 1.7067 | LR: 2.56e-08 | MLM: 1.2336 | CTC: 0.4732
Step 164000/1000000 | Loss: 1.6747 | LR: 2.56e-08 | MLM: 1.3019 | CTC: 0.3728
Step 164100/1000000 | Loss: 1.0120 | LR: 2.56e-08 | MLM: 0.7381 | CTC: 0.2740
Step 164200/1000000 | Loss: 1.0516 | LR: 2.56e-08 | MLM: 0.7196 | CTC: 0.3320
Step 164300/1000000 | Loss: 2.1610 | LR: 2.57e-08 | MLM: 1.5223 | CTC: 0.6387
Step 164400/1000000 | Loss: 1.6593 | LR: 2.57e-08 | MLM: 1.2185 | CTC: 0.4408
Step 164500/1000000 | Loss: 1.5354 | LR: 2.57e-08 | MLM: 1.1718 | CTC: 0.3635
Step 164600/1000000 | Loss: 0.5644 | LR: 2.57e-08 | MLM: 0.3857 | CTC: 0.1787
Step 164700/1000000 | Loss: 1.6532 | LR: 2.57e-08 | MLM: 1.2272 | CTC: 0.4260
Step 164800/1000000 | Loss: 1.8987 | LR: 2.57e-08 | MLM: 1.3540 | CTC: 0.5448
Step 164900/1000000 | Loss: 1.3627 | LR: 2.58e-08 | MLM: 0.9804 | CTC: 0.3823
Step 165000/1000000 | Loss: 2.3019 | LR: 2.58e-08 | MLM: 1.4761 | CTC: 0.8258
✓ Saved checkpoint to checkpoint_step_165000.t7
Step 165100/1000000 | Loss: 2.0870 | LR: 2.58e-08 | MLM: 1.4574 | CTC: 0.6296
Step 165200/1000000 | Loss: 1.4444 | LR: 2.58e-08 | MLM: 1.0994 | CTC: 0.3450
Step 165300/1000000 | Loss: 1.6267 | LR: 2.58e-08 | MLM: 1.1768 | CTC: 0.4499
Step 165400/1000000 | Loss: 2.4113 | LR: 2.58e-08 | MLM: 1.7252 | CTC: 0.6861
Step 165500/1000000 | Loss: 1.7965 | LR: 2.58e-08 | MLM: 1.2549 | CTC: 0.5415
Step 165600/1000000 | Loss: 1.4474 | LR: 2.59e-08 | MLM: 1.0997 | CTC: 0.3477
Step 165700/1000000 | Loss: 1.7355 | LR: 2.59e-08 | MLM: 1.2407 | CTC: 0.4948
Step 165800/1000000 | Loss: 1.6845 | LR: 2.59e-08 | MLM: 1.2189 | CTC: 0.4657
Step 165900/1000000 | Loss: 1.0030 | LR: 2.59e-08 | MLM: 0.8019 | CTC: 0.2011
Step 166000/1000000 | Loss: 1.7275 | LR: 2.59e-08 | MLM: 1.2526 | CTC: 0.4749
Step 166100/1000000 | Loss: 2.3538 | LR: 2.60e-08 | MLM: 1.7446 | CTC: 0.6092
Step 166200/1000000 | Loss: 1.1871 | LR: 2.60e-08 | MLM: 0.8599 | CTC: 0.3272
Step 166300/1000000 | Loss: 1.0765 | LR: 2.60e-08 | MLM: 0.8493 | CTC: 0.2273
Step 166400/1000000 | Loss: 1.2873 | LR: 2.60e-08 | MLM: 0.9178 | CTC: 0.3695
Step 166500/1000000 | Loss: 1.8549 | LR: 2.60e-08 | MLM: 1.4022 | CTC: 0.4527
Step 166600/1000000 | Loss: 2.1825 | LR: 2.60e-08 | MLM: 1.4259 | CTC: 0.7566
Step 166700/1000000 | Loss: 1.0727 | LR: 2.60e-08 | MLM: 0.7549 | CTC: 0.3177
Step 166800/1000000 | Loss: 1.7548 | LR: 2.61e-08 | MLM: 1.3181 | CTC: 0.4366
Step 166900/1000000 | Loss: 1.9123 | LR: 2.61e-08 | MLM: 1.4410 | CTC: 0.4713
Step 167000/1000000 | Loss: 1.0725 | LR: 2.61e-08 | MLM: 0.7731 | CTC: 0.2994
Step 167100/1000000 | Loss: 0.6965 | LR: 2.61e-08 | MLM: 0.4379 | CTC: 0.2586
Step 167200/1000000 | Loss: 1.9690 | LR: 2.61e-08 | MLM: 1.4201 | CTC: 0.5489
Step 167300/1000000 | Loss: 1.5977 | LR: 2.61e-08 | MLM: 1.1723 | CTC: 0.4254
Step 167400/1000000 | Loss: 0.2887 | LR: 2.61e-08 | MLM: 0.1867 | CTC: 0.1020
Step 167500/1000000 | Loss: 0.6030 | LR: 2.62e-08 | MLM: 0.4231 | CTC: 0.1799
Step 167600/1000000 | Loss: 1.3885 | LR: 2.62e-08 | MLM: 0.9810 | CTC: 0.4075
Step 167700/1000000 | Loss: 1.9769 | LR: 2.62e-08 | MLM: 1.4920 | CTC: 0.4849
Step 167800/1000000 | Loss: 1.7932 | LR: 2.62e-08 | MLM: 1.3057 | CTC: 0.4875
Step 167900/1000000 | Loss: 1.5287 | LR: 2.62e-08 | MLM: 1.1863 | CTC: 0.3424
Step 168000/1000000 | Loss: 0.9531 | LR: 2.63e-08 | MLM: 0.6937 | CTC: 0.2594
Step 168100/1000000 | Loss: 1.7736 | LR: 2.63e-08 | MLM: 1.3222 | CTC: 0.4514
Step 168200/1000000 | Loss: 0.2044 | LR: 2.63e-08 | MLM: 0.1601 | CTC: 0.0443
Step 168300/1000000 | Loss: 1.1923 | LR: 2.63e-08 | MLM: 0.8886 | CTC: 0.3037
Step 168400/1000000 | Loss: 1.3086 | LR: 2.63e-08 | MLM: 0.9258 | CTC: 0.3829
Step 168500/1000000 | Loss: 2.3160 | LR: 2.63e-08 | MLM: 1.7151 | CTC: 0.6009
Step 168600/1000000 | Loss: 1.5337 | LR: 2.63e-08 | MLM: 1.1393 | CTC: 0.3944
Step 168700/1000000 | Loss: 2.0033 | LR: 2.64e-08 | MLM: 1.4300 | CTC: 0.5732
Step 168800/1000000 | Loss: 1.4420 | LR: 2.64e-08 | MLM: 1.1036 | CTC: 0.3384
Step 168900/1000000 | Loss: 1.1024 | LR: 2.64e-08 | MLM: 0.7561 | CTC: 0.3464
Step 169000/1000000 | Loss: 2.0244 | LR: 2.64e-08 | MLM: 1.5415 | CTC: 0.4829
Step 169100/1000000 | Loss: 1.8413 | LR: 2.64e-08 | MLM: 1.4240 | CTC: 0.4173
Step 169200/1000000 | Loss: 2.1872 | LR: 2.64e-08 | MLM: 1.6560 | CTC: 0.5311
Step 169300/1000000 | Loss: 1.3631 | LR: 2.64e-08 | MLM: 0.9130 | CTC: 0.4502
Step 169400/1000000 | Loss: 1.9938 | LR: 2.65e-08 | MLM: 1.4541 | CTC: 0.5398
Step 169500/1000000 | Loss: 1.5283 | LR: 2.65e-08 | MLM: 1.1351 | CTC: 0.3932
Step 169600/1000000 | Loss: 1.6154 | LR: 2.65e-08 | MLM: 1.2666 | CTC: 0.3489
Step 169700/1000000 | Loss: 1.7717 | LR: 2.65e-08 | MLM: 1.2261 | CTC: 0.5456
Step 169800/1000000 | Loss: 1.5039 | LR: 2.65e-08 | MLM: 1.0875 | CTC: 0.4164
Step 169900/1000000 | Loss: 1.6466 | LR: 2.65e-08 | MLM: 1.2312 | CTC: 0.4154
Step 170000/1000000 | Loss: 1.1793 | LR: 2.66e-08 | MLM: 0.8720 | CTC: 0.3073
✓ Saved checkpoint to checkpoint_step_170000.t7
Step 170100/1000000 | Loss: 1.8332 | LR: 2.66e-08 | MLM: 1.3139 | CTC: 0.5193
Step 170200/1000000 | Loss: 1.6466 | LR: 2.66e-08 | MLM: 1.1861 | CTC: 0.4605
Step 170300/1000000 | Loss: 0.8209 | LR: 2.66e-08 | MLM: 0.4841 | CTC: 0.3368
Step 170400/1000000 | Loss: 1.4853 | LR: 2.66e-08 | MLM: 1.0961 | CTC: 0.3893
Step 170500/1000000 | Loss: 2.4854 | LR: 2.66e-08 | MLM: 1.8066 | CTC: 0.6788
Step 170600/1000000 | Loss: 2.3273 | LR: 2.67e-08 | MLM: 1.7397 | CTC: 0.5876
Step 170700/1000000 | Loss: 0.9025 | LR: 2.67e-08 | MLM: 0.6400 | CTC: 0.2625
Step 170800/1000000 | Loss: 0.9225 | LR: 2.67e-08 | MLM: 0.6956 | CTC: 0.2269
Step 170900/1000000 | Loss: 1.3800 | LR: 2.67e-08 | MLM: 0.9629 | CTC: 0.4170
Step 171000/1000000 | Loss: 1.4476 | LR: 2.67e-08 | MLM: 1.1192 | CTC: 0.3284
Step 171100/1000000 | Loss: 0.8848 | LR: 2.67e-08 | MLM: 0.6658 | CTC: 0.2189
Step 171200/1000000 | Loss: 1.0235 | LR: 2.68e-08 | MLM: 0.7972 | CTC: 0.2263
Step 171300/1000000 | Loss: 1.7354 | LR: 2.68e-08 | MLM: 1.1555 | CTC: 0.5800
Step 171400/1000000 | Loss: 2.0789 | LR: 2.68e-08 | MLM: 1.4971 | CTC: 0.5818
Step 171500/1000000 | Loss: 1.3097 | LR: 2.68e-08 | MLM: 1.0241 | CTC: 0.2856
Step 171600/1000000 | Loss: 1.5469 | LR: 2.68e-08 | MLM: 1.1383 | CTC: 0.4085
Step 171700/1000000 | Loss: 0.9772 | LR: 2.68e-08 | MLM: 0.7578 | CTC: 0.2193
Step 171800/1000000 | Loss: 2.1862 | LR: 2.68e-08 | MLM: 1.5803 | CTC: 0.6060
Step 171900/1000000 | Loss: 2.4457 | LR: 2.68e-08 | MLM: 1.9604 | CTC: 0.4853
Step 172000/1000000 | Loss: 1.7281 | LR: 2.69e-08 | MLM: 1.2423 | CTC: 0.4858
Step 172100/1000000 | Loss: 1.8725 | LR: 2.69e-08 | MLM: 1.3413 | CTC: 0.5312
Step 172200/1000000 | Loss: 1.7664 | LR: 2.69e-08 | MLM: 1.3453 | CTC: 0.4212
Step 172300/1000000 | Loss: 1.5587 | LR: 2.69e-08 | MLM: 1.1913 | CTC: 0.3674
Step 172400/1000000 | Loss: 1.6710 | LR: 2.69e-08 | MLM: 1.1918 | CTC: 0.4791
Step 172500/1000000 | Loss: 1.8607 | LR: 2.69e-08 | MLM: 1.4202 | CTC: 0.4405
Step 172600/1000000 | Loss: 1.3153 | LR: 2.70e-08 | MLM: 1.0016 | CTC: 0.3137
Step 172700/1000000 | Loss: 0.5740 | LR: 2.70e-08 | MLM: 0.3527 | CTC: 0.2212
Step 172800/1000000 | Loss: 1.7245 | LR: 2.70e-08 | MLM: 1.2467 | CTC: 0.4778
Step 172900/1000000 | Loss: 1.6455 | LR: 2.70e-08 | MLM: 1.2680 | CTC: 0.3775
Step 173000/1000000 | Loss: 0.5542 | LR: 2.70e-08 | MLM: 0.3804 | CTC: 0.1739
Step 173100/1000000 | Loss: 1.2633 | LR: 2.70e-08 | MLM: 0.9605 | CTC: 0.3029
Step 173200/1000000 | Loss: 1.6948 | LR: 2.71e-08 | MLM: 1.2763 | CTC: 0.4185
Step 173300/1000000 | Loss: 1.0957 | LR: 2.71e-08 | MLM: 0.8567 | CTC: 0.2390
Step 173400/1000000 | Loss: 2.4332 | LR: 2.71e-08 | MLM: 1.8400 | CTC: 0.5932
Step 173500/1000000 | Loss: 2.8991 | LR: 2.71e-08 | MLM: 2.1075 | CTC: 0.7915
Step 173600/1000000 | Loss: 1.3960 | LR: 2.71e-08 | MLM: 1.1390 | CTC: 0.2571
Step 173700/1000000 | Loss: 1.8373 | LR: 2.71e-08 | MLM: 1.4070 | CTC: 0.4303
Step 173800/1000000 | Loss: 1.5244 | LR: 2.72e-08 | MLM: 1.1765 | CTC: 0.3478
Step 173900/1000000 | Loss: 0.4588 | LR: 2.72e-08 | MLM: 0.2824 | CTC: 0.1764
Step 174000/1000000 | Loss: 0.6549 | LR: 2.72e-08 | MLM: 0.5135 | CTC: 0.1413
Step 174100/1000000 | Loss: 1.4507 | LR: 2.72e-08 | MLM: 1.0401 | CTC: 0.4106
Step 174200/1000000 | Loss: 1.4907 | LR: 2.72e-08 | MLM: 1.0171 | CTC: 0.4737
Step 174300/1000000 | Loss: 2.0233 | LR: 2.72e-08 | MLM: 1.4737 | CTC: 0.5496
Step 174400/1000000 | Loss: 2.2987 | LR: 2.72e-08 | MLM: 1.7256 | CTC: 0.5731
Step 174500/1000000 | Loss: 1.9390 | LR: 2.73e-08 | MLM: 1.4111 | CTC: 0.5279
Step 174600/1000000 | Loss: 1.7676 | LR: 2.73e-08 | MLM: 1.2983 | CTC: 0.4693
Step 174700/1000000 | Loss: 1.4491 | LR: 2.73e-08 | MLM: 1.0429 | CTC: 0.4062
Step 174800/1000000 | Loss: 2.0452 | LR: 2.73e-08 | MLM: 1.4531 | CTC: 0.5921
Step 174900/1000000 | Loss: 1.3227 | LR: 2.73e-08 | MLM: 0.9783 | CTC: 0.3444
Step 175000/1000000 | Loss: 1.7075 | LR: 2.73e-08 | MLM: 1.1268 | CTC: 0.5807
✓ Saved checkpoint to checkpoint_step_175000.t7
Step 175100/1000000 | Loss: 1.6068 | LR: 2.74e-08 | MLM: 1.0783 | CTC: 0.5285
Step 175200/1000000 | Loss: 0.2142 | LR: 2.74e-08 | MLM: 0.1706 | CTC: 0.0437
Step 175300/1000000 | Loss: 1.5959 | LR: 2.74e-08 | MLM: 1.1822 | CTC: 0.4136
Step 175400/1000000 | Loss: 2.2671 | LR: 2.74e-08 | MLM: 1.5904 | CTC: 0.6767
Step 175500/1000000 | Loss: 1.5560 | LR: 2.74e-08 | MLM: 1.0617 | CTC: 0.4943
Step 175600/1000000 | Loss: 1.5789 | LR: 2.74e-08 | MLM: 1.1577 | CTC: 0.4211
Step 175700/1000000 | Loss: 1.6132 | LR: 2.75e-08 | MLM: 1.2598 | CTC: 0.3534
Step 175800/1000000 | Loss: 2.2922 | LR: 2.75e-08 | MLM: 1.6652 | CTC: 0.6270
Step 175900/1000000 | Loss: 1.5446 | LR: 2.75e-08 | MLM: 1.2176 | CTC: 0.3270
Step 176000/1000000 | Loss: 1.9425 | LR: 2.75e-08 | MLM: 1.3390 | CTC: 0.6035
Step 176100/1000000 | Loss: 0.3924 | LR: 2.75e-08 | MLM: 0.2663 | CTC: 0.1261
Step 176200/1000000 | Loss: 2.1141 | LR: 2.75e-08 | MLM: 1.5673 | CTC: 0.5468
Step 176300/1000000 | Loss: 2.2388 | LR: 2.75e-08 | MLM: 1.4865 | CTC: 0.7522
Step 176400/1000000 | Loss: 1.7316 | LR: 2.76e-08 | MLM: 1.2913 | CTC: 0.4403
Step 176500/1000000 | Loss: 0.4804 | LR: 2.76e-08 | MLM: 0.3321 | CTC: 0.1483
Step 176600/1000000 | Loss: 1.2416 | LR: 2.76e-08 | MLM: 0.9851 | CTC: 0.2564
Step 176700/1000000 | Loss: 1.3945 | LR: 2.76e-08 | MLM: 1.0116 | CTC: 0.3829
Step 176800/1000000 | Loss: 2.3538 | LR: 2.76e-08 | MLM: 1.6202 | CTC: 0.7337
Step 176900/1000000 | Loss: 1.4493 | LR: 2.76e-08 | MLM: 0.9080 | CTC: 0.5413
Step 177000/1000000 | Loss: 1.0357 | LR: 2.77e-08 | MLM: 0.6438 | CTC: 0.3919
Step 177100/1000000 | Loss: 1.7238 | LR: 2.77e-08 | MLM: 1.3331 | CTC: 0.3907
Step 177200/1000000 | Loss: 0.9464 | LR: 2.77e-08 | MLM: 0.6658 | CTC: 0.2805
Step 177300/1000000 | Loss: 0.8572 | LR: 2.77e-08 | MLM: 0.5797 | CTC: 0.2774
Step 177400/1000000 | Loss: 1.7064 | LR: 2.77e-08 | MLM: 1.3511 | CTC: 0.3553
Step 177500/1000000 | Loss: 1.3853 | LR: 2.77e-08 | MLM: 1.0424 | CTC: 0.3429
Step 177600/1000000 | Loss: 1.0475 | LR: 2.78e-08 | MLM: 0.7711 | CTC: 0.2763
Step 177700/1000000 | Loss: 2.1105 | LR: 2.78e-08 | MLM: 1.5556 | CTC: 0.5549
Step 177800/1000000 | Loss: 1.4881 | LR: 2.78e-08 | MLM: 1.1085 | CTC: 0.3797
Step 177900/1000000 | Loss: 0.6327 | LR: 2.78e-08 | MLM: 0.4508 | CTC: 0.1819
Step 178000/1000000 | Loss: 0.4731 | LR: 2.78e-08 | MLM: 0.3071 | CTC: 0.1660
Step 178100/1000000 | Loss: 1.2030 | LR: 2.78e-08 | MLM: 0.8680 | CTC: 0.3350
Step 178200/1000000 | Loss: 1.5223 | LR: 2.78e-08 | MLM: 1.1085 | CTC: 0.4138
Step 178300/1000000 | Loss: 1.3878 | LR: 2.79e-08 | MLM: 1.0222 | CTC: 0.3656
Step 178400/1000000 | Loss: 1.6705 | LR: 2.79e-08 | MLM: 1.1961 | CTC: 0.4744
Step 178500/1000000 | Loss: 1.3628 | LR: 2.79e-08 | MLM: 1.0318 | CTC: 0.3310
Step 178600/1000000 | Loss: 1.2867 | LR: 2.79e-08 | MLM: 1.0323 | CTC: 0.2543
Step 178700/1000000 | Loss: 2.6185 | LR: 2.79e-08 | MLM: 1.8471 | CTC: 0.7714
Step 178800/1000000 | Loss: 1.1740 | LR: 2.79e-08 | MLM: 0.8533 | CTC: 0.3207
Step 178900/1000000 | Loss: 1.4362 | LR: 2.80e-08 | MLM: 1.1460 | CTC: 0.2902
Step 179000/1000000 | Loss: 2.2950 | LR: 2.80e-08 | MLM: 1.6210 | CTC: 0.6740
Step 179100/1000000 | Loss: 2.2926 | LR: 2.80e-08 | MLM: 1.5647 | CTC: 0.7279
Step 179200/1000000 | Loss: 1.5750 | LR: 2.80e-08 | MLM: 1.1110 | CTC: 0.4641
Step 179300/1000000 | Loss: 1.1559 | LR: 2.80e-08 | MLM: 0.9348 | CTC: 0.2212
Step 179400/1000000 | Loss: 0.6954 | LR: 2.80e-08 | MLM: 0.4411 | CTC: 0.2543
Step 179500/1000000 | Loss: 1.1841 | LR: 2.80e-08 | MLM: 0.8368 | CTC: 0.3473
Step 179600/1000000 | Loss: 1.0028 | LR: 2.81e-08 | MLM: 0.7015 | CTC: 0.3013
Step 179700/1000000 | Loss: 2.1690 | LR: 2.81e-08 | MLM: 1.6206 | CTC: 0.5483
Step 179800/1000000 | Loss: 1.7068 | LR: 2.81e-08 | MLM: 1.2621 | CTC: 0.4447
Step 179900/1000000 | Loss: 1.2320 | LR: 2.81e-08 | MLM: 0.8996 | CTC: 0.3324
Step 180000/1000000 | Loss: 1.7857 | LR: 2.81e-08 | MLM: 1.2844 | CTC: 0.5012
✓ Saved checkpoint to checkpoint_step_180000.t7
Step 180100/1000000 | Loss: 1.7531 | LR: 2.81e-08 | MLM: 1.3569 | CTC: 0.3963
Step 180200/1000000 | Loss: 1.6896 | LR: 2.81e-08 | MLM: 1.2029 | CTC: 0.4867
Step 180300/1000000 | Loss: 1.3807 | LR: 2.82e-08 | MLM: 1.0354 | CTC: 0.3453
Step 180400/1000000 | Loss: 1.5404 | LR: 2.82e-08 | MLM: 1.0303 | CTC: 0.5101
Step 180500/1000000 | Loss: 1.9757 | LR: 2.82e-08 | MLM: 1.4807 | CTC: 0.4951
Step 180600/1000000 | Loss: 0.5688 | LR: 2.82e-08 | MLM: 0.3776 | CTC: 0.1912
Step 180700/1000000 | Loss: 1.5632 | LR: 2.82e-08 | MLM: 1.1501 | CTC: 0.4131
Step 180800/1000000 | Loss: 1.8156 | LR: 2.82e-08 | MLM: 1.3113 | CTC: 0.5044
Step 180900/1000000 | Loss: 1.8025 | LR: 2.83e-08 | MLM: 1.4498 | CTC: 0.3527
Step 181000/1000000 | Loss: 2.1105 | LR: 2.83e-08 | MLM: 1.4942 | CTC: 0.6163
Step 181100/1000000 | Loss: 2.6033 | LR: 2.83e-08 | MLM: 1.8256 | CTC: 0.7777
Step 181200/1000000 | Loss: 2.6357 | LR: 2.83e-08 | MLM: 1.8756 | CTC: 0.7602
Step 181300/1000000 | Loss: 1.3914 | LR: 2.83e-08 | MLM: 1.0416 | CTC: 0.3499
Step 181400/1000000 | Loss: 1.7618 | LR: 2.83e-08 | MLM: 1.2985 | CTC: 0.4633
Step 181500/1000000 | Loss: 1.4410 | LR: 2.83e-08 | MLM: 1.1041 | CTC: 0.3368
Step 181600/1000000 | Loss: 1.8907 | LR: 2.84e-08 | MLM: 1.4029 | CTC: 0.4878
Step 181700/1000000 | Loss: 1.5795 | LR: 2.84e-08 | MLM: 1.1667 | CTC: 0.4128
Step 181800/1000000 | Loss: 1.3398 | LR: 2.84e-08 | MLM: 0.9880 | CTC: 0.3518
Step 181900/1000000 | Loss: 1.0268 | LR: 2.84e-08 | MLM: 0.6974 | CTC: 0.3294
Step 182000/1000000 | Loss: 0.9217 | LR: 2.84e-08 | MLM: 0.6703 | CTC: 0.2513
Step 182100/1000000 | Loss: 2.1932 | LR: 2.84e-08 | MLM: 1.5094 | CTC: 0.6838
Step 182200/1000000 | Loss: 2.2618 | LR: 2.85e-08 | MLM: 1.6460 | CTC: 0.6158
Step 182300/1000000 | Loss: 1.0753 | LR: 2.85e-08 | MLM: 0.7367 | CTC: 0.3386
Step 182400/1000000 | Loss: 1.8682 | LR: 2.85e-08 | MLM: 1.4011 | CTC: 0.4671
Step 182500/1000000 | Loss: 1.4590 | LR: 2.85e-08 | MLM: 1.1079 | CTC: 0.3511
Step 182600/1000000 | Loss: 0.9061 | LR: 2.85e-08 | MLM: 0.6189 | CTC: 0.2872
Step 182700/1000000 | Loss: 0.9292 | LR: 2.85e-08 | MLM: 0.5893 | CTC: 0.3400
Step 182800/1000000 | Loss: 0.6648 | LR: 2.86e-08 | MLM: 0.5183 | CTC: 0.1466
Step 182900/1000000 | Loss: 2.5414 | LR: 2.86e-08 | MLM: 1.7952 | CTC: 0.7462
Step 183000/1000000 | Loss: 2.0525 | LR: 2.86e-08 | MLM: 1.4776 | CTC: 0.5749
Step 183100/1000000 | Loss: 1.8988 | LR: 2.86e-08 | MLM: 1.3948 | CTC: 0.5040
Step 183200/1000000 | Loss: 2.2506 | LR: 2.86e-08 | MLM: 1.6833 | CTC: 0.5672
Step 183300/1000000 | Loss: 0.8838 | LR: 2.86e-08 | MLM: 0.6158 | CTC: 0.2680
Step 183400/1000000 | Loss: 1.5978 | LR: 2.86e-08 | MLM: 1.1429 | CTC: 0.4549
Step 183500/1000000 | Loss: 1.3421 | LR: 2.87e-08 | MLM: 0.9476 | CTC: 0.3945
Step 183600/1000000 | Loss: 1.1642 | LR: 2.87e-08 | MLM: 0.8049 | CTC: 0.3593
Step 183700/1000000 | Loss: 1.7162 | LR: 2.87e-08 | MLM: 1.3515 | CTC: 0.3647
Step 183800/1000000 | Loss: 1.3533 | LR: 2.87e-08 | MLM: 0.9601 | CTC: 0.3933
Step 183900/1000000 | Loss: 0.9326 | LR: 2.87e-08 | MLM: 0.7024 | CTC: 0.2302
Step 184000/1000000 | Loss: 1.7478 | LR: 2.87e-08 | MLM: 1.3476 | CTC: 0.4002
Step 184100/1000000 | Loss: 1.1096 | LR: 2.88e-08 | MLM: 0.7302 | CTC: 0.3793
Step 184200/1000000 | Loss: 0.8268 | LR: 2.88e-08 | MLM: 0.5388 | CTC: 0.2879
Step 184300/1000000 | Loss: 1.6792 | LR: 2.88e-08 | MLM: 1.0986 | CTC: 0.5806
Step 184400/1000000 | Loss: 1.4999 | LR: 2.88e-08 | MLM: 1.1193 | CTC: 0.3806
Step 184500/1000000 | Loss: 2.0597 | LR: 2.88e-08 | MLM: 1.5021 | CTC: 0.5576
Step 184600/1000000 | Loss: 1.6433 | LR: 2.88e-08 | MLM: 1.2727 | CTC: 0.3705
Step 184700/1000000 | Loss: 1.8593 | LR: 2.88e-08 | MLM: 1.3932 | CTC: 0.4660
Step 184800/1000000 | Loss: 1.5974 | LR: 2.89e-08 | MLM: 1.1675 | CTC: 0.4298
Step 184900/1000000 | Loss: 2.1280 | LR: 2.89e-08 | MLM: 1.4785 | CTC: 0.6496
Step 185000/1000000 | Loss: 2.3836 | LR: 2.89e-08 | MLM: 1.7089 | CTC: 0.6747
✓ Saved checkpoint to checkpoint_step_185000.t7
Step 185100/1000000 | Loss: 1.1323 | LR: 2.89e-08 | MLM: 0.7938 | CTC: 0.3384
Step 185200/1000000 | Loss: 0.7958 | LR: 2.89e-08 | MLM: 0.6459 | CTC: 0.1499
Step 185300/1000000 | Loss: 1.0115 | LR: 2.89e-08 | MLM: 0.7622 | CTC: 0.2493
Step 185400/1000000 | Loss: 2.1181 | LR: 2.90e-08 | MLM: 1.4903 | CTC: 0.6278
Step 185500/1000000 | Loss: 1.6752 | LR: 2.90e-08 | MLM: 1.2699 | CTC: 0.4054
Step 185600/1000000 | Loss: 1.6414 | LR: 2.90e-08 | MLM: 1.2077 | CTC: 0.4337
Step 185700/1000000 | Loss: 1.9223 | LR: 2.90e-08 | MLM: 1.3831 | CTC: 0.5392
Step 185800/1000000 | Loss: 2.2686 | LR: 2.90e-08 | MLM: 1.6039 | CTC: 0.6647
Step 185900/1000000 | Loss: 1.9373 | LR: 2.90e-08 | MLM: 1.4747 | CTC: 0.4625
Step 186000/1000000 | Loss: 0.7499 | LR: 2.91e-08 | MLM: 0.4398 | CTC: 0.3101
Step 186100/1000000 | Loss: 1.5299 | LR: 2.91e-08 | MLM: 1.1659 | CTC: 0.3640
Step 186200/1000000 | Loss: 2.5250 | LR: 2.91e-08 | MLM: 1.8465 | CTC: 0.6785
Step 186300/1000000 | Loss: 1.6840 | LR: 2.91e-08 | MLM: 1.1896 | CTC: 0.4944
Step 186400/1000000 | Loss: 1.9274 | LR: 2.91e-08 | MLM: 1.5193 | CTC: 0.4081
Step 186500/1000000 | Loss: 0.8384 | LR: 2.91e-08 | MLM: 0.6512 | CTC: 0.1872
Step 186600/1000000 | Loss: 0.6593 | LR: 2.91e-08 | MLM: 0.4905 | CTC: 0.1688
Step 186700/1000000 | Loss: 1.6797 | LR: 2.92e-08 | MLM: 1.1175 | CTC: 0.5622
Step 186800/1000000 | Loss: 2.0417 | LR: 2.92e-08 | MLM: 1.5379 | CTC: 0.5039
Step 186900/1000000 | Loss: 1.2558 | LR: 2.92e-08 | MLM: 0.8836 | CTC: 0.3722
Step 187000/1000000 | Loss: 1.4129 | LR: 2.92e-08 | MLM: 0.9837 | CTC: 0.4292
Step 187100/1000000 | Loss: 1.8952 | LR: 2.92e-08 | MLM: 1.4031 | CTC: 0.4920
Step 187200/1000000 | Loss: 0.7524 | LR: 2.92e-08 | MLM: 0.5870 | CTC: 0.1654
Step 187300/1000000 | Loss: 0.9429 | LR: 2.93e-08 | MLM: 0.7171 | CTC: 0.2258
Step 187400/1000000 | Loss: 1.9452 | LR: 2.93e-08 | MLM: 1.3567 | CTC: 0.5885
Step 187500/1000000 | Loss: 1.6140 | LR: 2.93e-08 | MLM: 1.1638 | CTC: 0.4502
Step 187600/1000000 | Loss: 1.8709 | LR: 2.93e-08 | MLM: 1.3518 | CTC: 0.5191
Step 187700/1000000 | Loss: 1.5989 | LR: 2.93e-08 | MLM: 0.8705 | CTC: 0.7284
Step 187800/1000000 | Loss: 2.0892 | LR: 2.93e-08 | MLM: 1.5727 | CTC: 0.5165
Step 187900/1000000 | Loss: 0.3716 | LR: 2.93e-08 | MLM: 0.1902 | CTC: 0.1814
Step 188000/1000000 | Loss: 1.5677 | LR: 2.94e-08 | MLM: 1.1523 | CTC: 0.4154
Step 188100/1000000 | Loss: 1.7515 | LR: 2.94e-08 | MLM: 1.2650 | CTC: 0.4865
Step 188200/1000000 | Loss: 2.5103 | LR: 2.94e-08 | MLM: 1.8420 | CTC: 0.6682
Step 188300/1000000 | Loss: 1.8988 | LR: 2.94e-08 | MLM: 1.3398 | CTC: 0.5589
Step 188400/1000000 | Loss: 2.2971 | LR: 2.94e-08 | MLM: 1.6291 | CTC: 0.6680
Step 188500/1000000 | Loss: 1.3583 | LR: 2.94e-08 | MLM: 1.0253 | CTC: 0.3330
Step 188600/1000000 | Loss: 0.9227 | LR: 2.95e-08 | MLM: 0.6329 | CTC: 0.2898
Step 188700/1000000 | Loss: 2.3365 | LR: 2.95e-08 | MLM: 1.8230 | CTC: 0.5135
Step 188800/1000000 | Loss: 1.3977 | LR: 2.95e-08 | MLM: 0.9928 | CTC: 0.4049
Step 188900/1000000 | Loss: 2.3685 | LR: 2.95e-08 | MLM: 1.7066 | CTC: 0.6619
Step 189000/1000000 | Loss: 0.8265 | LR: 2.95e-08 | MLM: 0.5707 | CTC: 0.2558
Step 189100/1000000 | Loss: 1.8541 | LR: 2.95e-08 | MLM: 1.3617 | CTC: 0.4924
Step 189200/1000000 | Loss: 1.0400 | LR: 2.96e-08 | MLM: 0.7718 | CTC: 0.2682
Step 189300/1000000 | Loss: 1.4901 | LR: 2.96e-08 | MLM: 1.1072 | CTC: 0.3828
Step 189400/1000000 | Loss: 2.8674 | LR: 2.96e-08 | MLM: 2.0803 | CTC: 0.7871
Step 189500/1000000 | Loss: 2.0440 | LR: 2.96e-08 | MLM: 1.5494 | CTC: 0.4946
Step 189600/1000000 | Loss: 2.5923 | LR: 2.96e-08 | MLM: 1.9715 | CTC: 0.6207
Step 189700/1000000 | Loss: 1.4469 | LR: 2.96e-08 | MLM: 0.9951 | CTC: 0.4518
Step 189800/1000000 | Loss: 1.5459 | LR: 2.96e-08 | MLM: 1.0870 | CTC: 0.4589
Step 189900/1000000 | Loss: 1.0237 | LR: 2.97e-08 | MLM: 0.8087 | CTC: 0.2150
Step 190000/1000000 | Loss: 1.5358 | LR: 2.97e-08 | MLM: 1.1096 | CTC: 0.4262
✓ Saved checkpoint to checkpoint_step_190000.t7
Step 190100/1000000 | Loss: 0.5317 | LR: 2.97e-08 | MLM: 0.3919 | CTC: 0.1398
Step 190200/1000000 | Loss: 2.4808 | LR: 2.97e-08 | MLM: 1.9216 | CTC: 0.5592
Step 190300/1000000 | Loss: 1.2253 | LR: 2.97e-08 | MLM: 0.8319 | CTC: 0.3934
Step 190400/1000000 | Loss: 0.5654 | LR: 2.97e-08 | MLM: 0.3164 | CTC: 0.2490
Step 190500/1000000 | Loss: 1.7580 | LR: 2.98e-08 | MLM: 1.3543 | CTC: 0.4037
Step 190600/1000000 | Loss: 0.8944 | LR: 2.98e-08 | MLM: 0.6507 | CTC: 0.2437
Step 190700/1000000 | Loss: 1.6034 | LR: 2.98e-08 | MLM: 1.1026 | CTC: 0.5008
Step 190800/1000000 | Loss: 1.7258 | LR: 2.98e-08 | MLM: 1.3079 | CTC: 0.4179
Step 190900/1000000 | Loss: 1.0139 | LR: 2.98e-08 | MLM: 0.7187 | CTC: 0.2951
Step 191000/1000000 | Loss: 2.0652 | LR: 2.98e-08 | MLM: 1.5101 | CTC: 0.5551
Step 191100/1000000 | Loss: 1.0185 | LR: 2.98e-08 | MLM: 0.7534 | CTC: 0.2651
Step 191200/1000000 | Loss: 1.2228 | LR: 2.99e-08 | MLM: 0.8717 | CTC: 0.3511
Step 191300/1000000 | Loss: 1.0172 | LR: 2.99e-08 | MLM: 0.7698 | CTC: 0.2474
Step 191400/1000000 | Loss: 1.8622 | LR: 2.99e-08 | MLM: 1.3796 | CTC: 0.4826
Step 191500/1000000 | Loss: 1.1331 | LR: 2.99e-08 | MLM: 0.7733 | CTC: 0.3598
Step 191600/1000000 | Loss: 1.6921 | LR: 2.99e-08 | MLM: 1.4004 | CTC: 0.2917
Step 191700/1000000 | Loss: 1.1862 | LR: 3.00e-08 | MLM: 0.8179 | CTC: 0.3683
Step 191800/1000000 | Loss: 1.7760 | LR: 3.00e-08 | MLM: 1.2962 | CTC: 0.4798
Step 191900/1000000 | Loss: 1.7436 | LR: 3.00e-08 | MLM: 1.2935 | CTC: 0.4501
Step 192000/1000000 | Loss: 1.3258 | LR: 3.00e-08 | MLM: 0.9385 | CTC: 0.3873
Step 192100/1000000 | Loss: 1.8498 | LR: 3.00e-08 | MLM: 1.4879 | CTC: 0.3620
Step 192200/1000000 | Loss: 1.6049 | LR: 3.00e-08 | MLM: 1.2269 | CTC: 0.3780
Step 192300/1000000 | Loss: 1.6567 | LR: 3.00e-08 | MLM: 1.1668 | CTC: 0.4900
Step 192400/1000000 | Loss: 2.4474 | LR: 3.01e-08 | MLM: 1.7514 | CTC: 0.6960
Step 192500/1000000 | Loss: 1.4031 | LR: 3.01e-08 | MLM: 0.9433 | CTC: 0.4598
Step 192600/1000000 | Loss: 1.0763 | LR: 3.01e-08 | MLM: 0.7678 | CTC: 0.3086
Step 192700/1000000 | Loss: 0.9452 | LR: 3.01e-08 | MLM: 0.6926 | CTC: 0.2526
Step 192800/1000000 | Loss: 0.8430 | LR: 3.01e-08 | MLM: 0.6362 | CTC: 0.2069
Step 192900/1000000 | Loss: 1.5256 | LR: 3.01e-08 | MLM: 1.1139 | CTC: 0.4117
Step 193000/1000000 | Loss: 1.6276 | LR: 3.01e-08 | MLM: 1.1579 | CTC: 0.4697
Step 193100/1000000 | Loss: 0.7890 | LR: 3.02e-08 | MLM: 0.5599 | CTC: 0.2291
Step 193200/1000000 | Loss: 1.4382 | LR: 3.02e-08 | MLM: 1.0988 | CTC: 0.3394
Step 193300/1000000 | Loss: 1.7968 | LR: 3.02e-08 | MLM: 1.3386 | CTC: 0.4582
Step 193400/1000000 | Loss: 1.0019 | LR: 3.02e-08 | MLM: 0.6483 | CTC: 0.3537
Step 193500/1000000 | Loss: 1.0567 | LR: 3.02e-08 | MLM: 0.6962 | CTC: 0.3605
Step 193600/1000000 | Loss: 1.9584 | LR: 3.02e-08 | MLM: 1.3871 | CTC: 0.5713
Step 193700/1000000 | Loss: 1.4871 | LR: 3.03e-08 | MLM: 1.1318 | CTC: 0.3552
Step 193800/1000000 | Loss: 1.5079 | LR: 3.03e-08 | MLM: 1.1509 | CTC: 0.3570
Step 193900/1000000 | Loss: 1.7817 | LR: 3.03e-08 | MLM: 1.2903 | CTC: 0.4915
Step 194000/1000000 | Loss: 0.7465 | LR: 3.03e-08 | MLM: 0.5653 | CTC: 0.1811
Step 194100/1000000 | Loss: 1.6338 | LR: 3.03e-08 | MLM: 1.1767 | CTC: 0.4571
Step 194200/1000000 | Loss: 1.5250 | LR: 3.03e-08 | MLM: 1.1162 | CTC: 0.4088
Step 194300/1000000 | Loss: 2.1297 | LR: 3.03e-08 | MLM: 1.6232 | CTC: 0.5065
Step 194400/1000000 | Loss: 1.3106 | LR: 3.04e-08 | MLM: 0.9661 | CTC: 0.3445
Step 194500/1000000 | Loss: 1.4548 | LR: 3.04e-08 | MLM: 1.0246 | CTC: 0.4301
Step 194600/1000000 | Loss: 1.3171 | LR: 3.04e-08 | MLM: 0.9297 | CTC: 0.3874
Step 194700/1000000 | Loss: 1.1283 | LR: 3.04e-08 | MLM: 0.8408 | CTC: 0.2876
Step 194800/1000000 | Loss: 2.4491 | LR: 3.04e-08 | MLM: 1.7736 | CTC: 0.6754
Step 194900/1000000 | Loss: 1.1866 | LR: 3.04e-08 | MLM: 0.8384 | CTC: 0.3482
Step 195000/1000000 | Loss: 1.3770 | LR: 3.05e-08 | MLM: 1.0600 | CTC: 0.3170
✓ Saved checkpoint to checkpoint_step_195000.t7
Step 195100/1000000 | Loss: 1.8988 | LR: 3.05e-08 | MLM: 1.3894 | CTC: 0.5093
Step 195200/1000000 | Loss: 1.2925 | LR: 3.05e-08 | MLM: 0.9663 | CTC: 0.3263
Step 195300/1000000 | Loss: 0.8609 | LR: 3.05e-08 | MLM: 0.5522 | CTC: 0.3086
Step 195400/1000000 | Loss: 1.8500 | LR: 3.05e-08 | MLM: 1.2908 | CTC: 0.5592
Step 195500/1000000 | Loss: 2.2957 | LR: 3.05e-08 | MLM: 1.7347 | CTC: 0.5609
Step 195600/1000000 | Loss: 0.8988 | LR: 3.06e-08 | MLM: 0.6306 | CTC: 0.2682
Step 195700/1000000 | Loss: 0.6804 | LR: 3.06e-08 | MLM: 0.4725 | CTC: 0.2079
Step 195800/1000000 | Loss: 1.5025 | LR: 3.06e-08 | MLM: 1.1099 | CTC: 0.3926
Step 195900/1000000 | Loss: 1.0652 | LR: 3.06e-08 | MLM: 0.7725 | CTC: 0.2927
Step 196000/1000000 | Loss: 1.6108 | LR: 3.06e-08 | MLM: 1.1873 | CTC: 0.4235
Step 196100/1000000 | Loss: 1.3596 | LR: 3.06e-08 | MLM: 1.0053 | CTC: 0.3543
Step 196200/1000000 | Loss: 1.1051 | LR: 3.06e-08 | MLM: 0.8395 | CTC: 0.2656
Step 196300/1000000 | Loss: 1.5689 | LR: 3.07e-08 | MLM: 1.1378 | CTC: 0.4311
Step 196400/1000000 | Loss: 1.1154 | LR: 3.07e-08 | MLM: 0.8743 | CTC: 0.2411
Step 196500/1000000 | Loss: 1.4260 | LR: 3.07e-08 | MLM: 1.1000 | CTC: 0.3260
Step 196600/1000000 | Loss: 1.4279 | LR: 3.07e-08 | MLM: 1.0333 | CTC: 0.3945
Step 196700/1000000 | Loss: 0.9967 | LR: 3.07e-08 | MLM: 0.6975 | CTC: 0.2992
Step 196800/1000000 | Loss: 2.4362 | LR: 3.08e-08 | MLM: 1.8001 | CTC: 0.6361
Step 196900/1000000 | Loss: 1.1920 | LR: 3.08e-08 | MLM: 0.9027 | CTC: 0.2893
Step 197000/1000000 | Loss: 1.8580 | LR: 3.08e-08 | MLM: 1.4103 | CTC: 0.4476
Step 197100/1000000 | Loss: 1.8217 | LR: 3.08e-08 | MLM: 1.3301 | CTC: 0.4916
Step 197200/1000000 | Loss: 1.6820 | LR: 3.08e-08 | MLM: 1.2578 | CTC: 0.4242
Step 197300/1000000 | Loss: 1.2707 | LR: 3.08e-08 | MLM: 0.9902 | CTC: 0.2805
Step 197400/1000000 | Loss: 1.9319 | LR: 3.08e-08 | MLM: 1.4564 | CTC: 0.4755
Step 197500/1000000 | Loss: 1.2691 | LR: 3.08e-08 | MLM: 0.8058 | CTC: 0.4633
Step 197600/1000000 | Loss: 1.4917 | LR: 3.09e-08 | MLM: 1.1826 | CTC: 0.3091
Step 197700/1000000 | Loss: 2.2318 | LR: 3.09e-08 | MLM: 1.6507 | CTC: 0.5811
Step 197800/1000000 | Loss: 1.4291 | LR: 3.09e-08 | MLM: 0.9719 | CTC: 0.4571
Step 197900/1000000 | Loss: 1.3862 | LR: 3.09e-08 | MLM: 1.1486 | CTC: 0.2376
Step 198000/1000000 | Loss: 0.2466 | LR: 3.09e-08 | MLM: 0.1632 | CTC: 0.0835
Step 198100/1000000 | Loss: 0.9097 | LR: 3.09e-08 | MLM: 0.6200 | CTC: 0.2897
Step 198200/1000000 | Loss: 1.8118 | LR: 3.10e-08 | MLM: 1.2567 | CTC: 0.5551
Step 198300/1000000 | Loss: 1.1248 | LR: 3.10e-08 | MLM: 0.8241 | CTC: 0.3006
Step 198400/1000000 | Loss: 1.4953 | LR: 3.10e-08 | MLM: 1.1226 | CTC: 0.3727
Step 198500/1000000 | Loss: 1.5806 | LR: 3.10e-08 | MLM: 1.0499 | CTC: 0.5307
Step 198600/1000000 | Loss: 2.1884 | LR: 3.10e-08 | MLM: 1.5583 | CTC: 0.6301
Step 198700/1000000 | Loss: 0.9649 | LR: 3.10e-08 | MLM: 0.7133 | CTC: 0.2516
Step 198800/1000000 | Loss: 1.3529 | LR: 3.11e-08 | MLM: 1.0237 | CTC: 0.3292
Step 198900/1000000 | Loss: 1.0602 | LR: 3.11e-08 | MLM: 0.7222 | CTC: 0.3380
Step 199000/1000000 | Loss: 1.1938 | LR: 3.11e-08 | MLM: 0.7151 | CTC: 0.4786
Step 199100/1000000 | Loss: 1.3998 | LR: 3.11e-08 | MLM: 1.0149 | CTC: 0.3849
Step 199200/1000000 | Loss: 0.7496 | LR: 3.11e-08 | MLM: 0.4792 | CTC: 0.2704
Step 199300/1000000 | Loss: 1.0329 | LR: 3.11e-08 | MLM: 0.6945 | CTC: 0.3384
Step 199400/1000000 | Loss: 2.4087 | LR: 3.11e-08 | MLM: 1.7363 | CTC: 0.6723
Step 199500/1000000 | Loss: 1.0363 | LR: 3.12e-08 | MLM: 0.6632 | CTC: 0.3731
Step 199600/1000000 | Loss: 0.6141 | LR: 3.12e-08 | MLM: 0.4106 | CTC: 0.2035
Step 199700/1000000 | Loss: 0.7385 | LR: 3.12e-08 | MLM: 0.5257 | CTC: 0.2127
Step 199800/1000000 | Loss: 1.7415 | LR: 3.12e-08 | MLM: 1.3222 | CTC: 0.4193
Step 199900/1000000 | Loss: 2.2530 | LR: 3.12e-08 | MLM: 1.6709 | CTC: 0.5821
Step 200000/1000000 | Loss: 0.5379 | LR: 3.12e-08 | MLM: 0.4214 | CTC: 0.1165
✓ Saved checkpoint to checkpoint_step_200000.t7
Step 200100/1000000 | Loss: 1.3116 | LR: 3.13e-08 | MLM: 0.9680 | CTC: 0.3436
Step 200200/1000000 | Loss: 0.4827 | LR: 3.13e-08 | MLM: 0.3745 | CTC: 0.1082
Step 200300/1000000 | Loss: 2.0190 | LR: 3.13e-08 | MLM: 1.4907 | CTC: 0.5283
Step 200400/1000000 | Loss: 1.2440 | LR: 3.13e-08 | MLM: 0.9330 | CTC: 0.3110
Step 200500/1000000 | Loss: 0.9821 | LR: 3.13e-08 | MLM: 0.7481 | CTC: 0.2340
Step 200600/1000000 | Loss: 1.2353 | LR: 3.13e-08 | MLM: 0.9403 | CTC: 0.2950
Step 200700/1000000 | Loss: 2.0501 | LR: 3.13e-08 | MLM: 1.5007 | CTC: 0.5495
Step 200800/1000000 | Loss: 1.5205 | LR: 3.14e-08 | MLM: 1.0821 | CTC: 0.4384
Step 200900/1000000 | Loss: 1.4264 | LR: 3.14e-08 | MLM: 1.0452 | CTC: 0.3812
Step 201000/1000000 | Loss: 1.9519 | LR: 3.14e-08 | MLM: 1.4912 | CTC: 0.4607
Step 201100/1000000 | Loss: 1.4875 | LR: 3.14e-08 | MLM: 1.0828 | CTC: 0.4047
Step 201200/1000000 | Loss: 1.3816 | LR: 3.14e-08 | MLM: 1.0303 | CTC: 0.3513
Step 201300/1000000 | Loss: 1.1627 | LR: 3.15e-08 | MLM: 0.7861 | CTC: 0.3766
Step 201400/1000000 | Loss: 2.0304 | LR: 3.15e-08 | MLM: 1.4844 | CTC: 0.5460
Step 201500/1000000 | Loss: 1.4460 | LR: 3.15e-08 | MLM: 1.0379 | CTC: 0.4081
Step 201600/1000000 | Loss: 2.0775 | LR: 3.15e-08 | MLM: 1.4153 | CTC: 0.6622
Step 201700/1000000 | Loss: 2.2291 | LR: 3.15e-08 | MLM: 1.5820 | CTC: 0.6471
Step 201800/1000000 | Loss: 2.1962 | LR: 3.15e-08 | MLM: 1.5861 | CTC: 0.6101
Step 201900/1000000 | Loss: 2.5146 | LR: 3.15e-08 | MLM: 1.7369 | CTC: 0.7777
Step 202000/1000000 | Loss: 1.9914 | LR: 3.16e-08 | MLM: 1.6256 | CTC: 0.3658
Step 202100/1000000 | Loss: 0.8132 | LR: 3.16e-08 | MLM: 0.5668 | CTC: 0.2464
Step 202200/1000000 | Loss: 1.6153 | LR: 3.16e-08 | MLM: 1.1305 | CTC: 0.4848
Step 202300/1000000 | Loss: 2.4921 | LR: 3.16e-08 | MLM: 1.7279 | CTC: 0.7642
Step 202400/1000000 | Loss: 2.0735 | LR: 3.16e-08 | MLM: 1.5070 | CTC: 0.5665
Step 202500/1000000 | Loss: 1.9591 | LR: 3.16e-08 | MLM: 1.5353 | CTC: 0.4238
Step 202600/1000000 | Loss: 1.2665 | LR: 3.17e-08 | MLM: 0.9977 | CTC: 0.2688
Step 202700/1000000 | Loss: 1.6363 | LR: 3.17e-08 | MLM: 1.2028 | CTC: 0.4335
Step 202800/1000000 | Loss: 0.6936 | LR: 3.17e-08 | MLM: 0.4742 | CTC: 0.2194
Step 202900/1000000 | Loss: 1.0270 | LR: 3.17e-08 | MLM: 0.7535 | CTC: 0.2735
Step 203000/1000000 | Loss: 1.6815 | LR: 3.17e-08 | MLM: 1.2183 | CTC: 0.4632
Step 203100/1000000 | Loss: 0.6981 | LR: 3.17e-08 | MLM: 0.4515 | CTC: 0.2466
Step 203200/1000000 | Loss: 0.9425 | LR: 3.17e-08 | MLM: 0.6707 | CTC: 0.2718
Step 203300/1000000 | Loss: 0.8748 | LR: 3.18e-08 | MLM: 0.5721 | CTC: 0.3027
Step 203400/1000000 | Loss: 1.3781 | LR: 3.18e-08 | MLM: 1.0544 | CTC: 0.3237
Step 203500/1000000 | Loss: 1.0614 | LR: 3.18e-08 | MLM: 0.7886 | CTC: 0.2728
Step 203600/1000000 | Loss: 1.2382 | LR: 3.18e-08 | MLM: 0.9054 | CTC: 0.3328
Step 203700/1000000 | Loss: 0.9578 | LR: 3.18e-08 | MLM: 0.6615 | CTC: 0.2963
Step 203800/1000000 | Loss: 0.8306 | LR: 3.18e-08 | MLM: 0.5483 | CTC: 0.2824
Step 203900/1000000 | Loss: 1.8736 | LR: 3.18e-08 | MLM: 1.4284 | CTC: 0.4452
Step 204000/1000000 | Loss: 1.0389 | LR: 3.19e-08 | MLM: 0.7956 | CTC: 0.2433
Step 204100/1000000 | Loss: 1.5406 | LR: 3.19e-08 | MLM: 1.0882 | CTC: 0.4524
Step 204200/1000000 | Loss: 1.5736 | LR: 3.19e-08 | MLM: 1.2005 | CTC: 0.3732
Step 204300/1000000 | Loss: 1.4322 | LR: 3.19e-08 | MLM: 0.9302 | CTC: 0.5020
Step 204400/1000000 | Loss: 1.1782 | LR: 3.19e-08 | MLM: 0.7288 | CTC: 0.4494
Step 204500/1000000 | Loss: 1.8784 | LR: 3.19e-08 | MLM: 1.3459 | CTC: 0.5324
Step 204600/1000000 | Loss: 1.1879 | LR: 3.20e-08 | MLM: 0.9131 | CTC: 0.2748
Step 204700/1000000 | Loss: 1.6910 | LR: 3.20e-08 | MLM: 1.2318 | CTC: 0.4592
Step 204800/1000000 | Loss: 1.9336 | LR: 3.20e-08 | MLM: 1.4696 | CTC: 0.4640
Step 204900/1000000 | Loss: 0.9593 | LR: 3.20e-08 | MLM: 0.7286 | CTC: 0.2307
Step 205000/1000000 | Loss: 1.4592 | LR: 3.20e-08 | MLM: 1.0336 | CTC: 0.4256
✓ Saved checkpoint to checkpoint_step_205000.t7
Step 205100/1000000 | Loss: 1.8184 | LR: 3.20e-08 | MLM: 1.4329 | CTC: 0.3855
Step 205200/1000000 | Loss: 2.0612 | LR: 3.21e-08 | MLM: 1.5634 | CTC: 0.4978
Step 205300/1000000 | Loss: 0.7872 | LR: 3.21e-08 | MLM: 0.5827 | CTC: 0.2045
Step 205400/1000000 | Loss: 1.2593 | LR: 3.21e-08 | MLM: 0.8816 | CTC: 0.3776
Step 205500/1000000 | Loss: 1.6515 | LR: 3.21e-08 | MLM: 1.2219 | CTC: 0.4295
Step 205600/1000000 | Loss: 1.3764 | LR: 3.21e-08 | MLM: 1.0412 | CTC: 0.3351
Step 205700/1000000 | Loss: 2.2617 | LR: 3.21e-08 | MLM: 1.7263 | CTC: 0.5354
Step 205800/1000000 | Loss: 0.7683 | LR: 3.22e-08 | MLM: 0.5231 | CTC: 0.2452
Step 205900/1000000 | Loss: 1.1838 | LR: 3.22e-08 | MLM: 0.8673 | CTC: 0.3165
Step 206000/1000000 | Loss: 2.0268 | LR: 3.22e-08 | MLM: 1.4620 | CTC: 0.5648
Step 206100/1000000 | Loss: 1.5829 | LR: 3.22e-08 | MLM: 1.1220 | CTC: 0.4609
Step 206200/1000000 | Loss: 1.2805 | LR: 3.22e-08 | MLM: 0.9462 | CTC: 0.3343
Step 206300/1000000 | Loss: 2.0582 | LR: 3.22e-08 | MLM: 1.5094 | CTC: 0.5488
Step 206400/1000000 | Loss: 0.9530 | LR: 3.23e-08 | MLM: 0.7503 | CTC: 0.2027
Step 206500/1000000 | Loss: 1.7214 | LR: 3.23e-08 | MLM: 1.1959 | CTC: 0.5255
Step 206600/1000000 | Loss: 2.2615 | LR: 3.23e-08 | MLM: 1.7055 | CTC: 0.5560
Step 206700/1000000 | Loss: 1.0908 | LR: 3.23e-08 | MLM: 0.8209 | CTC: 0.2699
Step 206800/1000000 | Loss: 1.6343 | LR: 3.23e-08 | MLM: 1.2494 | CTC: 0.3849
Step 206900/1000000 | Loss: 0.9185 | LR: 3.23e-08 | MLM: 0.6241 | CTC: 0.2944
Step 207000/1000000 | Loss: 0.8062 | LR: 3.23e-08 | MLM: 0.5904 | CTC: 0.2159
Step 207100/1000000 | Loss: 1.4628 | LR: 3.24e-08 | MLM: 1.1131 | CTC: 0.3496
Step 207200/1000000 | Loss: 1.9684 | LR: 3.24e-08 | MLM: 1.4446 | CTC: 0.5238
Step 207300/1000000 | Loss: 1.9879 | LR: 3.24e-08 | MLM: 1.4997 | CTC: 0.4882
Step 207400/1000000 | Loss: 0.7553 | LR: 3.24e-08 | MLM: 0.5756 | CTC: 0.1797
Step 207500/1000000 | Loss: 2.2738 | LR: 3.24e-08 | MLM: 1.7679 | CTC: 0.5059
Step 207600/1000000 | Loss: 1.1852 | LR: 3.24e-08 | MLM: 0.6374 | CTC: 0.5478
Step 207700/1000000 | Loss: 1.8476 | LR: 3.25e-08 | MLM: 1.3854 | CTC: 0.4622
Step 207800/1000000 | Loss: 1.7381 | LR: 3.25e-08 | MLM: 1.1949 | CTC: 0.5432
Step 207900/1000000 | Loss: 1.1778 | LR: 3.25e-08 | MLM: 0.8106 | CTC: 0.3672
Step 208000/1000000 | Loss: 1.4084 | LR: 3.25e-08 | MLM: 1.0581 | CTC: 0.3503
Step 208100/1000000 | Loss: 0.9756 | LR: 3.25e-08 | MLM: 0.6665 | CTC: 0.3092
Step 208200/1000000 | Loss: 0.7491 | LR: 3.25e-08 | MLM: 0.5214 | CTC: 0.2276
Step 208300/1000000 | Loss: 2.0715 | LR: 3.25e-08 | MLM: 1.5241 | CTC: 0.5474
Step 208400/1000000 | Loss: 1.2227 | LR: 3.26e-08 | MLM: 0.8613 | CTC: 0.3614
Step 208500/1000000 | Loss: 1.7547 | LR: 3.26e-08 | MLM: 1.2742 | CTC: 0.4805
Step 208600/1000000 | Loss: 0.5368 | LR: 3.26e-08 | MLM: 0.3586 | CTC: 0.1781
Step 208700/1000000 | Loss: 0.8468 | LR: 3.26e-08 | MLM: 0.5585 | CTC: 0.2883
Step 208800/1000000 | Loss: 1.4475 | LR: 3.26e-08 | MLM: 1.1120 | CTC: 0.3355
Step 208900/1000000 | Loss: 0.8810 | LR: 3.26e-08 | MLM: 0.5856 | CTC: 0.2953
Step 209000/1000000 | Loss: 1.8606 | LR: 3.26e-08 | MLM: 1.3140 | CTC: 0.5466
Step 209100/1000000 | Loss: 0.5178 | LR: 3.27e-08 | MLM: 0.4188 | CTC: 0.0990
Step 209200/1000000 | Loss: 0.9374 | LR: 3.27e-08 | MLM: 0.7453 | CTC: 0.1922
Step 209300/1000000 | Loss: 0.9603 | LR: 3.27e-08 | MLM: 0.6442 | CTC: 0.3160
Step 209400/1000000 | Loss: 2.2055 | LR: 3.27e-08 | MLM: 1.5107 | CTC: 0.6948
Step 209500/1000000 | Loss: 1.3664 | LR: 3.27e-08 | MLM: 0.9681 | CTC: 0.3983
Step 209600/1000000 | Loss: 1.2687 | LR: 3.27e-08 | MLM: 0.9936 | CTC: 0.2752
Step 209700/1000000 | Loss: 2.0528 | LR: 3.28e-08 | MLM: 1.6104 | CTC: 0.4424
Step 209800/1000000 | Loss: 1.5319 | LR: 3.28e-08 | MLM: 0.9792 | CTC: 0.5527
Step 209900/1000000 | Loss: 1.2259 | LR: 3.28e-08 | MLM: 0.8823 | CTC: 0.3437
Step 210000/1000000 | Loss: 1.5540 | LR: 3.28e-08 | MLM: 1.2016 | CTC: 0.3524
✓ Saved checkpoint to checkpoint_step_210000.t7
Step 210100/1000000 | Loss: 1.8506 | LR: 3.28e-08 | MLM: 1.3158 | CTC: 0.5348
Step 210200/1000000 | Loss: 1.6221 | LR: 3.28e-08 | MLM: 1.1670 | CTC: 0.4551
Step 210300/1000000 | Loss: 1.6074 | LR: 3.28e-08 | MLM: 1.1225 | CTC: 0.4848
Step 210400/1000000 | Loss: 0.7279 | LR: 3.29e-08 | MLM: 0.4716 | CTC: 0.2563
Step 210500/1000000 | Loss: 1.0761 | LR: 3.29e-08 | MLM: 0.8016 | CTC: 0.2744
Step 210600/1000000 | Loss: 1.1576 | LR: 3.29e-08 | MLM: 0.9119 | CTC: 0.2457
Step 210700/1000000 | Loss: 1.0520 | LR: 3.29e-08 | MLM: 0.7796 | CTC: 0.2724
Step 210800/1000000 | Loss: 1.8950 | LR: 3.29e-08 | MLM: 1.3727 | CTC: 0.5223
Step 210900/1000000 | Loss: 1.7565 | LR: 3.30e-08 | MLM: 1.3032 | CTC: 0.4533
Step 211000/1000000 | Loss: 1.6406 | LR: 3.30e-08 | MLM: 1.0825 | CTC: 0.5582
Step 211100/1000000 | Loss: 2.3306 | LR: 3.30e-08 | MLM: 1.5873 | CTC: 0.7433
Step 211200/1000000 | Loss: 1.3826 | LR: 3.30e-08 | MLM: 0.9302 | CTC: 0.4525
Step 211300/1000000 | Loss: 1.2700 | LR: 3.30e-08 | MLM: 0.9359 | CTC: 0.3340
Step 211400/1000000 | Loss: 1.2023 | LR: 3.30e-08 | MLM: 0.8971 | CTC: 0.3052
Step 211500/1000000 | Loss: 2.1881 | LR: 3.30e-08 | MLM: 1.5879 | CTC: 0.6003
Step 211600/1000000 | Loss: 0.9067 | LR: 3.31e-08 | MLM: 0.6699 | CTC: 0.2368
Step 211700/1000000 | Loss: 2.4412 | LR: 3.31e-08 | MLM: 1.8100 | CTC: 0.6312
Step 211800/1000000 | Loss: 0.8241 | LR: 3.31e-08 | MLM: 0.5844 | CTC: 0.2397
Step 211900/1000000 | Loss: 1.6883 | LR: 3.31e-08 | MLM: 1.3048 | CTC: 0.3834
Step 212000/1000000 | Loss: 0.8410 | LR: 3.31e-08 | MLM: 0.6033 | CTC: 0.2377
Step 212100/1000000 | Loss: 1.7146 | LR: 3.31e-08 | MLM: 1.2520 | CTC: 0.4626
Step 212200/1000000 | Loss: 1.3028 | LR: 3.32e-08 | MLM: 1.0182 | CTC: 0.2846
Step 212300/1000000 | Loss: 1.0300 | LR: 3.32e-08 | MLM: 0.7936 | CTC: 0.2363
Step 212400/1000000 | Loss: 1.1716 | LR: 3.32e-08 | MLM: 0.8563 | CTC: 0.3154
Step 212500/1000000 | Loss: 2.3209 | LR: 3.32e-08 | MLM: 1.6136 | CTC: 0.7073
Step 212600/1000000 | Loss: 1.6189 | LR: 3.32e-08 | MLM: 1.1362 | CTC: 0.4827
Step 212700/1000000 | Loss: 1.4783 | LR: 3.32e-08 | MLM: 1.0549 | CTC: 0.4235
Step 212800/1000000 | Loss: 1.4600 | LR: 3.33e-08 | MLM: 0.9635 | CTC: 0.4965
Step 212900/1000000 | Loss: 1.1997 | LR: 3.33e-08 | MLM: 0.7498 | CTC: 0.4499
Step 213000/1000000 | Loss: 2.3822 | LR: 3.33e-08 | MLM: 1.6109 | CTC: 0.7713
Step 213100/1000000 | Loss: 0.9437 | LR: 3.33e-08 | MLM: 0.7050 | CTC: 0.2387
Step 213200/1000000 | Loss: 0.7736 | LR: 3.33e-08 | MLM: 0.5562 | CTC: 0.2175
Step 213300/1000000 | Loss: 1.6818 | LR: 3.33e-08 | MLM: 1.2358 | CTC: 0.4460
Step 213400/1000000 | Loss: 0.8104 | LR: 3.33e-08 | MLM: 0.6076 | CTC: 0.2028
Step 213500/1000000 | Loss: 0.8505 | LR: 3.33e-08 | MLM: 0.6167 | CTC: 0.2338
Step 213600/1000000 | Loss: 2.0048 | LR: 3.34e-08 | MLM: 1.4936 | CTC: 0.5113
Step 213700/1000000 | Loss: 2.4309 | LR: 3.34e-08 | MLM: 1.7376 | CTC: 0.6933
Step 213800/1000000 | Loss: 2.0504 | LR: 3.34e-08 | MLM: 1.4919 | CTC: 0.5585
Step 213900/1000000 | Loss: 1.3906 | LR: 3.34e-08 | MLM: 0.9988 | CTC: 0.3919
Step 214000/1000000 | Loss: 2.2680 | LR: 3.34e-08 | MLM: 1.8528 | CTC: 0.4152
Step 214100/1000000 | Loss: 1.2402 | LR: 3.34e-08 | MLM: 0.7869 | CTC: 0.4533
Step 214200/1000000 | Loss: 0.4326 | LR: 3.35e-08 | MLM: 0.2892 | CTC: 0.1434
Step 214300/1000000 | Loss: 1.9692 | LR: 3.35e-08 | MLM: 1.4709 | CTC: 0.4983
Step 214400/1000000 | Loss: 1.4682 | LR: 3.35e-08 | MLM: 1.0499 | CTC: 0.4183
Step 214500/1000000 | Loss: 0.9480 | LR: 3.35e-08 | MLM: 0.6396 | CTC: 0.3084
Step 214600/1000000 | Loss: 1.4180 | LR: 3.35e-08 | MLM: 1.2612 | CTC: 0.1568
Step 214700/1000000 | Loss: 1.8602 | LR: 3.35e-08 | MLM: 1.3508 | CTC: 0.5095
Step 214800/1000000 | Loss: 2.2148 | LR: 3.36e-08 | MLM: 1.6407 | CTC: 0.5741
Step 214900/1000000 | Loss: 1.2270 | LR: 3.36e-08 | MLM: 0.8478 | CTC: 0.3793
Step 215000/1000000 | Loss: 1.6426 | LR: 3.36e-08 | MLM: 1.3913 | CTC: 0.2513
✓ Saved checkpoint to checkpoint_step_215000.t7
Step 215100/1000000 | Loss: 1.9097 | LR: 3.36e-08 | MLM: 1.4619 | CTC: 0.4479
Step 215200/1000000 | Loss: 1.7412 | LR: 3.36e-08 | MLM: 1.2353 | CTC: 0.5059
Step 215300/1000000 | Loss: 1.4654 | LR: 3.36e-08 | MLM: 1.1204 | CTC: 0.3449
Step 215400/1000000 | Loss: 1.1317 | LR: 3.37e-08 | MLM: 0.7938 | CTC: 0.3379
Step 215500/1000000 | Loss: 1.4403 | LR: 3.37e-08 | MLM: 1.0093 | CTC: 0.4309
Step 215600/1000000 | Loss: 0.8927 | LR: 3.37e-08 | MLM: 0.5729 | CTC: 0.3197
Step 215700/1000000 | Loss: 0.9144 | LR: 3.37e-08 | MLM: 0.5787 | CTC: 0.3358
Step 215800/1000000 | Loss: 0.8342 | LR: 3.37e-08 | MLM: 0.6341 | CTC: 0.2001
Step 215900/1000000 | Loss: 2.0053 | LR: 3.37e-08 | MLM: 1.4734 | CTC: 0.5320
Step 216000/1000000 | Loss: 1.2905 | LR: 3.38e-08 | MLM: 0.9456 | CTC: 0.3449
Step 216100/1000000 | Loss: 0.7124 | LR: 3.38e-08 | MLM: 0.5154 | CTC: 0.1971
Step 216200/1000000 | Loss: 1.6462 | LR: 3.38e-08 | MLM: 1.2469 | CTC: 0.3992
Step 216300/1000000 | Loss: 1.6517 | LR: 3.38e-08 | MLM: 1.2412 | CTC: 0.4105
Step 216400/1000000 | Loss: 2.7357 | LR: 3.38e-08 | MLM: 1.9010 | CTC: 0.8348
Step 216500/1000000 | Loss: 0.5837 | LR: 3.38e-08 | MLM: 0.4281 | CTC: 0.1556
Step 216600/1000000 | Loss: 1.4371 | LR: 3.38e-08 | MLM: 1.0835 | CTC: 0.3536
Step 216700/1000000 | Loss: 0.7937 | LR: 3.39e-08 | MLM: 0.5630 | CTC: 0.2307
Step 216800/1000000 | Loss: 1.4226 | LR: 3.39e-08 | MLM: 0.9556 | CTC: 0.4670
Step 216900/1000000 | Loss: 1.2292 | LR: 3.39e-08 | MLM: 0.9484 | CTC: 0.2808
Step 217000/1000000 | Loss: 2.7673 | LR: 3.39e-08 | MLM: 1.9517 | CTC: 0.8156
Step 217100/1000000 | Loss: 2.0532 | LR: 3.39e-08 | MLM: 1.5066 | CTC: 0.5466
Step 217200/1000000 | Loss: 1.8146 | LR: 3.39e-08 | MLM: 1.3319 | CTC: 0.4828
Step 217300/1000000 | Loss: 1.7171 | LR: 3.40e-08 | MLM: 1.2883 | CTC: 0.4288
Step 217400/1000000 | Loss: 1.5552 | LR: 3.40e-08 | MLM: 1.0936 | CTC: 0.4616
Step 217500/1000000 | Loss: 1.8929 | LR: 3.40e-08 | MLM: 1.2330 | CTC: 0.6599
Step 217600/1000000 | Loss: 2.2893 | LR: 3.40e-08 | MLM: 1.5192 | CTC: 0.7701
Step 217700/1000000 | Loss: 1.9684 | LR: 3.40e-08 | MLM: 1.3377 | CTC: 0.6307
Step 217800/1000000 | Loss: 1.4040 | LR: 3.40e-08 | MLM: 1.0651 | CTC: 0.3388
Step 217900/1000000 | Loss: 1.7440 | LR: 3.40e-08 | MLM: 1.3269 | CTC: 0.4171
Step 218000/1000000 | Loss: 1.8082 | LR: 3.41e-08 | MLM: 1.2996 | CTC: 0.5086
Step 218100/1000000 | Loss: 1.0449 | LR: 3.41e-08 | MLM: 0.6820 | CTC: 0.3628
Step 218200/1000000 | Loss: 0.7565 | LR: 3.41e-08 | MLM: 0.4938 | CTC: 0.2628
Step 218300/1000000 | Loss: 1.4324 | LR: 3.41e-08 | MLM: 1.1798 | CTC: 0.2527
Step 218400/1000000 | Loss: 1.8994 | LR: 3.41e-08 | MLM: 1.3807 | CTC: 0.5187
Step 218500/1000000 | Loss: 1.4149 | LR: 3.41e-08 | MLM: 1.0608 | CTC: 0.3540
Step 218600/1000000 | Loss: 1.7427 | LR: 3.41e-08 | MLM: 1.2440 | CTC: 0.4988
Step 218700/1000000 | Loss: 1.6511 | LR: 3.42e-08 | MLM: 1.2917 | CTC: 0.3594
Step 218800/1000000 | Loss: 1.3911 | LR: 3.42e-08 | MLM: 1.0228 | CTC: 0.3683
Step 218900/1000000 | Loss: 0.2663 | LR: 3.42e-08 | MLM: 0.1999 | CTC: 0.0664
Step 219000/1000000 | Loss: 1.7253 | LR: 3.42e-08 | MLM: 1.2420 | CTC: 0.4832
Step 219100/1000000 | Loss: 1.2078 | LR: 3.42e-08 | MLM: 0.8937 | CTC: 0.3140
Step 219200/1000000 | Loss: 1.9820 | LR: 3.42e-08 | MLM: 1.4176 | CTC: 0.5644
Step 219300/1000000 | Loss: 1.6516 | LR: 3.43e-08 | MLM: 1.2601 | CTC: 0.3914
Step 219400/1000000 | Loss: 1.6313 | LR: 3.43e-08 | MLM: 1.2141 | CTC: 0.4172
Step 219500/1000000 | Loss: 2.0001 | LR: 3.43e-08 | MLM: 1.5135 | CTC: 0.4867
Step 219600/1000000 | Loss: 1.9000 | LR: 3.43e-08 | MLM: 1.4638 | CTC: 0.4362
Step 219700/1000000 | Loss: 1.8345 | LR: 3.43e-08 | MLM: 1.3161 | CTC: 0.5184
Step 219800/1000000 | Loss: 1.7897 | LR: 3.43e-08 | MLM: 1.2373 | CTC: 0.5524
Step 219900/1000000 | Loss: 1.1894 | LR: 3.43e-08 | MLM: 0.8351 | CTC: 0.3543
Step 220000/1000000 | Loss: 1.8289 | LR: 3.44e-08 | MLM: 1.3020 | CTC: 0.5269
✓ Saved checkpoint to checkpoint_step_220000.t7
Step 220100/1000000 | Loss: 1.5605 | LR: 3.44e-08 | MLM: 1.1054 | CTC: 0.4551
Step 220200/1000000 | Loss: 1.2355 | LR: 3.44e-08 | MLM: 0.8965 | CTC: 0.3390
Step 220300/1000000 | Loss: 0.1987 | LR: 3.44e-08 | MLM: 0.1041 | CTC: 0.0946
Step 220400/1000000 | Loss: 0.9951 | LR: 3.44e-08 | MLM: 0.5634 | CTC: 0.4317
Step 220500/1000000 | Loss: 0.5817 | LR: 3.44e-08 | MLM: 0.4670 | CTC: 0.1147
Step 220600/1000000 | Loss: 0.1031 | LR: 3.45e-08 | MLM: 0.0395 | CTC: 0.0636
Step 220700/1000000 | Loss: 1.3547 | LR: 3.45e-08 | MLM: 0.9537 | CTC: 0.4010
Step 220800/1000000 | Loss: 2.5803 | LR: 3.45e-08 | MLM: 1.9942 | CTC: 0.5861
Step 220900/1000000 | Loss: 1.1973 | LR: 3.45e-08 | MLM: 0.8699 | CTC: 0.3274
Step 221000/1000000 | Loss: 1.6153 | LR: 3.45e-08 | MLM: 1.2038 | CTC: 0.4115
Step 221100/1000000 | Loss: 2.1182 | LR: 3.45e-08 | MLM: 1.5881 | CTC: 0.5300
Step 221200/1000000 | Loss: 1.7126 | LR: 3.46e-08 | MLM: 1.2509 | CTC: 0.4617
Step 221300/1000000 | Loss: 1.6539 | LR: 3.46e-08 | MLM: 1.2281 | CTC: 0.4258
Step 221400/1000000 | Loss: 1.5439 | LR: 3.46e-08 | MLM: 0.9875 | CTC: 0.5563
Step 221500/1000000 | Loss: 1.6832 | LR: 3.46e-08 | MLM: 1.1712 | CTC: 0.5121
Step 221600/1000000 | Loss: 0.0387 | LR: 3.46e-08 | MLM: 0.0219 | CTC: 0.0168
Step 221700/1000000 | Loss: 2.0496 | LR: 3.46e-08 | MLM: 1.4707 | CTC: 0.5789
Step 221800/1000000 | Loss: 2.0467 | LR: 3.46e-08 | MLM: 1.2942 | CTC: 0.7525
Step 221900/1000000 | Loss: 1.2130 | LR: 3.47e-08 | MLM: 0.8271 | CTC: 0.3859
Step 222000/1000000 | Loss: 1.6543 | LR: 3.47e-08 | MLM: 1.3280 | CTC: 0.3263
Step 222100/1000000 | Loss: 0.9333 | LR: 3.47e-08 | MLM: 0.6747 | CTC: 0.2586
Step 222200/1000000 | Loss: 2.2565 | LR: 3.47e-08 | MLM: 1.5939 | CTC: 0.6626
Step 222300/1000000 | Loss: 1.8756 | LR: 3.47e-08 | MLM: 1.4045 | CTC: 0.4712
Step 222400/1000000 | Loss: 1.1674 | LR: 3.47e-08 | MLM: 0.8583 | CTC: 0.3091
Step 222500/1000000 | Loss: 1.5348 | LR: 3.48e-08 | MLM: 1.0891 | CTC: 0.4457
Step 222600/1000000 | Loss: 0.9350 | LR: 3.48e-08 | MLM: 0.7384 | CTC: 0.1966
Step 222700/1000000 | Loss: 1.7807 | LR: 3.48e-08 | MLM: 1.2711 | CTC: 0.5096
Step 222800/1000000 | Loss: 1.6207 | LR: 3.48e-08 | MLM: 1.1496 | CTC: 0.4711
Step 222900/1000000 | Loss: 1.5215 | LR: 3.48e-08 | MLM: 1.1507 | CTC: 0.3708
Step 223000/1000000 | Loss: 1.3719 | LR: 3.48e-08 | MLM: 1.0774 | CTC: 0.2945
Step 223100/1000000 | Loss: 1.8923 | LR: 3.48e-08 | MLM: 1.2839 | CTC: 0.6084
Step 223200/1000000 | Loss: 1.0655 | LR: 3.49e-08 | MLM: 0.7770 | CTC: 0.2886
Step 223300/1000000 | Loss: 1.4925 | LR: 3.49e-08 | MLM: 1.0211 | CTC: 0.4715
Step 223400/1000000 | Loss: 0.9713 | LR: 3.49e-08 | MLM: 0.7028 | CTC: 0.2685
Step 223500/1000000 | Loss: 1.2428 | LR: 3.49e-08 | MLM: 0.9414 | CTC: 0.3013
Step 223600/1000000 | Loss: 2.0482 | LR: 3.49e-08 | MLM: 1.5160 | CTC: 0.5322
Step 223700/1000000 | Loss: 1.3723 | LR: 3.49e-08 | MLM: 1.0200 | CTC: 0.3523
Step 223800/1000000 | Loss: 1.7535 | LR: 3.50e-08 | MLM: 1.2997 | CTC: 0.4539
Step 223900/1000000 | Loss: 1.8955 | LR: 3.50e-08 | MLM: 1.3441 | CTC: 0.5514
Step 224000/1000000 | Loss: 0.4176 | LR: 3.50e-08 | MLM: 0.2252 | CTC: 0.1924
Step 224100/1000000 | Loss: 0.8658 | LR: 3.50e-08 | MLM: 0.5680 | CTC: 0.2977
Step 224200/1000000 | Loss: 2.4032 | LR: 3.50e-08 | MLM: 1.6626 | CTC: 0.7406
Step 224300/1000000 | Loss: 2.4571 | LR: 3.50e-08 | MLM: 1.7130 | CTC: 0.7441
Step 224400/1000000 | Loss: 1.5765 | LR: 3.51e-08 | MLM: 1.2307 | CTC: 0.3458
Step 224500/1000000 | Loss: 1.5480 | LR: 3.51e-08 | MLM: 1.1480 | CTC: 0.4000
Step 224600/1000000 | Loss: 2.1863 | LR: 3.51e-08 | MLM: 1.5956 | CTC: 0.5908
Step 224700/1000000 | Loss: 1.6587 | LR: 3.51e-08 | MLM: 1.2143 | CTC: 0.4444
Step 224800/1000000 | Loss: 0.5243 | LR: 3.51e-08 | MLM: 0.3237 | CTC: 0.2006
Step 224900/1000000 | Loss: 1.3009 | LR: 3.51e-08 | MLM: 0.9278 | CTC: 0.3731
Step 225000/1000000 | Loss: 2.2278 | LR: 3.51e-08 | MLM: 1.5440 | CTC: 0.6838
✓ Saved checkpoint to checkpoint_step_225000.t7
Step 225100/1000000 | Loss: 1.5280 | LR: 3.52e-08 | MLM: 1.1913 | CTC: 0.3367
Step 225200/1000000 | Loss: 0.5214 | LR: 3.52e-08 | MLM: 0.3921 | CTC: 0.1293
Step 225300/1000000 | Loss: 1.7662 | LR: 3.52e-08 | MLM: 1.2839 | CTC: 0.4823
Step 225400/1000000 | Loss: 1.5771 | LR: 3.52e-08 | MLM: 1.1067 | CTC: 0.4704
Step 225500/1000000 | Loss: 1.9054 | LR: 3.52e-08 | MLM: 1.3631 | CTC: 0.5423
Step 225600/1000000 | Loss: 1.0088 | LR: 3.52e-08 | MLM: 0.7996 | CTC: 0.2092
Step 225700/1000000 | Loss: 0.8525 | LR: 3.53e-08 | MLM: 0.6322 | CTC: 0.2203
Step 225800/1000000 | Loss: 1.1896 | LR: 3.53e-08 | MLM: 0.9015 | CTC: 0.2881
Step 225900/1000000 | Loss: 0.4014 | LR: 3.53e-08 | MLM: 0.1759 | CTC: 0.2255
Step 226000/1000000 | Loss: 1.6468 | LR: 3.53e-08 | MLM: 1.1902 | CTC: 0.4567
Step 226100/1000000 | Loss: 1.0175 | LR: 3.53e-08 | MLM: 0.7628 | CTC: 0.2547
Step 226200/1000000 | Loss: 1.6872 | LR: 3.53e-08 | MLM: 1.2660 | CTC: 0.4212
Step 226300/1000000 | Loss: 1.5834 | LR: 3.53e-08 | MLM: 1.2201 | CTC: 0.3633
Step 226400/1000000 | Loss: 1.1867 | LR: 3.54e-08 | MLM: 0.9117 | CTC: 0.2750
Step 226500/1000000 | Loss: 1.3290 | LR: 3.54e-08 | MLM: 0.9809 | CTC: 0.3481
Step 226600/1000000 | Loss: 1.4179 | LR: 3.54e-08 | MLM: 1.0162 | CTC: 0.4018
Step 226700/1000000 | Loss: 1.9591 | LR: 3.54e-08 | MLM: 1.3966 | CTC: 0.5625
Step 226800/1000000 | Loss: 1.7575 | LR: 3.54e-08 | MLM: 1.3681 | CTC: 0.3894
Step 226900/1000000 | Loss: 0.7657 | LR: 3.54e-08 | MLM: 0.5772 | CTC: 0.1885
Step 227000/1000000 | Loss: 1.6925 | LR: 3.55e-08 | MLM: 1.2980 | CTC: 0.3945
Step 227100/1000000 | Loss: 1.1752 | LR: 3.55e-08 | MLM: 0.8645 | CTC: 0.3107
Step 227200/1000000 | Loss: 0.7159 | LR: 3.55e-08 | MLM: 0.5357 | CTC: 0.1802
Step 227300/1000000 | Loss: 1.3571 | LR: 3.55e-08 | MLM: 0.8698 | CTC: 0.4873
Step 227400/1000000 | Loss: 0.8623 | LR: 3.55e-08 | MLM: 0.6428 | CTC: 0.2195
Step 227500/1000000 | Loss: 1.7490 | LR: 3.55e-08 | MLM: 1.2435 | CTC: 0.5055
Step 227600/1000000 | Loss: 2.1381 | LR: 3.56e-08 | MLM: 1.6293 | CTC: 0.5088
Step 227700/1000000 | Loss: 2.0784 | LR: 3.56e-08 | MLM: 1.5368 | CTC: 0.5416
Step 227800/1000000 | Loss: 1.6293 | LR: 3.56e-08 | MLM: 1.0642 | CTC: 0.5652
Step 227900/1000000 | Loss: 1.8560 | LR: 3.56e-08 | MLM: 1.2889 | CTC: 0.5672
Step 228000/1000000 | Loss: 1.1582 | LR: 3.56e-08 | MLM: 0.8870 | CTC: 0.2713
Step 228100/1000000 | Loss: 1.2665 | LR: 3.56e-08 | MLM: 0.9330 | CTC: 0.3335
Step 228200/1000000 | Loss: 1.6892 | LR: 3.56e-08 | MLM: 1.2962 | CTC: 0.3930
Step 228300/1000000 | Loss: 2.4117 | LR: 3.57e-08 | MLM: 1.7340 | CTC: 0.6777
Step 228400/1000000 | Loss: 1.8269 | LR: 3.57e-08 | MLM: 1.4000 | CTC: 0.4270
Step 228500/1000000 | Loss: 1.3345 | LR: 3.57e-08 | MLM: 0.9769 | CTC: 0.3576
Step 228600/1000000 | Loss: 1.5752 | LR: 3.57e-08 | MLM: 1.1041 | CTC: 0.4711
Step 228700/1000000 | Loss: 1.3438 | LR: 3.57e-08 | MLM: 1.0541 | CTC: 0.2897
Step 228800/1000000 | Loss: 1.6371 | LR: 3.57e-08 | MLM: 1.2113 | CTC: 0.4258
Step 228900/1000000 | Loss: 1.1699 | LR: 3.58e-08 | MLM: 0.8480 | CTC: 0.3219
Step 229000/1000000 | Loss: 0.7552 | LR: 3.58e-08 | MLM: 0.4907 | CTC: 0.2645
Step 229100/1000000 | Loss: 1.4714 | LR: 3.58e-08 | MLM: 1.0226 | CTC: 0.4488
Step 229200/1000000 | Loss: 2.1833 | LR: 3.58e-08 | MLM: 1.5152 | CTC: 0.6681
Step 229300/1000000 | Loss: 0.4838 | LR: 3.58e-08 | MLM: 0.3252 | CTC: 0.1586
Step 229400/1000000 | Loss: 2.1243 | LR: 3.58e-08 | MLM: 1.6033 | CTC: 0.5211
Step 229500/1000000 | Loss: 1.0710 | LR: 3.59e-08 | MLM: 0.7683 | CTC: 0.3027
Step 229600/1000000 | Loss: 0.5046 | LR: 3.59e-08 | MLM: 0.3459 | CTC: 0.1586
Step 229700/1000000 | Loss: 2.1931 | LR: 3.59e-08 | MLM: 1.5253 | CTC: 0.6678
Step 229800/1000000 | Loss: 1.4386 | LR: 3.59e-08 | MLM: 0.9345 | CTC: 0.5040
Step 229900/1000000 | Loss: 1.1409 | LR: 3.59e-08 | MLM: 0.7039 | CTC: 0.4370
Step 230000/1000000 | Loss: 2.0486 | LR: 3.59e-08 | MLM: 1.4731 | CTC: 0.5755
✓ Saved checkpoint to checkpoint_step_230000.t7
Step 230100/1000000 | Loss: 1.9507 | LR: 3.59e-08 | MLM: 1.4795 | CTC: 0.4712
Step 230200/1000000 | Loss: 1.6648 | LR: 3.60e-08 | MLM: 1.1990 | CTC: 0.4658
Step 230300/1000000 | Loss: 1.7253 | LR: 3.60e-08 | MLM: 1.2517 | CTC: 0.4736
Step 230400/1000000 | Loss: 2.7520 | LR: 3.60e-08 | MLM: 1.8263 | CTC: 0.9257
Step 230500/1000000 | Loss: 1.2967 | LR: 3.60e-08 | MLM: 0.9904 | CTC: 0.3063
Step 230600/1000000 | Loss: 1.5933 | LR: 3.60e-08 | MLM: 1.1559 | CTC: 0.4374
Step 230700/1000000 | Loss: 0.7631 | LR: 3.60e-08 | MLM: 0.5519 | CTC: 0.2111
Step 230800/1000000 | Loss: 1.9466 | LR: 3.61e-08 | MLM: 1.4227 | CTC: 0.5239
Step 230900/1000000 | Loss: 1.7246 | LR: 3.61e-08 | MLM: 1.3713 | CTC: 0.3533
Step 231000/1000000 | Loss: 1.8172 | LR: 3.61e-08 | MLM: 1.3695 | CTC: 0.4477
Step 231100/1000000 | Loss: 2.1069 | LR: 3.61e-08 | MLM: 1.5335 | CTC: 0.5734
Step 231200/1000000 | Loss: 1.3621 | LR: 3.61e-08 | MLM: 1.0474 | CTC: 0.3147
Step 231300/1000000 | Loss: 1.7577 | LR: 3.61e-08 | MLM: 1.3322 | CTC: 0.4255
Step 231400/1000000 | Loss: 0.9297 | LR: 3.61e-08 | MLM: 0.6808 | CTC: 0.2489
Step 231500/1000000 | Loss: 1.0598 | LR: 3.62e-08 | MLM: 0.8427 | CTC: 0.2170
Step 231600/1000000 | Loss: 1.3522 | LR: 3.62e-08 | MLM: 0.9594 | CTC: 0.3928
Step 231700/1000000 | Loss: 1.6210 | LR: 3.62e-08 | MLM: 1.1611 | CTC: 0.4599
Step 231800/1000000 | Loss: 2.0546 | LR: 3.62e-08 | MLM: 1.4569 | CTC: 0.5978
Step 231900/1000000 | Loss: 2.2041 | LR: 3.62e-08 | MLM: 1.5624 | CTC: 0.6417
Step 232000/1000000 | Loss: 1.1612 | LR: 3.62e-08 | MLM: 0.8312 | CTC: 0.3300
Step 232100/1000000 | Loss: 1.0862 | LR: 3.63e-08 | MLM: 0.8093 | CTC: 0.2769
Step 232200/1000000 | Loss: 1.9005 | LR: 3.63e-08 | MLM: 1.4292 | CTC: 0.4713
Step 232300/1000000 | Loss: 0.6054 | LR: 3.63e-08 | MLM: 0.4310 | CTC: 0.1744
Step 232400/1000000 | Loss: 0.8628 | LR: 3.63e-08 | MLM: 0.6201 | CTC: 0.2427
Step 232500/1000000 | Loss: 1.3381 | LR: 3.63e-08 | MLM: 1.0182 | CTC: 0.3199
Step 232600/1000000 | Loss: 1.1349 | LR: 3.63e-08 | MLM: 0.7117 | CTC: 0.4232
Step 232700/1000000 | Loss: 1.0015 | LR: 3.63e-08 | MLM: 0.5128 | CTC: 0.4888
Step 232800/1000000 | Loss: 1.2599 | LR: 3.64e-08 | MLM: 0.9302 | CTC: 0.3297
Step 232900/1000000 | Loss: 1.3343 | LR: 3.64e-08 | MLM: 0.9197 | CTC: 0.4146
Step 233000/1000000 | Loss: 1.8311 | LR: 3.64e-08 | MLM: 1.3119 | CTC: 0.5193
Step 233100/1000000 | Loss: 1.7263 | LR: 3.64e-08 | MLM: 1.3328 | CTC: 0.3936
Step 233200/1000000 | Loss: 2.1025 | LR: 3.64e-08 | MLM: 1.4430 | CTC: 0.6595
Step 233300/1000000 | Loss: 1.0412 | LR: 3.64e-08 | MLM: 0.7261 | CTC: 0.3151
Step 233400/1000000 | Loss: 1.7097 | LR: 3.65e-08 | MLM: 1.2888 | CTC: 0.4209
Step 233500/1000000 | Loss: 0.9293 | LR: 3.65e-08 | MLM: 0.6489 | CTC: 0.2804
Step 233600/1000000 | Loss: 1.7473 | LR: 3.65e-08 | MLM: 1.4068 | CTC: 0.3404
Step 233700/1000000 | Loss: 0.4019 | LR: 3.65e-08 | MLM: 0.2821 | CTC: 0.1198
Step 233800/1000000 | Loss: 1.2148 | LR: 3.65e-08 | MLM: 0.9154 | CTC: 0.2994
Step 233900/1000000 | Loss: 1.6473 | LR: 3.65e-08 | MLM: 1.1332 | CTC: 0.5140
Step 234000/1000000 | Loss: 1.3140 | LR: 3.66e-08 | MLM: 0.9503 | CTC: 0.3637
Step 234100/1000000 | Loss: 1.5855 | LR: 3.66e-08 | MLM: 1.0976 | CTC: 0.4879
Step 234200/1000000 | Loss: 1.2386 | LR: 3.66e-08 | MLM: 0.9583 | CTC: 0.2803
Step 234300/1000000 | Loss: 0.4900 | LR: 3.66e-08 | MLM: 0.3846 | CTC: 0.1055
Step 234400/1000000 | Loss: 1.8890 | LR: 3.66e-08 | MLM: 1.2125 | CTC: 0.6766
Step 234500/1000000 | Loss: 1.9707 | LR: 3.66e-08 | MLM: 1.2786 | CTC: 0.6921
Step 234600/1000000 | Loss: 1.0752 | LR: 3.67e-08 | MLM: 0.7605 | CTC: 0.3147
Step 234700/1000000 | Loss: 1.3410 | LR: 3.67e-08 | MLM: 0.9573 | CTC: 0.3837
Step 234800/1000000 | Loss: 1.2360 | LR: 3.67e-08 | MLM: 0.8979 | CTC: 0.3381
Step 234900/1000000 | Loss: 2.3603 | LR: 3.67e-08 | MLM: 1.7045 | CTC: 0.6558
Step 235000/1000000 | Loss: 1.1657 | LR: 3.67e-08 | MLM: 0.8324 | CTC: 0.3333
✓ Saved checkpoint to checkpoint_step_235000.t7
Step 235100/1000000 | Loss: 1.5147 | LR: 3.67e-08 | MLM: 0.9941 | CTC: 0.5207
Step 235200/1000000 | Loss: 1.5921 | LR: 3.67e-08 | MLM: 1.1846 | CTC: 0.4075
Step 235300/1000000 | Loss: 0.4252 | LR: 3.68e-08 | MLM: 0.2496 | CTC: 0.1757
Step 235400/1000000 | Loss: 1.8008 | LR: 3.68e-08 | MLM: 1.3142 | CTC: 0.4867
Step 235500/1000000 | Loss: 1.0738 | LR: 3.68e-08 | MLM: 0.7460 | CTC: 0.3278
Step 235600/1000000 | Loss: 0.4480 | LR: 3.68e-08 | MLM: 0.3181 | CTC: 0.1299
Step 235700/1000000 | Loss: 1.9455 | LR: 3.68e-08 | MLM: 1.4396 | CTC: 0.5059
Step 235800/1000000 | Loss: 1.1249 | LR: 3.68e-08 | MLM: 0.8435 | CTC: 0.2813
Step 235900/1000000 | Loss: 1.4888 | LR: 3.68e-08 | MLM: 1.0601 | CTC: 0.4287
Step 236000/1000000 | Loss: 2.2250 | LR: 3.69e-08 | MLM: 1.6509 | CTC: 0.5741
Step 236100/1000000 | Loss: 0.5473 | LR: 3.69e-08 | MLM: 0.3562 | CTC: 0.1911
Step 236200/1000000 | Loss: 1.0380 | LR: 3.69e-08 | MLM: 0.7264 | CTC: 0.3116
Step 236300/1000000 | Loss: 1.7284 | LR: 3.69e-08 | MLM: 1.2904 | CTC: 0.4380
Step 236400/1000000 | Loss: 1.0579 | LR: 3.69e-08 | MLM: 0.7308 | CTC: 0.3271
Step 236500/1000000 | Loss: 1.2718 | LR: 3.69e-08 | MLM: 0.9258 | CTC: 0.3460
Step 236600/1000000 | Loss: 1.3661 | LR: 3.70e-08 | MLM: 1.0375 | CTC: 0.3286
Step 236700/1000000 | Loss: 2.4326 | LR: 3.70e-08 | MLM: 1.8577 | CTC: 0.5749
Step 236800/1000000 | Loss: 0.7507 | LR: 3.70e-08 | MLM: 0.5922 | CTC: 0.1585
Step 236900/1000000 | Loss: 1.4952 | LR: 3.70e-08 | MLM: 1.0850 | CTC: 0.4102
Step 237000/1000000 | Loss: 1.0698 | LR: 3.70e-08 | MLM: 0.7838 | CTC: 0.2860
Step 237100/1000000 | Loss: 0.9364 | LR: 3.70e-08 | MLM: 0.7123 | CTC: 0.2241
Step 237200/1000000 | Loss: 1.7303 | LR: 3.71e-08 | MLM: 1.2537 | CTC: 0.4766
Step 237300/1000000 | Loss: 1.6012 | LR: 3.71e-08 | MLM: 1.1993 | CTC: 0.4020
Step 237400/1000000 | Loss: 1.4673 | LR: 3.71e-08 | MLM: 1.1467 | CTC: 0.3206
Step 237500/1000000 | Loss: 1.7764 | LR: 3.71e-08 | MLM: 1.3012 | CTC: 0.4752
Step 237600/1000000 | Loss: 1.5111 | LR: 3.71e-08 | MLM: 1.1155 | CTC: 0.3955
Step 237700/1000000 | Loss: 2.1938 | LR: 3.71e-08 | MLM: 1.6897 | CTC: 0.5041
Step 237800/1000000 | Loss: 1.8749 | LR: 3.71e-08 | MLM: 1.4319 | CTC: 0.4430
Step 237900/1000000 | Loss: 1.4291 | LR: 3.72e-08 | MLM: 1.0534 | CTC: 0.3757
Step 238000/1000000 | Loss: 1.4735 | LR: 3.72e-08 | MLM: 1.0662 | CTC: 0.4073
Step 238100/1000000 | Loss: 1.6509 | LR: 3.72e-08 | MLM: 1.2261 | CTC: 0.4248
Step 238200/1000000 | Loss: 1.7240 | LR: 3.72e-08 | MLM: 1.3252 | CTC: 0.3988
Step 238300/1000000 | Loss: 1.4872 | LR: 3.72e-08 | MLM: 1.1875 | CTC: 0.2997
Step 238400/1000000 | Loss: 2.0999 | LR: 3.72e-08 | MLM: 1.5290 | CTC: 0.5710
Step 238500/1000000 | Loss: 1.5352 | LR: 3.73e-08 | MLM: 1.0974 | CTC: 0.4378
Step 238600/1000000 | Loss: 1.3056 | LR: 3.73e-08 | MLM: 0.9618 | CTC: 0.3438
Step 238700/1000000 | Loss: 1.6471 | LR: 3.73e-08 | MLM: 1.2041 | CTC: 0.4431
Step 238800/1000000 | Loss: 2.0025 | LR: 3.73e-08 | MLM: 1.5570 | CTC: 0.4454
Step 238900/1000000 | Loss: 1.7847 | LR: 3.73e-08 | MLM: 1.2932 | CTC: 0.4916
Step 239000/1000000 | Loss: 1.2047 | LR: 3.73e-08 | MLM: 0.9220 | CTC: 0.2827
Step 239100/1000000 | Loss: 1.2244 | LR: 3.74e-08 | MLM: 0.8870 | CTC: 0.3373
Step 239200/1000000 | Loss: 1.2571 | LR: 3.74e-08 | MLM: 0.9119 | CTC: 0.3452
Step 239300/1000000 | Loss: 1.4052 | LR: 3.74e-08 | MLM: 1.0674 | CTC: 0.3377
Step 239400/1000000 | Loss: 1.8696 | LR: 3.74e-08 | MLM: 1.3707 | CTC: 0.4989
Step 239500/1000000 | Loss: 1.9157 | LR: 3.74e-08 | MLM: 1.3114 | CTC: 0.6043
Step 239600/1000000 | Loss: 2.2385 | LR: 3.74e-08 | MLM: 1.6717 | CTC: 0.5668
Step 239700/1000000 | Loss: 1.0291 | LR: 3.75e-08 | MLM: 0.6870 | CTC: 0.3422
Step 239800/1000000 | Loss: 1.7166 | LR: 3.75e-08 | MLM: 1.2771 | CTC: 0.4396
Step 239900/1000000 | Loss: 1.5535 | LR: 3.75e-08 | MLM: 1.0526 | CTC: 0.5009
Step 240000/1000000 | Loss: 1.4886 | LR: 3.75e-08 | MLM: 1.0503 | CTC: 0.4384
✓ Saved checkpoint to checkpoint_step_240000.t7
Step 240100/1000000 | Loss: 1.3244 | LR: 3.75e-08 | MLM: 0.8330 | CTC: 0.4914
Step 240200/1000000 | Loss: 0.8615 | LR: 3.75e-08 | MLM: 0.6463 | CTC: 0.2152
Step 240300/1000000 | Loss: 0.9109 | LR: 3.75e-08 | MLM: 0.6996 | CTC: 0.2112
Step 240400/1000000 | Loss: 1.9077 | LR: 3.76e-08 | MLM: 1.4667 | CTC: 0.4410
Step 240500/1000000 | Loss: 1.7086 | LR: 3.76e-08 | MLM: 1.2960 | CTC: 0.4126
Step 240600/1000000 | Loss: 0.8993 | LR: 3.76e-08 | MLM: 0.6505 | CTC: 0.2488
Step 240700/1000000 | Loss: 0.6214 | LR: 3.76e-08 | MLM: 0.4212 | CTC: 0.2002
Step 240800/1000000 | Loss: 1.4617 | LR: 3.76e-08 | MLM: 1.1125 | CTC: 0.3492
Step 240900/1000000 | Loss: 1.7126 | LR: 3.76e-08 | MLM: 1.1752 | CTC: 0.5374
Step 241000/1000000 | Loss: 1.6330 | LR: 3.76e-08 | MLM: 1.2050 | CTC: 0.4279
Step 241100/1000000 | Loss: 1.7950 | LR: 3.77e-08 | MLM: 1.4306 | CTC: 0.3644
Step 241200/1000000 | Loss: 1.4110 | LR: 3.77e-08 | MLM: 1.0349 | CTC: 0.3761
Step 241300/1000000 | Loss: 0.8491 | LR: 3.77e-08 | MLM: 0.6714 | CTC: 0.1777
Step 241400/1000000 | Loss: 1.2295 | LR: 3.77e-08 | MLM: 0.9137 | CTC: 0.3157
Step 241500/1000000 | Loss: 1.9207 | LR: 3.77e-08 | MLM: 1.3750 | CTC: 0.5457
Step 241600/1000000 | Loss: 1.9478 | LR: 3.77e-08 | MLM: 1.4390 | CTC: 0.5089
Step 241700/1000000 | Loss: 1.7389 | LR: 3.78e-08 | MLM: 1.2539 | CTC: 0.4851
Step 241800/1000000 | Loss: 1.7861 | LR: 3.78e-08 | MLM: 1.3032 | CTC: 0.4828
Step 241900/1000000 | Loss: 1.4155 | LR: 3.78e-08 | MLM: 1.0414 | CTC: 0.3741
Step 242000/1000000 | Loss: 1.4302 | LR: 3.78e-08 | MLM: 1.0257 | CTC: 0.4045
Step 242100/1000000 | Loss: 0.2309 | LR: 3.78e-08 | MLM: 0.1795 | CTC: 0.0514
Step 242200/1000000 | Loss: 1.2724 | LR: 3.78e-08 | MLM: 0.9185 | CTC: 0.3539
Step 242300/1000000 | Loss: 1.9431 | LR: 3.78e-08 | MLM: 1.5239 | CTC: 0.4192
Step 242400/1000000 | Loss: 1.7470 | LR: 3.79e-08 | MLM: 1.2976 | CTC: 0.4494
Step 242500/1000000 | Loss: 1.7102 | LR: 3.79e-08 | MLM: 1.2511 | CTC: 0.4591
Step 242600/1000000 | Loss: 0.8137 | LR: 3.79e-08 | MLM: 0.5654 | CTC: 0.2483
Step 242700/1000000 | Loss: 1.8062 | LR: 3.79e-08 | MLM: 1.3250 | CTC: 0.4812
Step 242800/1000000 | Loss: 1.1424 | LR: 3.79e-08 | MLM: 0.8579 | CTC: 0.2845
Step 242900/1000000 | Loss: 0.8379 | LR: 3.79e-08 | MLM: 0.6091 | CTC: 0.2288
Step 243000/1000000 | Loss: 1.4860 | LR: 3.80e-08 | MLM: 1.0503 | CTC: 0.4356
Step 243100/1000000 | Loss: 1.8748 | LR: 3.80e-08 | MLM: 1.3480 | CTC: 0.5268
Step 243200/1000000 | Loss: 1.5980 | LR: 3.80e-08 | MLM: 1.1237 | CTC: 0.4743
Step 243300/1000000 | Loss: 2.2515 | LR: 3.80e-08 | MLM: 1.5798 | CTC: 0.6717
Step 243400/1000000 | Loss: 1.8413 | LR: 3.80e-08 | MLM: 1.3278 | CTC: 0.5135
Step 243500/1000000 | Loss: 1.3861 | LR: 3.80e-08 | MLM: 1.0448 | CTC: 0.3413
Step 243600/1000000 | Loss: 1.0302 | LR: 3.81e-08 | MLM: 0.7328 | CTC: 0.2974
Step 243700/1000000 | Loss: 1.6983 | LR: 3.81e-08 | MLM: 1.2214 | CTC: 0.4770
Step 243800/1000000 | Loss: 1.8994 | LR: 3.81e-08 | MLM: 1.4364 | CTC: 0.4630
Step 243900/1000000 | Loss: 1.9971 | LR: 3.81e-08 | MLM: 1.4118 | CTC: 0.5853
Step 244000/1000000 | Loss: 1.1217 | LR: 3.81e-08 | MLM: 0.7612 | CTC: 0.3605
Step 244100/1000000 | Loss: 0.8080 | LR: 3.81e-08 | MLM: 0.5497 | CTC: 0.2583
Step 244200/1000000 | Loss: 1.9418 | LR: 3.82e-08 | MLM: 1.4216 | CTC: 0.5202
Step 244300/1000000 | Loss: 1.3329 | LR: 3.82e-08 | MLM: 0.9073 | CTC: 0.4256
Step 244400/1000000 | Loss: 1.2271 | LR: 3.82e-08 | MLM: 0.9624 | CTC: 0.2648
Step 244500/1000000 | Loss: 1.5872 | LR: 3.82e-08 | MLM: 1.1631 | CTC: 0.4241
Step 244600/1000000 | Loss: 1.1325 | LR: 3.82e-08 | MLM: 0.8236 | CTC: 0.3089
Step 244700/1000000 | Loss: 1.8615 | LR: 3.82e-08 | MLM: 1.3325 | CTC: 0.5290
Step 244800/1000000 | Loss: 1.0023 | LR: 3.83e-08 | MLM: 0.7216 | CTC: 0.2807
Step 244900/1000000 | Loss: 1.2127 | LR: 3.83e-08 | MLM: 0.8264 | CTC: 0.3862
Step 245000/1000000 | Loss: 0.8947 | LR: 3.83e-08 | MLM: 0.6469 | CTC: 0.2479
✓ Saved checkpoint to checkpoint_step_245000.t7
Step 245100/1000000 | Loss: 0.8055 | LR: 3.83e-08 | MLM: 0.5706 | CTC: 0.2349
Step 245200/1000000 | Loss: 1.3519 | LR: 3.83e-08 | MLM: 1.0674 | CTC: 0.2845
Step 245300/1000000 | Loss: 1.1837 | LR: 3.83e-08 | MLM: 0.8552 | CTC: 0.3285
Step 245400/1000000 | Loss: 1.6736 | LR: 3.83e-08 | MLM: 1.2269 | CTC: 0.4467
Step 245500/1000000 | Loss: 2.2182 | LR: 3.83e-08 | MLM: 1.5744 | CTC: 0.6438
Step 245600/1000000 | Loss: 1.6460 | LR: 3.84e-08 | MLM: 1.1718 | CTC: 0.4742
Step 245700/1000000 | Loss: 1.6944 | LR: 3.84e-08 | MLM: 1.1147 | CTC: 0.5797
Step 245800/1000000 | Loss: 1.1892 | LR: 3.84e-08 | MLM: 0.9141 | CTC: 0.2750
Step 245900/1000000 | Loss: 0.9002 | LR: 3.84e-08 | MLM: 0.6082 | CTC: 0.2920
Step 246000/1000000 | Loss: 2.1772 | LR: 3.84e-08 | MLM: 1.5103 | CTC: 0.6669
Step 246100/1000000 | Loss: 2.2592 | LR: 3.84e-08 | MLM: 1.6770 | CTC: 0.5821
Step 246200/1000000 | Loss: 1.6327 | LR: 3.85e-08 | MLM: 1.2271 | CTC: 0.4056
Step 246300/1000000 | Loss: 2.2724 | LR: 3.85e-08 | MLM: 1.6986 | CTC: 0.5738
Step 246400/1000000 | Loss: 2.1632 | LR: 3.85e-08 | MLM: 1.5309 | CTC: 0.6323
Step 246500/1000000 | Loss: 1.1973 | LR: 3.85e-08 | MLM: 0.8072 | CTC: 0.3902
Step 246600/1000000 | Loss: 1.3047 | LR: 3.85e-08 | MLM: 0.9551 | CTC: 0.3496
Step 246700/1000000 | Loss: 1.2972 | LR: 3.85e-08 | MLM: 1.0294 | CTC: 0.2678
Step 246800/1000000 | Loss: 1.6827 | LR: 3.86e-08 | MLM: 1.2579 | CTC: 0.4248
Step 246900/1000000 | Loss: 1.1242 | LR: 3.86e-08 | MLM: 0.8893 | CTC: 0.2348
Step 247000/1000000 | Loss: 1.2273 | LR: 3.86e-08 | MLM: 0.8692 | CTC: 0.3582
Step 247100/1000000 | Loss: 0.7708 | LR: 3.86e-08 | MLM: 0.5189 | CTC: 0.2519
Step 247200/1000000 | Loss: 1.0846 | LR: 3.86e-08 | MLM: 0.7693 | CTC: 0.3153
Step 247300/1000000 | Loss: 2.3386 | LR: 3.86e-08 | MLM: 1.5816 | CTC: 0.7571
Step 247400/1000000 | Loss: 2.0151 | LR: 3.86e-08 | MLM: 1.5381 | CTC: 0.4770
Step 247500/1000000 | Loss: 0.6998 | LR: 3.87e-08 | MLM: 0.5139 | CTC: 0.1859
Step 247600/1000000 | Loss: 1.4834 | LR: 3.87e-08 | MLM: 1.0809 | CTC: 0.4025
Step 247700/1000000 | Loss: 1.8370 | LR: 3.87e-08 | MLM: 1.3178 | CTC: 0.5192
Step 247800/1000000 | Loss: 1.5670 | LR: 3.87e-08 | MLM: 1.0490 | CTC: 0.5180
Step 247900/1000000 | Loss: 1.9523 | LR: 3.87e-08 | MLM: 1.4350 | CTC: 0.5173
Step 248000/1000000 | Loss: 2.4583 | LR: 3.87e-08 | MLM: 1.8199 | CTC: 0.6384
Step 248100/1000000 | Loss: 0.7640 | LR: 3.88e-08 | MLM: 0.6035 | CTC: 0.1605
Step 248200/1000000 | Loss: 1.9721 | LR: 3.88e-08 | MLM: 1.4403 | CTC: 0.5319
Step 248300/1000000 | Loss: 0.9807 | LR: 3.88e-08 | MLM: 0.7190 | CTC: 0.2617
Step 248400/1000000 | Loss: 1.6097 | LR: 3.88e-08 | MLM: 1.1077 | CTC: 0.5020
Step 248500/1000000 | Loss: 1.3747 | LR: 3.88e-08 | MLM: 1.0030 | CTC: 0.3717
Step 248600/1000000 | Loss: 1.2956 | LR: 3.88e-08 | MLM: 1.0361 | CTC: 0.2595
Step 248700/1000000 | Loss: 1.0674 | LR: 3.89e-08 | MLM: 0.7728 | CTC: 0.2946
Step 248800/1000000 | Loss: 1.7285 | LR: 3.89e-08 | MLM: 1.3211 | CTC: 0.4074
Step 248900/1000000 | Loss: 1.9728 | LR: 3.89e-08 | MLM: 1.4318 | CTC: 0.5409
Step 249000/1000000 | Loss: 0.2581 | LR: 3.89e-08 | MLM: 0.1677 | CTC: 0.0904
Step 249100/1000000 | Loss: 0.4531 | LR: 3.89e-08 | MLM: 0.3351 | CTC: 0.1180
Step 249200/1000000 | Loss: 1.4392 | LR: 3.89e-08 | MLM: 0.9485 | CTC: 0.4907
Step 249300/1000000 | Loss: 0.8480 | LR: 3.90e-08 | MLM: 0.5436 | CTC: 0.3045
Step 249400/1000000 | Loss: 0.9741 | LR: 3.90e-08 | MLM: 0.6095 | CTC: 0.3646
Step 249500/1000000 | Loss: 1.6479 | LR: 3.90e-08 | MLM: 1.1400 | CTC: 0.5080
Step 249600/1000000 | Loss: 0.8536 | LR: 3.90e-08 | MLM: 0.5777 | CTC: 0.2759
Step 249700/1000000 | Loss: 1.1668 | LR: 3.90e-08 | MLM: 0.8744 | CTC: 0.2924
Step 249800/1000000 | Loss: 1.7143 | LR: 3.90e-08 | MLM: 1.1344 | CTC: 0.5799
Step 249900/1000000 | Loss: 1.0078 | LR: 3.90e-08 | MLM: 0.7797 | CTC: 0.2281
Step 250000/1000000 | Loss: 1.6561 | LR: 3.91e-08 | MLM: 1.2606 | CTC: 0.3955
✓ Saved checkpoint to checkpoint_step_250000.t7
Step 250100/1000000 | Loss: 1.7222 | LR: 3.91e-08 | MLM: 1.2594 | CTC: 0.4629
Step 250200/1000000 | Loss: 1.8918 | LR: 3.91e-08 | MLM: 1.4654 | CTC: 0.4264
Step 250300/1000000 | Loss: 1.5495 | LR: 3.91e-08 | MLM: 1.1584 | CTC: 0.3910
Step 250400/1000000 | Loss: 1.8235 | LR: 3.91e-08 | MLM: 1.3313 | CTC: 0.4922
Step 250500/1000000 | Loss: 1.5417 | LR: 3.91e-08 | MLM: 1.1340 | CTC: 0.4078
Step 250600/1000000 | Loss: 1.0152 | LR: 3.91e-08 | MLM: 0.6967 | CTC: 0.3184
Step 250700/1000000 | Loss: 1.3086 | LR: 3.92e-08 | MLM: 0.9326 | CTC: 0.3760
Step 250800/1000000 | Loss: 1.6929 | LR: 3.92e-08 | MLM: 1.2023 | CTC: 0.4906
Step 250900/1000000 | Loss: 0.8075 | LR: 3.92e-08 | MLM: 0.5509 | CTC: 0.2567
Step 251000/1000000 | Loss: 0.9953 | LR: 3.92e-08 | MLM: 0.6589 | CTC: 0.3363
Step 251100/1000000 | Loss: 2.1400 | LR: 3.92e-08 | MLM: 1.4825 | CTC: 0.6575
Step 251200/1000000 | Loss: 2.1462 | LR: 3.92e-08 | MLM: 1.6367 | CTC: 0.5095
Step 251300/1000000 | Loss: 1.8744 | LR: 3.93e-08 | MLM: 1.4918 | CTC: 0.3826
Step 251400/1000000 | Loss: 2.7821 | LR: 3.93e-08 | MLM: 1.8237 | CTC: 0.9584
Step 251500/1000000 | Loss: 0.6814 | LR: 3.93e-08 | MLM: 0.3961 | CTC: 0.2853
Step 251600/1000000 | Loss: 1.9316 | LR: 3.93e-08 | MLM: 1.4202 | CTC: 0.5115
Step 251700/1000000 | Loss: 2.1119 | LR: 3.93e-08 | MLM: 1.5909 | CTC: 0.5210
Step 251800/1000000 | Loss: 1.1584 | LR: 3.93e-08 | MLM: 0.9230 | CTC: 0.2355
Step 251900/1000000 | Loss: 1.5297 | LR: 3.93e-08 | MLM: 1.1328 | CTC: 0.3969
Step 252000/1000000 | Loss: 1.6373 | LR: 3.94e-08 | MLM: 1.1858 | CTC: 0.4516
Step 252100/1000000 | Loss: 1.7118 | LR: 3.94e-08 | MLM: 1.2249 | CTC: 0.4869
Step 252200/1000000 | Loss: 0.5385 | LR: 3.94e-08 | MLM: 0.4058 | CTC: 0.1328
Step 252300/1000000 | Loss: 1.2940 | LR: 3.94e-08 | MLM: 0.9163 | CTC: 0.3777
Step 252400/1000000 | Loss: 1.1028 | LR: 3.94e-08 | MLM: 0.7783 | CTC: 0.3246
Step 252500/1000000 | Loss: 1.2360 | LR: 3.94e-08 | MLM: 0.8703 | CTC: 0.3658
Step 252600/1000000 | Loss: 1.3297 | LR: 3.95e-08 | MLM: 0.8586 | CTC: 0.4710
Step 252700/1000000 | Loss: 0.8419 | LR: 3.95e-08 | MLM: 0.5969 | CTC: 0.2450
Step 252800/1000000 | Loss: 1.0828 | LR: 3.95e-08 | MLM: 0.8022 | CTC: 0.2807
Step 252900/1000000 | Loss: 1.3460 | LR: 3.95e-08 | MLM: 1.0308 | CTC: 0.3152
Step 253000/1000000 | Loss: 1.3406 | LR: 3.95e-08 | MLM: 0.9825 | CTC: 0.3581
Step 253100/1000000 | Loss: 2.0119 | LR: 3.95e-08 | MLM: 1.5064 | CTC: 0.5055
Step 253200/1000000 | Loss: 1.2664 | LR: 3.96e-08 | MLM: 0.9695 | CTC: 0.2969
Step 253300/1000000 | Loss: 1.1095 | LR: 3.96e-08 | MLM: 0.8479 | CTC: 0.2616
Step 253400/1000000 | Loss: 0.8282 | LR: 3.96e-08 | MLM: 0.6546 | CTC: 0.1735
Step 253500/1000000 | Loss: 1.5878 | LR: 3.96e-08 | MLM: 1.1379 | CTC: 0.4499
Step 253600/1000000 | Loss: 2.3997 | LR: 3.96e-08 | MLM: 1.6816 | CTC: 0.7181
Step 253700/1000000 | Loss: 1.8189 | LR: 3.96e-08 | MLM: 1.3105 | CTC: 0.5084
Step 253800/1000000 | Loss: 1.3838 | LR: 3.97e-08 | MLM: 1.0060 | CTC: 0.3778
Step 253900/1000000 | Loss: 0.8724 | LR: 3.97e-08 | MLM: 0.6409 | CTC: 0.2315
Step 254000/1000000 | Loss: 2.4912 | LR: 3.97e-08 | MLM: 1.8379 | CTC: 0.6533
Step 254100/1000000 | Loss: 1.4911 | LR: 3.97e-08 | MLM: 1.2232 | CTC: 0.2680
Step 254200/1000000 | Loss: 2.4744 | LR: 3.97e-08 | MLM: 1.8405 | CTC: 0.6339
Step 254300/1000000 | Loss: 1.4727 | LR: 3.97e-08 | MLM: 1.0603 | CTC: 0.4124
Step 254400/1000000 | Loss: 1.5819 | LR: 3.98e-08 | MLM: 1.2331 | CTC: 0.3489
Step 254500/1000000 | Loss: 1.4492 | LR: 3.98e-08 | MLM: 1.0670 | CTC: 0.3822
Step 254600/1000000 | Loss: 0.8782 | LR: 3.98e-08 | MLM: 0.6069 | CTC: 0.2714
Step 254700/1000000 | Loss: 1.5773 | LR: 3.98e-08 | MLM: 1.1647 | CTC: 0.4126
Step 254800/1000000 | Loss: 1.0983 | LR: 3.98e-08 | MLM: 0.7602 | CTC: 0.3381
Step 254900/1000000 | Loss: 1.1303 | LR: 3.98e-08 | MLM: 0.8001 | CTC: 0.3303
Step 255000/1000000 | Loss: 1.2276 | LR: 3.98e-08 | MLM: 1.0035 | CTC: 0.2241
✓ Saved checkpoint to checkpoint_step_255000.t7
Step 255100/1000000 | Loss: 2.4626 | LR: 3.99e-08 | MLM: 1.7285 | CTC: 0.7341
Step 255200/1000000 | Loss: 1.8325 | LR: 3.99e-08 | MLM: 1.4593 | CTC: 0.3732
Step 255300/1000000 | Loss: 0.7731 | LR: 3.99e-08 | MLM: 0.5319 | CTC: 0.2412
Step 255400/1000000 | Loss: 1.3836 | LR: 3.99e-08 | MLM: 0.9675 | CTC: 0.4161
Step 255500/1000000 | Loss: 0.6315 | LR: 3.99e-08 | MLM: 0.4475 | CTC: 0.1840
Step 255600/1000000 | Loss: 1.1739 | LR: 3.99e-08 | MLM: 0.8864 | CTC: 0.2876
Step 255700/1000000 | Loss: 1.1053 | LR: 3.99e-08 | MLM: 0.7801 | CTC: 0.3252
Step 255800/1000000 | Loss: 1.4386 | LR: 4.00e-08 | MLM: 1.0154 | CTC: 0.4231
Step 255900/1000000 | Loss: 2.0418 | LR: 4.00e-08 | MLM: 1.5310 | CTC: 0.5108
Step 256000/1000000 | Loss: 0.3301 | LR: 4.00e-08 | MLM: 0.1765 | CTC: 0.1536
Step 256100/1000000 | Loss: 1.0933 | LR: 4.00e-08 | MLM: 0.7306 | CTC: 0.3627
Step 256200/1000000 | Loss: 1.8870 | LR: 4.00e-08 | MLM: 1.4014 | CTC: 0.4857
Step 256300/1000000 | Loss: 1.0511 | LR: 4.00e-08 | MLM: 0.7989 | CTC: 0.2523
Step 256400/1000000 | Loss: 1.8973 | LR: 4.01e-08 | MLM: 1.4294 | CTC: 0.4679
Step 256500/1000000 | Loss: 0.7744 | LR: 4.01e-08 | MLM: 0.5735 | CTC: 0.2010
Step 256600/1000000 | Loss: 2.0829 | LR: 4.01e-08 | MLM: 1.6325 | CTC: 0.4504
Step 256700/1000000 | Loss: 1.1707 | LR: 4.01e-08 | MLM: 0.8445 | CTC: 0.3262
Step 256800/1000000 | Loss: 1.7794 | LR: 4.01e-08 | MLM: 1.1816 | CTC: 0.5978
Step 256900/1000000 | Loss: 1.8961 | LR: 4.01e-08 | MLM: 1.3678 | CTC: 0.5282
Step 257000/1000000 | Loss: 1.1110 | LR: 4.01e-08 | MLM: 0.7662 | CTC: 0.3448
Step 257100/1000000 | Loss: 1.7807 | LR: 4.02e-08 | MLM: 1.3288 | CTC: 0.4520
Step 257200/1000000 | Loss: 1.4144 | LR: 4.02e-08 | MLM: 1.1088 | CTC: 0.3055
Step 257300/1000000 | Loss: 1.3354 | LR: 4.02e-08 | MLM: 0.9770 | CTC: 0.3583
Step 257400/1000000 | Loss: 2.3307 | LR: 4.02e-08 | MLM: 1.6892 | CTC: 0.6415
Step 257500/1000000 | Loss: 1.8874 | LR: 4.02e-08 | MLM: 1.3388 | CTC: 0.5486
Step 257600/1000000 | Loss: 0.9851 | LR: 4.02e-08 | MLM: 0.6774 | CTC: 0.3077
Step 257700/1000000 | Loss: 1.6203 | LR: 4.03e-08 | MLM: 1.1670 | CTC: 0.4533
Step 257800/1000000 | Loss: 0.6227 | LR: 4.03e-08 | MLM: 0.4540 | CTC: 0.1686
Step 257900/1000000 | Loss: 1.6299 | LR: 4.03e-08 | MLM: 1.2796 | CTC: 0.3503
Step 258000/1000000 | Loss: 0.2723 | LR: 4.03e-08 | MLM: 0.1871 | CTC: 0.0852
Step 258100/1000000 | Loss: 1.2132 | LR: 4.03e-08 | MLM: 0.8548 | CTC: 0.3584
Step 258200/1000000 | Loss: 1.9671 | LR: 4.03e-08 | MLM: 1.4192 | CTC: 0.5479
Step 258300/1000000 | Loss: 2.4133 | LR: 4.04e-08 | MLM: 1.7943 | CTC: 0.6190
Step 258400/1000000 | Loss: 0.9682 | LR: 4.04e-08 | MLM: 0.6707 | CTC: 0.2975
Step 258500/1000000 | Loss: 0.9405 | LR: 4.04e-08 | MLM: 0.6790 | CTC: 0.2615
Step 258600/1000000 | Loss: 1.0502 | LR: 4.04e-08 | MLM: 0.7565 | CTC: 0.2937
Step 258700/1000000 | Loss: 1.4243 | LR: 4.04e-08 | MLM: 1.0960 | CTC: 0.3283
Step 258800/1000000 | Loss: 1.4386 | LR: 4.04e-08 | MLM: 1.0216 | CTC: 0.4170
Step 258900/1000000 | Loss: 1.1446 | LR: 4.05e-08 | MLM: 0.8378 | CTC: 0.3067
Step 259000/1000000 | Loss: 1.7436 | LR: 4.05e-08 | MLM: 1.2968 | CTC: 0.4468
Step 259100/1000000 | Loss: 0.7452 | LR: 4.05e-08 | MLM: 0.5394 | CTC: 0.2058
Step 259200/1000000 | Loss: 0.8691 | LR: 4.05e-08 | MLM: 0.5714 | CTC: 0.2976
Step 259300/1000000 | Loss: 1.2463 | LR: 4.05e-08 | MLM: 0.9609 | CTC: 0.2854
Step 259400/1000000 | Loss: 1.8723 | LR: 4.05e-08 | MLM: 1.4564 | CTC: 0.4159
Step 259500/1000000 | Loss: 1.0424 | LR: 4.05e-08 | MLM: 0.8156 | CTC: 0.2269
Step 259600/1000000 | Loss: 1.8468 | LR: 4.06e-08 | MLM: 1.3417 | CTC: 0.5051
Step 259700/1000000 | Loss: 2.0185 | LR: 4.06e-08 | MLM: 1.3843 | CTC: 0.6342
Step 259800/1000000 | Loss: 1.5399 | LR: 4.06e-08 | MLM: 1.1841 | CTC: 0.3558
Step 259900/1000000 | Loss: 1.2549 | LR: 4.06e-08 | MLM: 0.8864 | CTC: 0.3685
Step 260000/1000000 | Loss: 1.6106 | LR: 4.06e-08 | MLM: 1.2708 | CTC: 0.3398
✓ Saved checkpoint to checkpoint_step_260000.t7
Step 260100/1000000 | Loss: 1.4124 | LR: 4.06e-08 | MLM: 1.0683 | CTC: 0.3441
Step 260200/1000000 | Loss: 2.1439 | LR: 4.06e-08 | MLM: 1.4821 | CTC: 0.6619
Step 260300/1000000 | Loss: 1.4802 | LR: 4.07e-08 | MLM: 1.1536 | CTC: 0.3266
Step 260400/1000000 | Loss: 0.6548 | LR: 4.07e-08 | MLM: 0.4489 | CTC: 0.2059
Step 260500/1000000 | Loss: 1.5253 | LR: 4.07e-08 | MLM: 1.1373 | CTC: 0.3880
Step 260600/1000000 | Loss: 1.4091 | LR: 4.07e-08 | MLM: 1.0329 | CTC: 0.3763
Step 260700/1000000 | Loss: 1.6547 | LR: 4.07e-08 | MLM: 1.2113 | CTC: 0.4434
Step 260800/1000000 | Loss: 1.3269 | LR: 4.07e-08 | MLM: 0.9444 | CTC: 0.3824
Step 260900/1000000 | Loss: 1.6628 | LR: 4.08e-08 | MLM: 1.0921 | CTC: 0.5707
Step 261000/1000000 | Loss: 1.4820 | LR: 4.08e-08 | MLM: 1.0322 | CTC: 0.4498
Step 261100/1000000 | Loss: 1.1591 | LR: 4.08e-08 | MLM: 0.7977 | CTC: 0.3614
Step 261200/1000000 | Loss: 1.4391 | LR: 4.08e-08 | MLM: 1.0189 | CTC: 0.4202
Step 261300/1000000 | Loss: 1.7415 | LR: 4.08e-08 | MLM: 1.3335 | CTC: 0.4079
Step 261400/1000000 | Loss: 1.3209 | LR: 4.08e-08 | MLM: 1.0281 | CTC: 0.2928
Step 261500/1000000 | Loss: 1.3437 | LR: 4.08e-08 | MLM: 0.9368 | CTC: 0.4069
Step 261600/1000000 | Loss: 1.9439 | LR: 4.09e-08 | MLM: 1.4235 | CTC: 0.5204
Step 261700/1000000 | Loss: 1.6267 | LR: 4.09e-08 | MLM: 1.1975 | CTC: 0.4291
Step 261800/1000000 | Loss: 1.2826 | LR: 4.09e-08 | MLM: 0.8206 | CTC: 0.4620
Step 261900/1000000 | Loss: 1.7775 | LR: 4.09e-08 | MLM: 1.2865 | CTC: 0.4910
Step 262000/1000000 | Loss: 1.5592 | LR: 4.09e-08 | MLM: 1.2070 | CTC: 0.3522
Step 262100/1000000 | Loss: 1.3751 | LR: 4.09e-08 | MLM: 1.0351 | CTC: 0.3400
Step 262200/1000000 | Loss: 1.7186 | LR: 4.10e-08 | MLM: 1.2924 | CTC: 0.4262
Step 262300/1000000 | Loss: 1.5649 | LR: 4.10e-08 | MLM: 1.2280 | CTC: 0.3369
Step 262400/1000000 | Loss: 1.2896 | LR: 4.10e-08 | MLM: 0.8968 | CTC: 0.3928
Step 262500/1000000 | Loss: 0.5451 | LR: 4.10e-08 | MLM: 0.3796 | CTC: 0.1655
Step 262600/1000000 | Loss: 1.5558 | LR: 4.10e-08 | MLM: 1.1246 | CTC: 0.4312
Step 262700/1000000 | Loss: 1.0476 | LR: 4.10e-08 | MLM: 0.7467 | CTC: 0.3009
Step 262800/1000000 | Loss: 2.0835 | LR: 4.11e-08 | MLM: 1.4624 | CTC: 0.6212
Step 262900/1000000 | Loss: 1.2294 | LR: 4.11e-08 | MLM: 0.8854 | CTC: 0.3440
Step 263000/1000000 | Loss: 2.1722 | LR: 4.11e-08 | MLM: 1.7347 | CTC: 0.4376
Step 263100/1000000 | Loss: 1.0994 | LR: 4.11e-08 | MLM: 0.8544 | CTC: 0.2450
Step 263200/1000000 | Loss: 1.6862 | LR: 4.11e-08 | MLM: 1.2522 | CTC: 0.4340
Step 263300/1000000 | Loss: 1.1832 | LR: 4.11e-08 | MLM: 0.8878 | CTC: 0.2954
Step 263400/1000000 | Loss: 1.4689 | LR: 4.11e-08 | MLM: 1.0862 | CTC: 0.3827
Step 263500/1000000 | Loss: 1.0151 | LR: 4.12e-08 | MLM: 0.7571 | CTC: 0.2580
Step 263600/1000000 | Loss: 1.0907 | LR: 4.12e-08 | MLM: 0.7702 | CTC: 0.3204
Step 263700/1000000 | Loss: 1.7567 | LR: 4.12e-08 | MLM: 1.1831 | CTC: 0.5736
Step 263800/1000000 | Loss: 1.0009 | LR: 4.12e-08 | MLM: 0.7376 | CTC: 0.2634
Step 263900/1000000 | Loss: 0.6737 | LR: 4.12e-08 | MLM: 0.4848 | CTC: 0.1889
Step 264000/1000000 | Loss: 1.4711 | LR: 4.12e-08 | MLM: 1.0653 | CTC: 0.4058
Step 264100/1000000 | Loss: 1.7932 | LR: 4.13e-08 | MLM: 1.3663 | CTC: 0.4268
Step 264200/1000000 | Loss: 1.2236 | LR: 4.13e-08 | MLM: 0.9275 | CTC: 0.2961
Step 264300/1000000 | Loss: 1.1514 | LR: 4.13e-08 | MLM: 0.8720 | CTC: 0.2794
Step 264400/1000000 | Loss: 1.7091 | LR: 4.13e-08 | MLM: 1.3003 | CTC: 0.4088
Step 264500/1000000 | Loss: 2.0777 | LR: 4.13e-08 | MLM: 1.5021 | CTC: 0.5756
Step 264600/1000000 | Loss: 1.4094 | LR: 4.13e-08 | MLM: 0.9266 | CTC: 0.4828
Step 264700/1000000 | Loss: 1.5319 | LR: 4.13e-08 | MLM: 1.1318 | CTC: 0.4001
Step 264800/1000000 | Loss: 1.5065 | LR: 4.14e-08 | MLM: 1.1349 | CTC: 0.3716
Step 264900/1000000 | Loss: 0.4212 | LR: 4.14e-08 | MLM: 0.3103 | CTC: 0.1109
Step 265000/1000000 | Loss: 0.7329 | LR: 4.14e-08 | MLM: 0.4990 | CTC: 0.2339
✓ Saved checkpoint to checkpoint_step_265000.t7
Step 265100/1000000 | Loss: 1.8809 | LR: 4.14e-08 | MLM: 1.4049 | CTC: 0.4760
Step 265200/1000000 | Loss: 1.3346 | LR: 4.14e-08 | MLM: 0.9624 | CTC: 0.3722
Step 265300/1000000 | Loss: 1.8199 | LR: 4.14e-08 | MLM: 1.3519 | CTC: 0.4680
Step 265400/1000000 | Loss: 1.8858 | LR: 4.15e-08 | MLM: 1.3842 | CTC: 0.5016
Step 265500/1000000 | Loss: 1.9797 | LR: 4.15e-08 | MLM: 1.5285 | CTC: 0.4512
Step 265600/1000000 | Loss: 1.5812 | LR: 4.15e-08 | MLM: 1.0541 | CTC: 0.5271
Step 265700/1000000 | Loss: 1.9611 | LR: 4.15e-08 | MLM: 1.4583 | CTC: 0.5028
Step 265800/1000000 | Loss: 1.4063 | LR: 4.15e-08 | MLM: 1.1343 | CTC: 0.2720
Step 265900/1000000 | Loss: 0.7791 | LR: 4.15e-08 | MLM: 0.5512 | CTC: 0.2280
Step 266000/1000000 | Loss: 0.7889 | LR: 4.16e-08 | MLM: 0.5819 | CTC: 0.2070
Step 266100/1000000 | Loss: 1.9790 | LR: 4.16e-08 | MLM: 1.4158 | CTC: 0.5632
Step 266200/1000000 | Loss: 1.1673 | LR: 4.16e-08 | MLM: 0.8927 | CTC: 0.2746
Step 266300/1000000 | Loss: 1.0985 | LR: 4.16e-08 | MLM: 0.7399 | CTC: 0.3587
Step 266400/1000000 | Loss: 1.9025 | LR: 4.16e-08 | MLM: 1.3551 | CTC: 0.5474
Step 266500/1000000 | Loss: 0.8255 | LR: 4.16e-08 | MLM: 0.5657 | CTC: 0.2598
Step 266600/1000000 | Loss: 0.6282 | LR: 4.16e-08 | MLM: 0.4786 | CTC: 0.1496
Step 266700/1000000 | Loss: 1.4366 | LR: 4.17e-08 | MLM: 1.0545 | CTC: 0.3820
Step 266800/1000000 | Loss: 0.8354 | LR: 4.17e-08 | MLM: 0.5876 | CTC: 0.2478
Step 266900/1000000 | Loss: 1.4034 | LR: 4.17e-08 | MLM: 1.0920 | CTC: 0.3114
Step 267000/1000000 | Loss: 1.3636 | LR: 4.17e-08 | MLM: 0.9768 | CTC: 0.3868
Step 267100/1000000 | Loss: 1.6565 | LR: 4.17e-08 | MLM: 1.1784 | CTC: 0.4781
Step 267200/1000000 | Loss: 1.8791 | LR: 4.17e-08 | MLM: 1.3758 | CTC: 0.5033
Step 267300/1000000 | Loss: 0.8145 | LR: 4.18e-08 | MLM: 0.6473 | CTC: 0.1672
Step 267400/1000000 | Loss: 0.2195 | LR: 4.18e-08 | MLM: 0.1261 | CTC: 0.0934
Step 267500/1000000 | Loss: 1.3999 | LR: 4.18e-08 | MLM: 0.9859 | CTC: 0.4140
Step 267600/1000000 | Loss: 1.5626 | LR: 4.18e-08 | MLM: 1.1214 | CTC: 0.4412
Step 267700/1000000 | Loss: 1.0895 | LR: 4.18e-08 | MLM: 0.7918 | CTC: 0.2977
Step 267800/1000000 | Loss: 1.4692 | LR: 4.18e-08 | MLM: 0.9699 | CTC: 0.4993
Step 267900/1000000 | Loss: 1.0017 | LR: 4.18e-08 | MLM: 0.7645 | CTC: 0.2372
Step 268000/1000000 | Loss: 1.5688 | LR: 4.19e-08 | MLM: 1.0232 | CTC: 0.5456
Step 268100/1000000 | Loss: 1.3721 | LR: 4.19e-08 | MLM: 1.0085 | CTC: 0.3636
Step 268200/1000000 | Loss: 0.6728 | LR: 4.19e-08 | MLM: 0.4839 | CTC: 0.1889
Step 268300/1000000 | Loss: 1.7837 | LR: 4.19e-08 | MLM: 1.3679 | CTC: 0.4159
Step 268400/1000000 | Loss: 1.2821 | LR: 4.19e-08 | MLM: 0.9327 | CTC: 0.3494
Step 268500/1000000 | Loss: 1.2918 | LR: 4.19e-08 | MLM: 0.9750 | CTC: 0.3169
Step 268600/1000000 | Loss: 1.1414 | LR: 4.20e-08 | MLM: 0.7853 | CTC: 0.3562
Step 268700/1000000 | Loss: 0.8729 | LR: 4.20e-08 | MLM: 0.5907 | CTC: 0.2822
Step 268800/1000000 | Loss: 1.6568 | LR: 4.20e-08 | MLM: 1.2493 | CTC: 0.4075
Step 268900/1000000 | Loss: 1.6678 | LR: 4.20e-08 | MLM: 1.3862 | CTC: 0.2817
Step 269000/1000000 | Loss: 0.8784 | LR: 4.20e-08 | MLM: 0.6805 | CTC: 0.1979
Step 269100/1000000 | Loss: 1.2297 | LR: 4.20e-08 | MLM: 0.8837 | CTC: 0.3460
Step 269200/1000000 | Loss: 0.4879 | LR: 4.21e-08 | MLM: 0.2945 | CTC: 0.1934
Step 269300/1000000 | Loss: 1.3172 | LR: 4.21e-08 | MLM: 0.9248 | CTC: 0.3924
Step 269400/1000000 | Loss: 1.6250 | LR: 4.21e-08 | MLM: 1.2594 | CTC: 0.3656
Step 269500/1000000 | Loss: 1.1799 | LR: 4.21e-08 | MLM: 0.9136 | CTC: 0.2662
Step 269600/1000000 | Loss: 0.7311 | LR: 4.21e-08 | MLM: 0.5427 | CTC: 0.1884
Step 269700/1000000 | Loss: 2.1147 | LR: 4.21e-08 | MLM: 1.6464 | CTC: 0.4682
Step 269800/1000000 | Loss: 2.0249 | LR: 4.21e-08 | MLM: 1.5425 | CTC: 0.4825
Step 269900/1000000 | Loss: 1.9750 | LR: 4.22e-08 | MLM: 1.4894 | CTC: 0.4856
Step 270000/1000000 | Loss: 2.3814 | LR: 4.22e-08 | MLM: 1.7383 | CTC: 0.6431
✓ Saved checkpoint to checkpoint_step_270000.t7
Step 270100/1000000 | Loss: 1.9928 | LR: 4.22e-08 | MLM: 1.5004 | CTC: 0.4924
Step 270200/1000000 | Loss: 1.0677 | LR: 4.22e-08 | MLM: 0.7623 | CTC: 0.3054
Step 270300/1000000 | Loss: 1.9515 | LR: 4.22e-08 | MLM: 1.4954 | CTC: 0.4561
Step 270400/1000000 | Loss: 1.8139 | LR: 4.22e-08 | MLM: 1.2796 | CTC: 0.5343
Step 270500/1000000 | Loss: 1.3365 | LR: 4.23e-08 | MLM: 1.0094 | CTC: 0.3271
Step 270600/1000000 | Loss: 1.8538 | LR: 4.23e-08 | MLM: 1.3310 | CTC: 0.5228
Step 270700/1000000 | Loss: 1.4618 | LR: 4.23e-08 | MLM: 1.0373 | CTC: 0.4245
Step 270800/1000000 | Loss: 1.7444 | LR: 4.23e-08 | MLM: 1.3411 | CTC: 0.4032
Step 270900/1000000 | Loss: 2.0475 | LR: 4.23e-08 | MLM: 1.4551 | CTC: 0.5924
Step 271000/1000000 | Loss: 1.4426 | LR: 4.23e-08 | MLM: 1.0877 | CTC: 0.3550
Step 271100/1000000 | Loss: 1.7041 | LR: 4.23e-08 | MLM: 1.2100 | CTC: 0.4941
Step 271200/1000000 | Loss: 1.2231 | LR: 4.24e-08 | MLM: 0.8505 | CTC: 0.3726
Step 271300/1000000 | Loss: 1.5266 | LR: 4.24e-08 | MLM: 1.1527 | CTC: 0.3740
Step 271400/1000000 | Loss: 1.2993 | LR: 4.24e-08 | MLM: 1.0093 | CTC: 0.2900
Step 271500/1000000 | Loss: 1.1417 | LR: 4.24e-08 | MLM: 0.8284 | CTC: 0.3133
Step 271600/1000000 | Loss: 2.0377 | LR: 4.24e-08 | MLM: 1.4108 | CTC: 0.6268
Step 271700/1000000 | Loss: 0.9680 | LR: 4.24e-08 | MLM: 0.7370 | CTC: 0.2310
Step 271800/1000000 | Loss: 1.8557 | LR: 4.25e-08 | MLM: 1.3561 | CTC: 0.4996
Step 271900/1000000 | Loss: 1.0213 | LR: 4.25e-08 | MLM: 0.7522 | CTC: 0.2691
Step 272000/1000000 | Loss: 2.0278 | LR: 4.25e-08 | MLM: 1.5513 | CTC: 0.4764
Step 272100/1000000 | Loss: 0.6405 | LR: 4.25e-08 | MLM: 0.4757 | CTC: 0.1649
Step 272200/1000000 | Loss: 1.0104 | LR: 4.25e-08 | MLM: 0.7801 | CTC: 0.2303
Step 272300/1000000 | Loss: 1.8554 | LR: 4.25e-08 | MLM: 1.3327 | CTC: 0.5227
Step 272400/1000000 | Loss: 1.4583 | LR: 4.26e-08 | MLM: 1.0442 | CTC: 0.4141
Step 272500/1000000 | Loss: 1.2607 | LR: 4.26e-08 | MLM: 0.9322 | CTC: 0.3284
Step 272600/1000000 | Loss: 2.0784 | LR: 4.26e-08 | MLM: 1.4267 | CTC: 0.6517
Step 272700/1000000 | Loss: 2.0820 | LR: 4.26e-08 | MLM: 1.4998 | CTC: 0.5822
Step 272800/1000000 | Loss: 1.8852 | LR: 4.26e-08 | MLM: 1.3835 | CTC: 0.5017
Step 272900/1000000 | Loss: 1.5058 | LR: 4.26e-08 | MLM: 0.9607 | CTC: 0.5451
Step 273000/1000000 | Loss: 0.9643 | LR: 4.26e-08 | MLM: 0.7255 | CTC: 0.2388
Step 273100/1000000 | Loss: 1.5450 | LR: 4.27e-08 | MLM: 1.1996 | CTC: 0.3454
Step 273200/1000000 | Loss: 2.0576 | LR: 4.27e-08 | MLM: 1.5744 | CTC: 0.4832
Step 273300/1000000 | Loss: 1.7482 | LR: 4.27e-08 | MLM: 1.2959 | CTC: 0.4523
Step 273400/1000000 | Loss: 1.0454 | LR: 4.27e-08 | MLM: 0.7598 | CTC: 0.2856
Step 273500/1000000 | Loss: 1.5029 | LR: 4.27e-08 | MLM: 1.0770 | CTC: 0.4259
Step 273600/1000000 | Loss: 0.3309 | LR: 4.27e-08 | MLM: 0.2644 | CTC: 0.0665
Step 273700/1000000 | Loss: 1.3069 | LR: 4.28e-08 | MLM: 0.9775 | CTC: 0.3294
Step 273800/1000000 | Loss: 1.1576 | LR: 4.28e-08 | MLM: 0.8504 | CTC: 0.3072
Step 273900/1000000 | Loss: 1.4873 | LR: 4.28e-08 | MLM: 1.1739 | CTC: 0.3133
Step 274000/1000000 | Loss: 1.6022 | LR: 4.28e-08 | MLM: 1.1637 | CTC: 0.4385
Step 274100/1000000 | Loss: 1.7943 | LR: 4.28e-08 | MLM: 1.2900 | CTC: 0.5043
Step 274200/1000000 | Loss: 1.0907 | LR: 4.28e-08 | MLM: 0.8175 | CTC: 0.2732
Step 274300/1000000 | Loss: 0.8367 | LR: 4.28e-08 | MLM: 0.5835 | CTC: 0.2532
Step 274400/1000000 | Loss: 0.7461 | LR: 4.29e-08 | MLM: 0.5367 | CTC: 0.2094
Step 274500/1000000 | Loss: 1.1792 | LR: 4.29e-08 | MLM: 0.8652 | CTC: 0.3140
Step 274600/1000000 | Loss: 2.5822 | LR: 4.29e-08 | MLM: 2.0553 | CTC: 0.5269
Step 274700/1000000 | Loss: 0.5791 | LR: 4.29e-08 | MLM: 0.4593 | CTC: 0.1198
Step 274800/1000000 | Loss: 1.6406 | LR: 4.29e-08 | MLM: 1.2184 | CTC: 0.4222
Step 274900/1000000 | Loss: 1.3567 | LR: 4.29e-08 | MLM: 1.0338 | CTC: 0.3229
Step 275000/1000000 | Loss: 1.0525 | LR: 4.30e-08 | MLM: 0.8060 | CTC: 0.2466
✓ Saved checkpoint to checkpoint_step_275000.t7
Step 275100/1000000 | Loss: 1.7400 | LR: 4.30e-08 | MLM: 1.3617 | CTC: 0.3783
Step 275200/1000000 | Loss: 2.1105 | LR: 4.30e-08 | MLM: 1.5779 | CTC: 0.5326
Step 275300/1000000 | Loss: 2.0054 | LR: 4.30e-08 | MLM: 1.4115 | CTC: 0.5939
Step 275400/1000000 | Loss: 2.1008 | LR: 4.30e-08 | MLM: 1.5647 | CTC: 0.5361
Step 275500/1000000 | Loss: 2.0895 | LR: 4.30e-08 | MLM: 1.4331 | CTC: 0.6565
Step 275600/1000000 | Loss: 0.7123 | LR: 4.31e-08 | MLM: 0.4809 | CTC: 0.2314
Step 275700/1000000 | Loss: 1.0372 | LR: 4.31e-08 | MLM: 0.7273 | CTC: 0.3099
Step 275800/1000000 | Loss: 2.2588 | LR: 4.31e-08 | MLM: 1.7144 | CTC: 0.5445
Step 275900/1000000 | Loss: 0.5148 | LR: 4.31e-08 | MLM: 0.3616 | CTC: 0.1533
Step 276000/1000000 | Loss: 1.3748 | LR: 4.31e-08 | MLM: 1.0056 | CTC: 0.3693
Step 276100/1000000 | Loss: 1.4942 | LR: 4.31e-08 | MLM: 1.1496 | CTC: 0.3445
Step 276200/1000000 | Loss: 1.2857 | LR: 4.31e-08 | MLM: 1.0384 | CTC: 0.2473
Step 276300/1000000 | Loss: 1.0198 | LR: 4.32e-08 | MLM: 0.6980 | CTC: 0.3218
Step 276400/1000000 | Loss: 2.3111 | LR: 4.32e-08 | MLM: 1.6238 | CTC: 0.6873
Step 276500/1000000 | Loss: 1.9799 | LR: 4.32e-08 | MLM: 1.5144 | CTC: 0.4655
Step 276600/1000000 | Loss: 1.8624 | LR: 4.32e-08 | MLM: 1.3181 | CTC: 0.5443
Step 276700/1000000 | Loss: 1.2560 | LR: 4.32e-08 | MLM: 0.8851 | CTC: 0.3709
Step 276800/1000000 | Loss: 2.2776 | LR: 4.33e-08 | MLM: 1.5680 | CTC: 0.7097
Step 276900/1000000 | Loss: 2.0046 | LR: 4.33e-08 | MLM: 1.4130 | CTC: 0.5916
Step 277000/1000000 | Loss: 1.0653 | LR: 4.33e-08 | MLM: 0.7854 | CTC: 0.2799
Step 277100/1000000 | Loss: 0.7894 | LR: 4.33e-08 | MLM: 0.6079 | CTC: 0.1815
Step 277200/1000000 | Loss: 1.4346 | LR: 4.33e-08 | MLM: 1.0538 | CTC: 0.3808
Step 277300/1000000 | Loss: 1.5671 | LR: 4.33e-08 | MLM: 1.1201 | CTC: 0.4470
Step 277400/1000000 | Loss: 1.8897 | LR: 4.33e-08 | MLM: 1.4239 | CTC: 0.4658
Step 277500/1000000 | Loss: 1.0836 | LR: 4.33e-08 | MLM: 0.8007 | CTC: 0.2829
Step 277600/1000000 | Loss: 1.2743 | LR: 4.34e-08 | MLM: 0.9605 | CTC: 0.3138
Step 277700/1000000 | Loss: 1.7164 | LR: 4.34e-08 | MLM: 1.0985 | CTC: 0.6178
Step 277800/1000000 | Loss: 1.7378 | LR: 4.34e-08 | MLM: 1.2696 | CTC: 0.4682
Step 277900/1000000 | Loss: 2.1823 | LR: 4.34e-08 | MLM: 1.5728 | CTC: 0.6095
Step 278000/1000000 | Loss: 1.4719 | LR: 4.34e-08 | MLM: 1.0289 | CTC: 0.4430
Step 278100/1000000 | Loss: 1.2807 | LR: 4.34e-08 | MLM: 0.8836 | CTC: 0.3970
Step 278200/1000000 | Loss: 1.1016 | LR: 4.35e-08 | MLM: 0.8223 | CTC: 0.2793
Step 278300/1000000 | Loss: 0.8922 | LR: 4.35e-08 | MLM: 0.6720 | CTC: 0.2202
Step 278400/1000000 | Loss: 2.0793 | LR: 4.35e-08 | MLM: 1.4884 | CTC: 0.5909
Step 278500/1000000 | Loss: 1.3860 | LR: 4.35e-08 | MLM: 1.0173 | CTC: 0.3687
Step 278600/1000000 | Loss: 1.5134 | LR: 4.35e-08 | MLM: 1.1338 | CTC: 0.3796
Step 278700/1000000 | Loss: 1.2217 | LR: 4.35e-08 | MLM: 0.8990 | CTC: 0.3228
Step 278800/1000000 | Loss: 0.9173 | LR: 4.36e-08 | MLM: 0.7072 | CTC: 0.2101
Step 278900/1000000 | Loss: 1.0313 | LR: 4.36e-08 | MLM: 0.7562 | CTC: 0.2751
Step 279000/1000000 | Loss: 1.6094 | LR: 4.36e-08 | MLM: 1.1712 | CTC: 0.4382
Step 279100/1000000 | Loss: 2.4793 | LR: 4.36e-08 | MLM: 1.6010 | CTC: 0.8783
Step 279200/1000000 | Loss: 1.0111 | LR: 4.36e-08 | MLM: 0.7472 | CTC: 0.2639
Step 279300/1000000 | Loss: 1.4910 | LR: 4.36e-08 | MLM: 1.1303 | CTC: 0.3607
Step 279400/1000000 | Loss: 0.8481 | LR: 4.36e-08 | MLM: 0.6373 | CTC: 0.2108
Step 279500/1000000 | Loss: 0.5824 | LR: 4.37e-08 | MLM: 0.4209 | CTC: 0.1615
Step 279600/1000000 | Loss: 0.8294 | LR: 4.37e-08 | MLM: 0.6082 | CTC: 0.2212
Step 279700/1000000 | Loss: 1.6436 | LR: 4.37e-08 | MLM: 1.1543 | CTC: 0.4893
Step 279800/1000000 | Loss: 1.5038 | LR: 4.37e-08 | MLM: 1.1045 | CTC: 0.3992
Step 279900/1000000 | Loss: 1.7423 | LR: 4.37e-08 | MLM: 1.3382 | CTC: 0.4041
Step 280000/1000000 | Loss: 0.8719 | LR: 4.37e-08 | MLM: 0.5693 | CTC: 0.3025
✓ Saved checkpoint to checkpoint_step_280000.t7
Step 280100/1000000 | Loss: 1.7537 | LR: 4.38e-08 | MLM: 1.2556 | CTC: 0.4981
Step 280200/1000000 | Loss: 0.5352 | LR: 4.38e-08 | MLM: 0.3795 | CTC: 0.1557
Step 280300/1000000 | Loss: 2.0290 | LR: 4.38e-08 | MLM: 1.4773 | CTC: 0.5517
Step 280400/1000000 | Loss: 1.0756 | LR: 4.38e-08 | MLM: 0.8105 | CTC: 0.2650
Step 280500/1000000 | Loss: 2.3665 | LR: 4.38e-08 | MLM: 1.5513 | CTC: 0.8152
Step 280600/1000000 | Loss: 1.1615 | LR: 4.38e-08 | MLM: 0.7391 | CTC: 0.4224
Step 280700/1000000 | Loss: 1.2269 | LR: 4.38e-08 | MLM: 0.8739 | CTC: 0.3530
Step 280800/1000000 | Loss: 2.2140 | LR: 4.39e-08 | MLM: 1.5397 | CTC: 0.6743
Step 280900/1000000 | Loss: 1.4739 | LR: 4.39e-08 | MLM: 1.0397 | CTC: 0.4342
Step 281000/1000000 | Loss: 1.5935 | LR: 4.39e-08 | MLM: 1.1276 | CTC: 0.4659
Step 281100/1000000 | Loss: 1.4648 | LR: 4.39e-08 | MLM: 1.0619 | CTC: 0.4029
Step 281200/1000000 | Loss: 1.7984 | LR: 4.39e-08 | MLM: 1.3188 | CTC: 0.4796
Step 281300/1000000 | Loss: 1.7191 | LR: 4.39e-08 | MLM: 1.3489 | CTC: 0.3701
Step 281400/1000000 | Loss: 1.6133 | LR: 4.40e-08 | MLM: 1.2521 | CTC: 0.3611
Step 281500/1000000 | Loss: 0.9576 | LR: 4.40e-08 | MLM: 0.6599 | CTC: 0.2976
Step 281600/1000000 | Loss: 1.0790 | LR: 4.40e-08 | MLM: 0.8062 | CTC: 0.2728
Step 281700/1000000 | Loss: 2.0371 | LR: 4.40e-08 | MLM: 1.3797 | CTC: 0.6574
Step 281800/1000000 | Loss: 0.9175 | LR: 4.40e-08 | MLM: 0.6972 | CTC: 0.2203
Step 281900/1000000 | Loss: 1.5746 | LR: 4.40e-08 | MLM: 1.2058 | CTC: 0.3688
Step 282000/1000000 | Loss: 2.3702 | LR: 4.41e-08 | MLM: 1.5224 | CTC: 0.8478
Step 282100/1000000 | Loss: 1.2520 | LR: 4.41e-08 | MLM: 0.9555 | CTC: 0.2965
Step 282200/1000000 | Loss: 1.4075 | LR: 4.41e-08 | MLM: 0.9973 | CTC: 0.4102
Step 282300/1000000 | Loss: 1.4420 | LR: 4.41e-08 | MLM: 0.9942 | CTC: 0.4478
Step 282400/1000000 | Loss: 1.6955 | LR: 4.41e-08 | MLM: 1.2736 | CTC: 0.4218
Step 282500/1000000 | Loss: 1.2332 | LR: 4.41e-08 | MLM: 0.8422 | CTC: 0.3911
Step 282600/1000000 | Loss: 1.2989 | LR: 4.42e-08 | MLM: 0.8576 | CTC: 0.4414
Step 282700/1000000 | Loss: 2.1808 | LR: 4.42e-08 | MLM: 1.6446 | CTC: 0.5361
Step 282800/1000000 | Loss: 1.2037 | LR: 4.42e-08 | MLM: 0.8300 | CTC: 0.3736
Step 282900/1000000 | Loss: 1.5541 | LR: 4.42e-08 | MLM: 1.0978 | CTC: 0.4563
Step 283000/1000000 | Loss: 1.9428 | LR: 4.42e-08 | MLM: 1.3431 | CTC: 0.5997
Step 283100/1000000 | Loss: 1.2367 | LR: 4.42e-08 | MLM: 0.8604 | CTC: 0.3764
Step 283200/1000000 | Loss: 0.9043 | LR: 4.42e-08 | MLM: 0.6397 | CTC: 0.2646
Step 283300/1000000 | Loss: 2.2938 | LR: 4.43e-08 | MLM: 1.7018 | CTC: 0.5920
Step 283400/1000000 | Loss: 2.3971 | LR: 4.43e-08 | MLM: 1.6183 | CTC: 0.7789
Step 283500/1000000 | Loss: 1.3939 | LR: 4.43e-08 | MLM: 1.0147 | CTC: 0.3792
Step 283600/1000000 | Loss: 2.0118 | LR: 4.43e-08 | MLM: 1.5813 | CTC: 0.4305
Step 283700/1000000 | Loss: 1.9601 | LR: 4.43e-08 | MLM: 1.3903 | CTC: 0.5697
Step 283800/1000000 | Loss: 1.4815 | LR: 4.43e-08 | MLM: 1.1139 | CTC: 0.3676
Step 283900/1000000 | Loss: 1.4457 | LR: 4.43e-08 | MLM: 1.1051 | CTC: 0.3405
Step 284000/1000000 | Loss: 1.9719 | LR: 4.44e-08 | MLM: 1.4711 | CTC: 0.5008
Step 284100/1000000 | Loss: 1.1259 | LR: 4.44e-08 | MLM: 0.8225 | CTC: 0.3034
Step 284200/1000000 | Loss: 1.5475 | LR: 4.44e-08 | MLM: 1.0922 | CTC: 0.4553
Step 284300/1000000 | Loss: 2.0698 | LR: 4.44e-08 | MLM: 1.5244 | CTC: 0.5453
Step 284400/1000000 | Loss: 1.7298 | LR: 4.44e-08 | MLM: 1.3442 | CTC: 0.3855
Step 284500/1000000 | Loss: 0.6424 | LR: 4.44e-08 | MLM: 0.4720 | CTC: 0.1703
Step 284600/1000000 | Loss: 0.5455 | LR: 4.45e-08 | MLM: 0.3972 | CTC: 0.1483
Step 284700/1000000 | Loss: 1.1920 | LR: 4.45e-08 | MLM: 0.9216 | CTC: 0.2704
Step 284800/1000000 | Loss: 0.6255 | LR: 4.45e-08 | MLM: 0.4389 | CTC: 0.1866
Step 284900/1000000 | Loss: 1.5157 | LR: 4.45e-08 | MLM: 1.0702 | CTC: 0.4455
Step 285000/1000000 | Loss: 0.8478 | LR: 4.45e-08 | MLM: 0.6213 | CTC: 0.2266
✓ Saved checkpoint to checkpoint_step_285000.t7
Step 285100/1000000 | Loss: 1.2660 | LR: 4.45e-08 | MLM: 0.9014 | CTC: 0.3646
Step 285200/1000000 | Loss: 1.0378 | LR: 4.46e-08 | MLM: 0.8397 | CTC: 0.1981
Step 285300/1000000 | Loss: 1.6482 | LR: 4.46e-08 | MLM: 1.2069 | CTC: 0.4413
Step 285400/1000000 | Loss: 2.0649 | LR: 4.46e-08 | MLM: 1.4874 | CTC: 0.5774
Step 285500/1000000 | Loss: 1.5158 | LR: 4.46e-08 | MLM: 1.0275 | CTC: 0.4883
Step 285600/1000000 | Loss: 0.2621 | LR: 4.46e-08 | MLM: 0.1704 | CTC: 0.0917
Step 285700/1000000 | Loss: 1.0103 | LR: 4.46e-08 | MLM: 0.7439 | CTC: 0.2664
Step 285800/1000000 | Loss: 0.9378 | LR: 4.46e-08 | MLM: 0.6677 | CTC: 0.2701
Step 285900/1000000 | Loss: 0.4790 | LR: 4.47e-08 | MLM: 0.4031 | CTC: 0.0759
Step 286000/1000000 | Loss: 1.2164 | LR: 4.47e-08 | MLM: 0.8578 | CTC: 0.3586
Step 286100/1000000 | Loss: 1.6920 | LR: 4.47e-08 | MLM: 1.2949 | CTC: 0.3971
Step 286200/1000000 | Loss: 1.6553 | LR: 4.47e-08 | MLM: 1.2266 | CTC: 0.4287
Step 286300/1000000 | Loss: 0.8581 | LR: 4.47e-08 | MLM: 0.5756 | CTC: 0.2824
Step 286400/1000000 | Loss: 0.4332 | LR: 4.48e-08 | MLM: 0.3056 | CTC: 0.1277
Step 286500/1000000 | Loss: 1.6886 | LR: 4.48e-08 | MLM: 1.1770 | CTC: 0.5116
Step 286600/1000000 | Loss: 1.0476 | LR: 4.48e-08 | MLM: 0.7462 | CTC: 0.3013
Step 286700/1000000 | Loss: 1.9803 | LR: 4.48e-08 | MLM: 1.5321 | CTC: 0.4482
Step 286800/1000000 | Loss: 0.4384 | LR: 4.48e-08 | MLM: 0.3034 | CTC: 0.1351
Step 286900/1000000 | Loss: 0.5680 | LR: 4.48e-08 | MLM: 0.4188 | CTC: 0.1492
Step 287000/1000000 | Loss: 2.0351 | LR: 4.48e-08 | MLM: 1.5316 | CTC: 0.5035
Step 287100/1000000 | Loss: 1.2648 | LR: 4.49e-08 | MLM: 0.9080 | CTC: 0.3569
Step 287200/1000000 | Loss: 1.4861 | LR: 4.49e-08 | MLM: 1.1213 | CTC: 0.3648
Step 287300/1000000 | Loss: 1.1631 | LR: 4.49e-08 | MLM: 0.9095 | CTC: 0.2536
Step 287400/1000000 | Loss: 1.6458 | LR: 4.49e-08 | MLM: 1.2559 | CTC: 0.3899
Step 287500/1000000 | Loss: 1.6057 | LR: 4.49e-08 | MLM: 1.1786 | CTC: 0.4271
Step 287600/1000000 | Loss: 0.5188 | LR: 4.49e-08 | MLM: 0.3356 | CTC: 0.1832
Step 287700/1000000 | Loss: 1.3157 | LR: 4.50e-08 | MLM: 0.9461 | CTC: 0.3696
Step 287800/1000000 | Loss: 2.0377 | LR: 4.50e-08 | MLM: 1.3899 | CTC: 0.6478
Step 287900/1000000 | Loss: 1.3600 | LR: 4.50e-08 | MLM: 0.9471 | CTC: 0.4128
Step 288000/1000000 | Loss: 1.8847 | LR: 4.50e-08 | MLM: 1.5135 | CTC: 0.3712
Step 288100/1000000 | Loss: 0.6991 | LR: 4.50e-08 | MLM: 0.4900 | CTC: 0.2091
Step 288200/1000000 | Loss: 1.1802 | LR: 4.50e-08 | MLM: 0.8611 | CTC: 0.3191
Step 288300/1000000 | Loss: 0.6323 | LR: 4.50e-08 | MLM: 0.3733 | CTC: 0.2590
Step 288400/1000000 | Loss: 2.0167 | LR: 4.51e-08 | MLM: 1.4665 | CTC: 0.5502
Step 288500/1000000 | Loss: 1.9992 | LR: 4.51e-08 | MLM: 1.5173 | CTC: 0.4819
Step 288600/1000000 | Loss: 1.0746 | LR: 4.51e-08 | MLM: 0.7236 | CTC: 0.3509
Step 288700/1000000 | Loss: 1.6898 | LR: 4.51e-08 | MLM: 1.2070 | CTC: 0.4827
Step 288800/1000000 | Loss: 1.8003 | LR: 4.51e-08 | MLM: 1.3029 | CTC: 0.4974
Step 288900/1000000 | Loss: 1.3854 | LR: 4.51e-08 | MLM: 0.9919 | CTC: 0.3935
Step 289000/1000000 | Loss: 1.3908 | LR: 4.51e-08 | MLM: 1.0664 | CTC: 0.3244
Step 289100/1000000 | Loss: 1.3675 | LR: 4.52e-08 | MLM: 1.0270 | CTC: 0.3405
Step 289200/1000000 | Loss: 2.2614 | LR: 4.52e-08 | MLM: 1.6660 | CTC: 0.5954
Step 289300/1000000 | Loss: 1.6211 | LR: 4.52e-08 | MLM: 1.1467 | CTC: 0.4744
Step 289400/1000000 | Loss: 0.8638 | LR: 4.52e-08 | MLM: 0.6505 | CTC: 0.2133
Step 289500/1000000 | Loss: 1.3790 | LR: 4.52e-08 | MLM: 1.0646 | CTC: 0.3144
Step 289600/1000000 | Loss: 1.7819 | LR: 4.52e-08 | MLM: 1.3146 | CTC: 0.4673
Step 289700/1000000 | Loss: 1.5205 | LR: 4.53e-08 | MLM: 1.2087 | CTC: 0.3117
Step 289800/1000000 | Loss: 1.9559 | LR: 4.53e-08 | MLM: 1.2872 | CTC: 0.6686
Step 289900/1000000 | Loss: 1.7108 | LR: 4.53e-08 | MLM: 1.2198 | CTC: 0.4910
Step 290000/1000000 | Loss: 1.3924 | LR: 4.53e-08 | MLM: 1.0361 | CTC: 0.3563
✓ Saved checkpoint to checkpoint_step_290000.t7
Step 290100/1000000 | Loss: 1.8082 | LR: 4.53e-08 | MLM: 1.2836 | CTC: 0.5245
Step 290200/1000000 | Loss: 1.6190 | LR: 4.53e-08 | MLM: 1.2035 | CTC: 0.4155
Step 290300/1000000 | Loss: 1.0716 | LR: 4.53e-08 | MLM: 0.8095 | CTC: 0.2622
Step 290400/1000000 | Loss: 2.1018 | LR: 4.54e-08 | MLM: 1.5998 | CTC: 0.5021
Step 290500/1000000 | Loss: 1.3107 | LR: 4.54e-08 | MLM: 0.9831 | CTC: 0.3276
Step 290600/1000000 | Loss: 0.9676 | LR: 4.54e-08 | MLM: 0.6594 | CTC: 0.3082
Step 290700/1000000 | Loss: 1.6521 | LR: 4.54e-08 | MLM: 1.1786 | CTC: 0.4735
Step 290800/1000000 | Loss: 1.4697 | LR: 4.54e-08 | MLM: 1.1155 | CTC: 0.3542
Step 290900/1000000 | Loss: 2.1741 | LR: 4.55e-08 | MLM: 1.6206 | CTC: 0.5535
Step 291000/1000000 | Loss: 1.7866 | LR: 4.55e-08 | MLM: 1.3412 | CTC: 0.4454
Step 291100/1000000 | Loss: 1.3330 | LR: 4.55e-08 | MLM: 1.0091 | CTC: 0.3239
Step 291200/1000000 | Loss: 1.7185 | LR: 4.55e-08 | MLM: 1.2238 | CTC: 0.4947
Step 291300/1000000 | Loss: 0.3368 | LR: 4.55e-08 | MLM: 0.2624 | CTC: 0.0744
Step 291400/1000000 | Loss: 1.0866 | LR: 4.55e-08 | MLM: 0.7796 | CTC: 0.3070
Step 291500/1000000 | Loss: 1.7267 | LR: 4.55e-08 | MLM: 1.2736 | CTC: 0.4531
Step 291600/1000000 | Loss: 1.3689 | LR: 4.56e-08 | MLM: 1.0604 | CTC: 0.3085
Step 291700/1000000 | Loss: 1.6212 | LR: 4.56e-08 | MLM: 1.1649 | CTC: 0.4563
Step 291800/1000000 | Loss: 0.6131 | LR: 4.56e-08 | MLM: 0.3820 | CTC: 0.2311
Step 291900/1000000 | Loss: 2.0880 | LR: 4.56e-08 | MLM: 1.4798 | CTC: 0.6082
Step 292000/1000000 | Loss: 1.5020 | LR: 4.56e-08 | MLM: 1.0795 | CTC: 0.4225
Step 292100/1000000 | Loss: 1.2263 | LR: 4.56e-08 | MLM: 0.9118 | CTC: 0.3145
Step 292200/1000000 | Loss: 1.3253 | LR: 4.57e-08 | MLM: 0.9716 | CTC: 0.3536
Step 292300/1000000 | Loss: 1.7536 | LR: 4.57e-08 | MLM: 1.2645 | CTC: 0.4891
Step 292400/1000000 | Loss: 1.2184 | LR: 4.57e-08 | MLM: 0.9916 | CTC: 0.2269
Step 292500/1000000 | Loss: 1.6511 | LR: 4.57e-08 | MLM: 1.2167 | CTC: 0.4344
Step 292600/1000000 | Loss: 1.4206 | LR: 4.57e-08 | MLM: 1.1416 | CTC: 0.2790
Step 292700/1000000 | Loss: 0.5956 | LR: 4.57e-08 | MLM: 0.3799 | CTC: 0.2157
Step 292800/1000000 | Loss: 2.2255 | LR: 4.58e-08 | MLM: 1.6570 | CTC: 0.5685
Step 292900/1000000 | Loss: 2.4338 | LR: 4.58e-08 | MLM: 1.6975 | CTC: 0.7363
Step 293000/1000000 | Loss: 2.1267 | LR: 4.58e-08 | MLM: 1.7189 | CTC: 0.4078
Step 293100/1000000 | Loss: 1.3515 | LR: 4.58e-08 | MLM: 0.9915 | CTC: 0.3599
Step 293200/1000000 | Loss: 1.7959 | LR: 4.58e-08 | MLM: 1.2506 | CTC: 0.5453
Step 293300/1000000 | Loss: 1.6688 | LR: 4.58e-08 | MLM: 1.1938 | CTC: 0.4751
Step 293400/1000000 | Loss: 1.7893 | LR: 4.58e-08 | MLM: 1.3437 | CTC: 0.4456
Step 293500/1000000 | Loss: 1.4450 | LR: 4.58e-08 | MLM: 1.0743 | CTC: 0.3708
Step 293600/1000000 | Loss: 0.8223 | LR: 4.59e-08 | MLM: 0.5863 | CTC: 0.2360
Step 293700/1000000 | Loss: 2.0793 | LR: 4.59e-08 | MLM: 1.4529 | CTC: 0.6264
Step 293800/1000000 | Loss: 2.4654 | LR: 4.59e-08 | MLM: 1.7675 | CTC: 0.6979
Step 293900/1000000 | Loss: 1.5374 | LR: 4.59e-08 | MLM: 0.9475 | CTC: 0.5899
Step 294000/1000000 | Loss: 1.4911 | LR: 4.59e-08 | MLM: 1.1251 | CTC: 0.3660
Step 294100/1000000 | Loss: 0.9657 | LR: 4.59e-08 | MLM: 0.8281 | CTC: 0.1376
Step 294200/1000000 | Loss: 1.8452 | LR: 4.60e-08 | MLM: 1.3265 | CTC: 0.5187
Step 294300/1000000 | Loss: 1.3129 | LR: 4.60e-08 | MLM: 0.9882 | CTC: 0.3247
Step 294400/1000000 | Loss: 1.5558 | LR: 4.60e-08 | MLM: 1.0993 | CTC: 0.4565
Step 294500/1000000 | Loss: 2.1254 | LR: 4.60e-08 | MLM: 1.6242 | CTC: 0.5012
Step 294600/1000000 | Loss: 1.4677 | LR: 4.60e-08 | MLM: 1.0912 | CTC: 0.3766
Step 294700/1000000 | Loss: 1.1469 | LR: 4.60e-08 | MLM: 0.8270 | CTC: 0.3199
Step 294800/1000000 | Loss: 1.4739 | LR: 4.61e-08 | MLM: 1.1424 | CTC: 0.3314
Step 294900/1000000 | Loss: 2.4101 | LR: 4.61e-08 | MLM: 1.6970 | CTC: 0.7131
Step 295000/1000000 | Loss: 1.9892 | LR: 4.61e-08 | MLM: 1.4154 | CTC: 0.5738
✓ Saved checkpoint to checkpoint_step_295000.t7
Step 295100/1000000 | Loss: 1.4475 | LR: 4.61e-08 | MLM: 1.0723 | CTC: 0.3753
Step 295200/1000000 | Loss: 0.5510 | LR: 4.61e-08 | MLM: 0.3631 | CTC: 0.1880
Step 295300/1000000 | Loss: 2.0942 | LR: 4.61e-08 | MLM: 1.4453 | CTC: 0.6489
Step 295400/1000000 | Loss: 0.7196 | LR: 4.61e-08 | MLM: 0.4433 | CTC: 0.2763
Step 295500/1000000 | Loss: 1.5643 | LR: 4.62e-08 | MLM: 1.1537 | CTC: 0.4106
Step 295600/1000000 | Loss: 1.5297 | LR: 4.62e-08 | MLM: 1.0356 | CTC: 0.4941
Step 295700/1000000 | Loss: 0.3544 | LR: 4.62e-08 | MLM: 0.2163 | CTC: 0.1381
Step 295800/1000000 | Loss: 1.4795 | LR: 4.62e-08 | MLM: 1.0575 | CTC: 0.4220
Step 295900/1000000 | Loss: 1.7933 | LR: 4.62e-08 | MLM: 1.3629 | CTC: 0.4304
Step 296000/1000000 | Loss: 1.6646 | LR: 4.63e-08 | MLM: 1.3180 | CTC: 0.3466
Step 296100/1000000 | Loss: 1.7240 | LR: 4.63e-08 | MLM: 1.2391 | CTC: 0.4849
Step 296200/1000000 | Loss: 1.1603 | LR: 4.63e-08 | MLM: 0.8192 | CTC: 0.3411
Step 296300/1000000 | Loss: 1.3094 | LR: 4.63e-08 | MLM: 0.9959 | CTC: 0.3135
Step 296400/1000000 | Loss: 2.0270 | LR: 4.63e-08 | MLM: 1.4983 | CTC: 0.5286
Step 296500/1000000 | Loss: 1.8643 | LR: 4.63e-08 | MLM: 1.3357 | CTC: 0.5286
Step 296600/1000000 | Loss: 0.3515 | LR: 4.63e-08 | MLM: 0.2512 | CTC: 0.1003
Step 296700/1000000 | Loss: 0.8722 | LR: 4.64e-08 | MLM: 0.6802 | CTC: 0.1920
Step 296800/1000000 | Loss: 1.3172 | LR: 4.64e-08 | MLM: 1.0009 | CTC: 0.3163
Step 296900/1000000 | Loss: 1.4517 | LR: 4.64e-08 | MLM: 0.9113 | CTC: 0.5404
Step 297000/1000000 | Loss: 0.3556 | LR: 4.64e-08 | MLM: 0.2857 | CTC: 0.0699
Step 297100/1000000 | Loss: 0.7656 | LR: 4.64e-08 | MLM: 0.5438 | CTC: 0.2218
Step 297200/1000000 | Loss: 0.6987 | LR: 4.64e-08 | MLM: 0.3343 | CTC: 0.3644
Step 297300/1000000 | Loss: 2.1264 | LR: 4.65e-08 | MLM: 1.5537 | CTC: 0.5727
Step 297400/1000000 | Loss: 1.3022 | LR: 4.65e-08 | MLM: 0.9405 | CTC: 0.3617
Step 297500/1000000 | Loss: 0.6673 | LR: 4.65e-08 | MLM: 0.4740 | CTC: 0.1933
Step 297600/1000000 | Loss: 0.7717 | LR: 4.65e-08 | MLM: 0.5782 | CTC: 0.1935
Step 297700/1000000 | Loss: 2.1552 | LR: 4.65e-08 | MLM: 1.6037 | CTC: 0.5515
Step 297800/1000000 | Loss: 2.0128 | LR: 4.65e-08 | MLM: 1.5036 | CTC: 0.5092
Step 297900/1000000 | Loss: 2.6687 | LR: 4.65e-08 | MLM: 1.8649 | CTC: 0.8038
Step 298000/1000000 | Loss: 1.2780 | LR: 4.66e-08 | MLM: 0.9118 | CTC: 0.3663
Step 298100/1000000 | Loss: 1.3321 | LR: 4.66e-08 | MLM: 0.9882 | CTC: 0.3439
Step 298200/1000000 | Loss: 2.3290 | LR: 4.66e-08 | MLM: 1.7896 | CTC: 0.5393
Step 298300/1000000 | Loss: 1.6489 | LR: 4.66e-08 | MLM: 1.1812 | CTC: 0.4677
Step 298400/1000000 | Loss: 1.1134 | LR: 4.66e-08 | MLM: 0.7875 | CTC: 0.3259
Step 298500/1000000 | Loss: 0.9075 | LR: 4.66e-08 | MLM: 0.6155 | CTC: 0.2920
Step 298600/1000000 | Loss: 2.5113 | LR: 4.66e-08 | MLM: 1.9950 | CTC: 0.5163
Step 298700/1000000 | Loss: 0.4210 | LR: 4.67e-08 | MLM: 0.3599 | CTC: 0.0611
Step 298800/1000000 | Loss: 1.5979 | LR: 4.67e-08 | MLM: 1.1417 | CTC: 0.4561
Step 298900/1000000 | Loss: 1.4815 | LR: 4.67e-08 | MLM: 0.9619 | CTC: 0.5196
Step 299000/1000000 | Loss: 1.8005 | LR: 4.67e-08 | MLM: 1.1712 | CTC: 0.6292
Step 299100/1000000 | Loss: 0.9012 | LR: 4.67e-08 | MLM: 0.6978 | CTC: 0.2033
Step 299200/1000000 | Loss: 1.3015 | LR: 4.67e-08 | MLM: 0.9035 | CTC: 0.3981
Step 299300/1000000 | Loss: 0.3285 | LR: 4.68e-08 | MLM: 0.2478 | CTC: 0.0807
Step 299400/1000000 | Loss: 1.2727 | LR: 4.68e-08 | MLM: 0.9272 | CTC: 0.3455
Step 299500/1000000 | Loss: 0.8824 | LR: 4.68e-08 | MLM: 0.5638 | CTC: 0.3187
Step 299600/1000000 | Loss: 0.7766 | LR: 4.68e-08 | MLM: 0.5045 | CTC: 0.2721
Step 299700/1000000 | Loss: 1.4099 | LR: 4.68e-08 | MLM: 1.0758 | CTC: 0.3341
Step 299800/1000000 | Loss: 1.5616 | LR: 4.68e-08 | MLM: 1.1650 | CTC: 0.3966
Step 299900/1000000 | Loss: 0.6779 | LR: 4.68e-08 | MLM: 0.5280 | CTC: 0.1499
Step 300000/1000000 | Loss: 1.7582 | LR: 4.69e-08 | MLM: 1.3114 | CTC: 0.4468
✓ Saved checkpoint to checkpoint_step_300000.t7
Step 300100/1000000 | Loss: 1.4715 | LR: 4.69e-08 | MLM: 1.0154 | CTC: 0.4562
Step 300200/1000000 | Loss: 2.3559 | LR: 4.69e-08 | MLM: 1.8534 | CTC: 0.5025
Step 300300/1000000 | Loss: 2.0978 | LR: 4.69e-08 | MLM: 1.5212 | CTC: 0.5766
Step 300400/1000000 | Loss: 0.9451 | LR: 4.69e-08 | MLM: 0.7121 | CTC: 0.2330
Step 300500/1000000 | Loss: 0.4029 | LR: 4.69e-08 | MLM: 0.2648 | CTC: 0.1381
Step 300600/1000000 | Loss: 1.2415 | LR: 4.70e-08 | MLM: 0.9138 | CTC: 0.3277
Step 300700/1000000 | Loss: 0.3746 | LR: 4.70e-08 | MLM: 0.2996 | CTC: 0.0751
Step 300800/1000000 | Loss: 1.0611 | LR: 4.70e-08 | MLM: 0.8437 | CTC: 0.2174
Step 300900/1000000 | Loss: 1.2481 | LR: 4.70e-08 | MLM: 0.8862 | CTC: 0.3619
Step 301000/1000000 | Loss: 1.9891 | LR: 4.70e-08 | MLM: 1.5904 | CTC: 0.3987
Step 301100/1000000 | Loss: 1.5038 | LR: 4.70e-08 | MLM: 0.9518 | CTC: 0.5520
Step 301200/1000000 | Loss: 0.9052 | LR: 4.71e-08 | MLM: 0.7705 | CTC: 0.1347
Step 301300/1000000 | Loss: 1.5266 | LR: 4.71e-08 | MLM: 1.1290 | CTC: 0.3975
Step 301400/1000000 | Loss: 2.1887 | LR: 4.71e-08 | MLM: 1.5341 | CTC: 0.6546
Step 301500/1000000 | Loss: 1.8155 | LR: 4.71e-08 | MLM: 1.1877 | CTC: 0.6278
Step 301600/1000000 | Loss: 1.1330 | LR: 4.71e-08 | MLM: 0.8399 | CTC: 0.2931
Step 301700/1000000 | Loss: 1.3660 | LR: 4.71e-08 | MLM: 1.0292 | CTC: 0.3368
Step 301800/1000000 | Loss: 2.0305 | LR: 4.71e-08 | MLM: 1.4499 | CTC: 0.5806
Step 301900/1000000 | Loss: 0.6811 | LR: 4.72e-08 | MLM: 0.4825 | CTC: 0.1986
Step 302000/1000000 | Loss: 1.7981 | LR: 4.72e-08 | MLM: 1.3065 | CTC: 0.4917
Step 302100/1000000 | Loss: 1.5866 | LR: 4.72e-08 | MLM: 1.1457 | CTC: 0.4409
Step 302200/1000000 | Loss: 0.6954 | LR: 4.72e-08 | MLM: 0.3645 | CTC: 0.3309
Step 302300/1000000 | Loss: 1.4958 | LR: 4.72e-08 | MLM: 1.0405 | CTC: 0.4553
Step 302400/1000000 | Loss: 1.3268 | LR: 4.72e-08 | MLM: 1.0015 | CTC: 0.3253
Step 302500/1000000 | Loss: 2.2115 | LR: 4.73e-08 | MLM: 1.6327 | CTC: 0.5788
Step 302600/1000000 | Loss: 2.0375 | LR: 4.73e-08 | MLM: 1.5965 | CTC: 0.4410
Step 302700/1000000 | Loss: 1.8005 | LR: 4.73e-08 | MLM: 1.4161 | CTC: 0.3844
Step 302800/1000000 | Loss: 1.3331 | LR: 4.73e-08 | MLM: 1.0264 | CTC: 0.3067
Step 302900/1000000 | Loss: 0.2780 | LR: 4.73e-08 | MLM: 0.1363 | CTC: 0.1417
Step 303000/1000000 | Loss: 1.1196 | LR: 4.73e-08 | MLM: 0.8798 | CTC: 0.2398
Step 303100/1000000 | Loss: 1.6741 | LR: 4.73e-08 | MLM: 1.0427 | CTC: 0.6314
Step 303200/1000000 | Loss: 0.1656 | LR: 4.74e-08 | MLM: 0.1109 | CTC: 0.0547
Step 303300/1000000 | Loss: 1.8483 | LR: 4.74e-08 | MLM: 1.3923 | CTC: 0.4559
Step 303400/1000000 | Loss: 1.4428 | LR: 4.74e-08 | MLM: 1.0357 | CTC: 0.4070
Step 303500/1000000 | Loss: 1.5338 | LR: 4.74e-08 | MLM: 1.1162 | CTC: 0.4176
Step 303600/1000000 | Loss: 1.0327 | LR: 4.74e-08 | MLM: 0.7120 | CTC: 0.3207
Step 303700/1000000 | Loss: 0.7733 | LR: 4.74e-08 | MLM: 0.4482 | CTC: 0.3251
Step 303800/1000000 | Loss: 0.2441 | LR: 4.75e-08 | MLM: 0.1686 | CTC: 0.0755
Step 303900/1000000 | Loss: 0.8556 | LR: 4.75e-08 | MLM: 0.6489 | CTC: 0.2067
Step 304000/1000000 | Loss: 1.6824 | LR: 4.75e-08 | MLM: 1.3012 | CTC: 0.3811
Step 304100/1000000 | Loss: 1.5991 | LR: 4.75e-08 | MLM: 1.1515 | CTC: 0.4476
Step 304200/1000000 | Loss: 1.4982 | LR: 4.75e-08 | MLM: 1.1094 | CTC: 0.3889
Step 304300/1000000 | Loss: 1.9516 | LR: 4.75e-08 | MLM: 1.4473 | CTC: 0.5043
Step 304400/1000000 | Loss: 0.5428 | LR: 4.76e-08 | MLM: 0.4037 | CTC: 0.1391
Step 304500/1000000 | Loss: 0.8602 | LR: 4.76e-08 | MLM: 0.5892 | CTC: 0.2709
Step 304600/1000000 | Loss: 1.0761 | LR: 4.76e-08 | MLM: 0.8280 | CTC: 0.2481
Step 304700/1000000 | Loss: 1.8107 | LR: 4.76e-08 | MLM: 1.2560 | CTC: 0.5547
Step 304800/1000000 | Loss: 1.1711 | LR: 4.76e-08 | MLM: 0.8900 | CTC: 0.2811
Step 304900/1000000 | Loss: 1.4950 | LR: 4.76e-08 | MLM: 1.0082 | CTC: 0.4868
Step 305000/1000000 | Loss: 2.0245 | LR: 4.76e-08 | MLM: 1.4415 | CTC: 0.5830
✓ Saved checkpoint to checkpoint_step_305000.t7
Step 305100/1000000 | Loss: 1.7595 | LR: 4.77e-08 | MLM: 1.4000 | CTC: 0.3595
Step 305200/1000000 | Loss: 0.7927 | LR: 4.77e-08 | MLM: 0.6186 | CTC: 0.1741
Step 305300/1000000 | Loss: 1.1542 | LR: 4.77e-08 | MLM: 0.8602 | CTC: 0.2939
Step 305400/1000000 | Loss: 0.8801 | LR: 4.77e-08 | MLM: 0.6573 | CTC: 0.2229
Step 305500/1000000 | Loss: 1.5134 | LR: 4.77e-08 | MLM: 1.0732 | CTC: 0.4402
Step 305600/1000000 | Loss: 2.0105 | LR: 4.77e-08 | MLM: 1.5156 | CTC: 0.4949
Step 305700/1000000 | Loss: 1.6563 | LR: 4.78e-08 | MLM: 1.1988 | CTC: 0.4576
Step 305800/1000000 | Loss: 0.9553 | LR: 4.78e-08 | MLM: 0.6637 | CTC: 0.2916
Step 305900/1000000 | Loss: 2.3690 | LR: 4.78e-08 | MLM: 1.7767 | CTC: 0.5923
Step 306000/1000000 | Loss: 1.2422 | LR: 4.78e-08 | MLM: 0.9796 | CTC: 0.2626
Step 306100/1000000 | Loss: 1.3067 | LR: 4.78e-08 | MLM: 0.8772 | CTC: 0.4295
Step 306200/1000000 | Loss: 1.8829 | LR: 4.78e-08 | MLM: 1.4337 | CTC: 0.4493
Step 306300/1000000 | Loss: 0.6974 | LR: 4.78e-08 | MLM: 0.4990 | CTC: 0.1984
Step 306400/1000000 | Loss: 2.3232 | LR: 4.79e-08 | MLM: 1.4921 | CTC: 0.8311
Step 306500/1000000 | Loss: 0.9761 | LR: 4.79e-08 | MLM: 0.7312 | CTC: 0.2449
Step 306600/1000000 | Loss: 1.5136 | LR: 4.79e-08 | MLM: 0.9946 | CTC: 0.5191
Step 306700/1000000 | Loss: 0.8331 | LR: 4.79e-08 | MLM: 0.6041 | CTC: 0.2289
Step 306800/1000000 | Loss: 1.5956 | LR: 4.79e-08 | MLM: 1.2559 | CTC: 0.3398
Step 306900/1000000 | Loss: 1.5552 | LR: 4.79e-08 | MLM: 1.1386 | CTC: 0.4166
Step 307000/1000000 | Loss: 1.2443 | LR: 4.80e-08 | MLM: 0.9981 | CTC: 0.2461
Step 307100/1000000 | Loss: 2.0052 | LR: 4.80e-08 | MLM: 1.4319 | CTC: 0.5733
Step 307200/1000000 | Loss: 1.0299 | LR: 4.80e-08 | MLM: 0.7264 | CTC: 0.3036
Step 307300/1000000 | Loss: 1.4829 | LR: 4.80e-08 | MLM: 1.0617 | CTC: 0.4212
Step 307400/1000000 | Loss: 1.7960 | LR: 4.80e-08 | MLM: 1.3446 | CTC: 0.4515
Step 307500/1000000 | Loss: 1.7917 | LR: 4.80e-08 | MLM: 1.4287 | CTC: 0.3630
Step 307600/1000000 | Loss: 1.7753 | LR: 4.81e-08 | MLM: 1.3277 | CTC: 0.4476
Step 307700/1000000 | Loss: 1.2380 | LR: 4.81e-08 | MLM: 0.8856 | CTC: 0.3524
Step 307800/1000000 | Loss: 0.4594 | LR: 4.81e-08 | MLM: 0.3317 | CTC: 0.1277
Step 307900/1000000 | Loss: 0.6949 | LR: 4.81e-08 | MLM: 0.5268 | CTC: 0.1681
Step 308000/1000000 | Loss: 1.2200 | LR: 4.81e-08 | MLM: 0.9487 | CTC: 0.2713
Step 308100/1000000 | Loss: 1.9572 | LR: 4.81e-08 | MLM: 1.4557 | CTC: 0.5015
Step 308200/1000000 | Loss: 2.5330 | LR: 4.81e-08 | MLM: 1.8871 | CTC: 0.6459
Step 308300/1000000 | Loss: 2.1958 | LR: 4.82e-08 | MLM: 1.5756 | CTC: 0.6202
Step 308400/1000000 | Loss: 1.5020 | LR: 4.82e-08 | MLM: 1.0740 | CTC: 0.4279
Step 308500/1000000 | Loss: 1.2981 | LR: 4.82e-08 | MLM: 0.9201 | CTC: 0.3780
Step 308600/1000000 | Loss: 1.9022 | LR: 4.82e-08 | MLM: 1.2972 | CTC: 0.6050
Step 308700/1000000 | Loss: 1.6181 | LR: 4.82e-08 | MLM: 1.1586 | CTC: 0.4595
Step 308800/1000000 | Loss: 0.6814 | LR: 4.82e-08 | MLM: 0.4899 | CTC: 0.1916
Step 308900/1000000 | Loss: 1.2116 | LR: 4.83e-08 | MLM: 0.8958 | CTC: 0.3157
Step 309000/1000000 | Loss: 1.4984 | LR: 4.83e-08 | MLM: 1.0856 | CTC: 0.4129
Step 309100/1000000 | Loss: 0.9642 | LR: 4.83e-08 | MLM: 0.7028 | CTC: 0.2614
Step 309200/1000000 | Loss: 1.0214 | LR: 4.83e-08 | MLM: 0.7545 | CTC: 0.2669
Step 309300/1000000 | Loss: 1.3357 | LR: 4.83e-08 | MLM: 0.9788 | CTC: 0.3570
Step 309400/1000000 | Loss: 0.2549 | LR: 4.83e-08 | MLM: 0.1941 | CTC: 0.0608
Step 309500/1000000 | Loss: 0.1151 | LR: 4.83e-08 | MLM: 0.0652 | CTC: 0.0498
Step 309600/1000000 | Loss: 1.8007 | LR: 4.84e-08 | MLM: 1.3722 | CTC: 0.4285
Step 309700/1000000 | Loss: 1.2723 | LR: 4.84e-08 | MLM: 0.8853 | CTC: 0.3871
Step 309800/1000000 | Loss: 1.3760 | LR: 4.84e-08 | MLM: 1.0125 | CTC: 0.3635
Step 309900/1000000 | Loss: 0.9469 | LR: 4.84e-08 | MLM: 0.7203 | CTC: 0.2267
Step 310000/1000000 | Loss: 1.1805 | LR: 4.84e-08 | MLM: 0.9682 | CTC: 0.2122
✓ Saved checkpoint to checkpoint_step_310000.t7
Step 310100/1000000 | Loss: 1.3726 | LR: 4.84e-08 | MLM: 1.0653 | CTC: 0.3073
Step 310200/1000000 | Loss: 2.0618 | LR: 4.85e-08 | MLM: 1.5104 | CTC: 0.5514
Step 310300/1000000 | Loss: 1.2966 | LR: 4.85e-08 | MLM: 0.8610 | CTC: 0.4357
Step 310400/1000000 | Loss: 1.5072 | LR: 4.85e-08 | MLM: 1.1128 | CTC: 0.3943
Step 310500/1000000 | Loss: 1.9263 | LR: 4.85e-08 | MLM: 1.3981 | CTC: 0.5282
Step 310600/1000000 | Loss: 1.4935 | LR: 4.85e-08 | MLM: 1.1145 | CTC: 0.3790
Step 310700/1000000 | Loss: 1.0649 | LR: 4.85e-08 | MLM: 0.7126 | CTC: 0.3523
Step 310800/1000000 | Loss: 0.6650 | LR: 4.86e-08 | MLM: 0.4787 | CTC: 0.1863
Step 310900/1000000 | Loss: 1.7802 | LR: 4.86e-08 | MLM: 1.3239 | CTC: 0.4562
Step 311000/1000000 | Loss: 0.9349 | LR: 4.86e-08 | MLM: 0.7541 | CTC: 0.1808
Step 311100/1000000 | Loss: 2.0412 | LR: 4.86e-08 | MLM: 1.4734 | CTC: 0.5677
Step 311200/1000000 | Loss: 1.3733 | LR: 4.86e-08 | MLM: 1.0620 | CTC: 0.3113
Step 311300/1000000 | Loss: 0.8467 | LR: 4.86e-08 | MLM: 0.6129 | CTC: 0.2338
Step 311400/1000000 | Loss: 1.1618 | LR: 4.86e-08 | MLM: 0.8322 | CTC: 0.3296
Step 311500/1000000 | Loss: 1.5061 | LR: 4.87e-08 | MLM: 1.1148 | CTC: 0.3913
Step 311600/1000000 | Loss: 1.7997 | LR: 4.87e-08 | MLM: 1.3411 | CTC: 0.4586
Step 311700/1000000 | Loss: 1.9117 | LR: 4.87e-08 | MLM: 1.3680 | CTC: 0.5436
Step 311800/1000000 | Loss: 1.2995 | LR: 4.87e-08 | MLM: 1.0161 | CTC: 0.2834
Step 311900/1000000 | Loss: 0.5957 | LR: 4.87e-08 | MLM: 0.4431 | CTC: 0.1525
Step 312000/1000000 | Loss: 1.6468 | LR: 4.87e-08 | MLM: 1.0700 | CTC: 0.5767
Step 312100/1000000 | Loss: 1.1366 | LR: 4.88e-08 | MLM: 0.8263 | CTC: 0.3102
Step 312200/1000000 | Loss: 1.2753 | LR: 4.88e-08 | MLM: 1.0223 | CTC: 0.2530
Step 312300/1000000 | Loss: 0.2027 | LR: 4.88e-08 | MLM: 0.1388 | CTC: 0.0639
Step 312400/1000000 | Loss: 1.3428 | LR: 4.88e-08 | MLM: 0.9848 | CTC: 0.3580
Step 312500/1000000 | Loss: 0.6657 | LR: 4.88e-08 | MLM: 0.5110 | CTC: 0.1547
Step 312600/1000000 | Loss: 0.8540 | LR: 4.88e-08 | MLM: 0.6551 | CTC: 0.1989
Step 312700/1000000 | Loss: 0.7098 | LR: 4.88e-08 | MLM: 0.4830 | CTC: 0.2268
Step 312800/1000000 | Loss: 1.5488 | LR: 4.89e-08 | MLM: 1.0375 | CTC: 0.5113
Step 312900/1000000 | Loss: 1.9122 | LR: 4.89e-08 | MLM: 1.3204 | CTC: 0.5918
Step 313000/1000000 | Loss: 1.0387 | LR: 4.89e-08 | MLM: 0.7018 | CTC: 0.3369
Step 313100/1000000 | Loss: 1.7205 | LR: 4.89e-08 | MLM: 1.2828 | CTC: 0.4377
Step 313200/1000000 | Loss: 1.8134 | LR: 4.89e-08 | MLM: 1.3325 | CTC: 0.4809
Step 313300/1000000 | Loss: 1.7026 | LR: 4.89e-08 | MLM: 1.2885 | CTC: 0.4141
Step 313400/1000000 | Loss: 1.7516 | LR: 4.90e-08 | MLM: 1.3973 | CTC: 0.3543
Step 313500/1000000 | Loss: 0.4968 | LR: 4.90e-08 | MLM: 0.3988 | CTC: 0.0980
Step 313600/1000000 | Loss: 1.5042 | LR: 4.90e-08 | MLM: 1.0743 | CTC: 0.4299
Step 313700/1000000 | Loss: 1.9709 | LR: 4.90e-08 | MLM: 1.4845 | CTC: 0.4864
Step 313800/1000000 | Loss: 1.9719 | LR: 4.90e-08 | MLM: 1.4016 | CTC: 0.5702
Step 313900/1000000 | Loss: 0.5757 | LR: 4.90e-08 | MLM: 0.4029 | CTC: 0.1728
Step 314000/1000000 | Loss: 1.5800 | LR: 4.91e-08 | MLM: 1.1606 | CTC: 0.4193
Step 314100/1000000 | Loss: 1.1849 | LR: 4.91e-08 | MLM: 0.8877 | CTC: 0.2971
Step 314200/1000000 | Loss: 1.6164 | LR: 4.91e-08 | MLM: 1.2147 | CTC: 0.4017
Step 314300/1000000 | Loss: 1.1146 | LR: 4.91e-08 | MLM: 0.8665 | CTC: 0.2481
Step 314400/1000000 | Loss: 0.9302 | LR: 4.91e-08 | MLM: 0.6889 | CTC: 0.2413
Step 314500/1000000 | Loss: 1.4269 | LR: 4.91e-08 | MLM: 0.9900 | CTC: 0.4369
Step 314600/1000000 | Loss: 1.7129 | LR: 4.92e-08 | MLM: 1.3089 | CTC: 0.4040
Step 314700/1000000 | Loss: 1.7287 | LR: 4.92e-08 | MLM: 1.2854 | CTC: 0.4433
Step 314800/1000000 | Loss: 2.1600 | LR: 4.92e-08 | MLM: 1.4918 | CTC: 0.6682
Step 314900/1000000 | Loss: 1.4303 | LR: 4.92e-08 | MLM: 0.9869 | CTC: 0.4434
Step 315000/1000000 | Loss: 1.2686 | LR: 4.92e-08 | MLM: 0.9976 | CTC: 0.2710
✓ Saved checkpoint to checkpoint_step_315000.t7
Step 315100/1000000 | Loss: 0.8134 | LR: 4.92e-08 | MLM: 0.6150 | CTC: 0.1984
Step 315200/1000000 | Loss: 1.5765 | LR: 4.92e-08 | MLM: 1.2105 | CTC: 0.3660
Step 315300/1000000 | Loss: 2.5104 | LR: 4.93e-08 | MLM: 1.7162 | CTC: 0.7942
Step 315400/1000000 | Loss: 1.7857 | LR: 4.93e-08 | MLM: 1.1596 | CTC: 0.6262
Step 315500/1000000 | Loss: 1.1257 | LR: 4.93e-08 | MLM: 0.8440 | CTC: 0.2816
Step 315600/1000000 | Loss: 1.6072 | LR: 4.93e-08 | MLM: 1.1470 | CTC: 0.4602
Step 315700/1000000 | Loss: 1.2266 | LR: 4.93e-08 | MLM: 0.8927 | CTC: 0.3339
Step 315800/1000000 | Loss: 2.2569 | LR: 4.93e-08 | MLM: 1.7220 | CTC: 0.5350
Step 315900/1000000 | Loss: 1.2008 | LR: 4.93e-08 | MLM: 0.8663 | CTC: 0.3345
Step 316000/1000000 | Loss: 0.3444 | LR: 4.94e-08 | MLM: 0.2369 | CTC: 0.1075
Step 316100/1000000 | Loss: 1.4160 | LR: 4.94e-08 | MLM: 1.0076 | CTC: 0.4084
Step 316200/1000000 | Loss: 2.0031 | LR: 4.94e-08 | MLM: 1.3414 | CTC: 0.6616
Step 316300/1000000 | Loss: 1.4613 | LR: 4.94e-08 | MLM: 1.0741 | CTC: 0.3873
Step 316400/1000000 | Loss: 2.1573 | LR: 4.94e-08 | MLM: 1.5720 | CTC: 0.5853
Step 316500/1000000 | Loss: 1.5043 | LR: 4.94e-08 | MLM: 1.2223 | CTC: 0.2820
Step 316600/1000000 | Loss: 1.1911 | LR: 4.95e-08 | MLM: 0.7759 | CTC: 0.4152
Step 316700/1000000 | Loss: 1.2883 | LR: 4.95e-08 | MLM: 0.9446 | CTC: 0.3437
Step 316800/1000000 | Loss: 1.1821 | LR: 4.95e-08 | MLM: 0.8640 | CTC: 0.3182
Step 316900/1000000 | Loss: 1.5227 | LR: 4.95e-08 | MLM: 1.0837 | CTC: 0.4391
Step 317000/1000000 | Loss: 1.4779 | LR: 4.95e-08 | MLM: 1.1299 | CTC: 0.3481
Step 317100/1000000 | Loss: 1.3402 | LR: 4.95e-08 | MLM: 0.9904 | CTC: 0.3498
Step 317200/1000000 | Loss: 2.4132 | LR: 4.96e-08 | MLM: 1.8216 | CTC: 0.5916
Step 317300/1000000 | Loss: 1.4703 | LR: 4.96e-08 | MLM: 1.1653 | CTC: 0.3050
Step 317400/1000000 | Loss: 0.7148 | LR: 4.96e-08 | MLM: 0.4922 | CTC: 0.2226
Step 317500/1000000 | Loss: 0.8937 | LR: 4.96e-08 | MLM: 0.6731 | CTC: 0.2206
Step 317600/1000000 | Loss: 1.6002 | LR: 4.96e-08 | MLM: 1.2078 | CTC: 0.3925
Step 317700/1000000 | Loss: 0.4206 | LR: 4.96e-08 | MLM: 0.2806 | CTC: 0.1401
Step 317800/1000000 | Loss: 1.7357 | LR: 4.96e-08 | MLM: 1.4004 | CTC: 0.3354
Step 317900/1000000 | Loss: 1.7106 | LR: 4.97e-08 | MLM: 1.2732 | CTC: 0.4374
Step 318000/1000000 | Loss: 0.9351 | LR: 4.97e-08 | MLM: 0.6671 | CTC: 0.2680
Step 318100/1000000 | Loss: 1.0463 | LR: 4.97e-08 | MLM: 0.8173 | CTC: 0.2291
Step 318200/1000000 | Loss: 1.9058 | LR: 4.97e-08 | MLM: 1.4830 | CTC: 0.4228
Step 318300/1000000 | Loss: 0.8047 | LR: 4.97e-08 | MLM: 0.5890 | CTC: 0.2157
Step 318400/1000000 | Loss: 1.6466 | LR: 4.97e-08 | MLM: 1.1390 | CTC: 0.5075
Step 318500/1000000 | Loss: 1.8194 | LR: 4.98e-08 | MLM: 1.3220 | CTC: 0.4974
Step 318600/1000000 | Loss: 1.2885 | LR: 4.98e-08 | MLM: 0.9846 | CTC: 0.3038
Step 318700/1000000 | Loss: 1.6189 | LR: 4.98e-08 | MLM: 1.1878 | CTC: 0.4312
Step 318800/1000000 | Loss: 1.5282 | LR: 4.98e-08 | MLM: 1.1192 | CTC: 0.4090
Step 318900/1000000 | Loss: 1.5655 | LR: 4.98e-08 | MLM: 1.1031 | CTC: 0.4624
Step 319000/1000000 | Loss: 1.3995 | LR: 4.98e-08 | MLM: 1.0259 | CTC: 0.3736
Step 319100/1000000 | Loss: 1.8422 | LR: 4.98e-08 | MLM: 1.2760 | CTC: 0.5662
Step 319200/1000000 | Loss: 1.3855 | LR: 4.99e-08 | MLM: 0.9680 | CTC: 0.4175
Step 319300/1000000 | Loss: 2.0775 | LR: 4.99e-08 | MLM: 1.5466 | CTC: 0.5309
Step 319400/1000000 | Loss: 0.5111 | LR: 4.99e-08 | MLM: 0.3700 | CTC: 0.1411
Step 319500/1000000 | Loss: 1.5362 | LR: 4.99e-08 | MLM: 1.1323 | CTC: 0.4039
Step 319600/1000000 | Loss: 1.1437 | LR: 4.99e-08 | MLM: 0.8730 | CTC: 0.2707
Step 319700/1000000 | Loss: 1.2088 | LR: 5.00e-08 | MLM: 0.8777 | CTC: 0.3311
Step 319800/1000000 | Loss: 1.3422 | LR: 5.00e-08 | MLM: 0.9956 | CTC: 0.3467
Step 319900/1000000 | Loss: 2.0832 | LR: 5.00e-08 | MLM: 1.6136 | CTC: 0.4697
Step 320000/1000000 | Loss: 1.4197 | LR: 5.00e-08 | MLM: 0.9882 | CTC: 0.4315
✓ Saved checkpoint to checkpoint_step_320000.t7
Step 320100/1000000 | Loss: 1.3740 | LR: 5.00e-08 | MLM: 1.0677 | CTC: 0.3063
Step 320200/1000000 | Loss: 1.2253 | LR: 5.00e-08 | MLM: 0.8954 | CTC: 0.3299
Step 320300/1000000 | Loss: 1.6152 | LR: 5.00e-08 | MLM: 1.2649 | CTC: 0.3503
Step 320400/1000000 | Loss: 1.9355 | LR: 5.01e-08 | MLM: 1.4360 | CTC: 0.4995
Step 320500/1000000 | Loss: 0.5219 | LR: 5.01e-08 | MLM: 0.3334 | CTC: 0.1885
Step 320600/1000000 | Loss: 0.8832 | LR: 5.01e-08 | MLM: 0.6977 | CTC: 0.1855
Step 320700/1000000 | Loss: 1.4378 | LR: 5.01e-08 | MLM: 1.0969 | CTC: 0.3409
Step 320800/1000000 | Loss: 1.9276 | LR: 5.01e-08 | MLM: 1.4054 | CTC: 0.5221
Step 320900/1000000 | Loss: 2.2120 | LR: 5.01e-08 | MLM: 1.6126 | CTC: 0.5994
Step 321000/1000000 | Loss: 2.1904 | LR: 5.01e-08 | MLM: 1.5290 | CTC: 0.6614
Step 321100/1000000 | Loss: 0.5923 | LR: 5.02e-08 | MLM: 0.3808 | CTC: 0.2115
Step 321200/1000000 | Loss: 0.2720 | LR: 5.02e-08 | MLM: 0.1656 | CTC: 0.1065
Step 321300/1000000 | Loss: 1.0249 | LR: 5.02e-08 | MLM: 0.7129 | CTC: 0.3119
Step 321400/1000000 | Loss: 2.3679 | LR: 5.02e-08 | MLM: 1.8693 | CTC: 0.4986
Step 321500/1000000 | Loss: 0.9274 | LR: 5.02e-08 | MLM: 0.6635 | CTC: 0.2639
Step 321600/1000000 | Loss: 1.9608 | LR: 5.02e-08 | MLM: 1.4054 | CTC: 0.5554
Step 321700/1000000 | Loss: 1.0553 | LR: 5.03e-08 | MLM: 0.7792 | CTC: 0.2760
Step 321800/1000000 | Loss: 1.8283 | LR: 5.03e-08 | MLM: 1.3250 | CTC: 0.5033
Step 321900/1000000 | Loss: 1.4883 | LR: 5.03e-08 | MLM: 1.0411 | CTC: 0.4472
Step 322000/1000000 | Loss: 1.9812 | LR: 5.03e-08 | MLM: 1.4273 | CTC: 0.5539
Step 322100/1000000 | Loss: 2.2178 | LR: 5.03e-08 | MLM: 1.7371 | CTC: 0.4807
Step 322200/1000000 | Loss: 1.9267 | LR: 5.03e-08 | MLM: 1.5168 | CTC: 0.4099
Step 322300/1000000 | Loss: 1.3419 | LR: 5.03e-08 | MLM: 0.9792 | CTC: 0.3627
Step 322400/1000000 | Loss: 1.9318 | LR: 5.04e-08 | MLM: 1.5129 | CTC: 0.4189
Step 322500/1000000 | Loss: 0.5305 | LR: 5.04e-08 | MLM: 0.3046 | CTC: 0.2259
Step 322600/1000000 | Loss: 1.3715 | LR: 5.04e-08 | MLM: 1.0191 | CTC: 0.3525
Step 322700/1000000 | Loss: 1.7081 | LR: 5.04e-08 | MLM: 1.1767 | CTC: 0.5314
Step 322800/1000000 | Loss: 0.5674 | LR: 5.04e-08 | MLM: 0.4206 | CTC: 0.1468
Step 322900/1000000 | Loss: 0.9488 | LR: 5.04e-08 | MLM: 0.6523 | CTC: 0.2965
Step 323000/1000000 | Loss: 1.8564 | LR: 5.05e-08 | MLM: 1.3732 | CTC: 0.4831
Step 323100/1000000 | Loss: 1.0183 | LR: 5.05e-08 | MLM: 0.8268 | CTC: 0.1915
Step 323200/1000000 | Loss: 0.9406 | LR: 5.05e-08 | MLM: 0.7181 | CTC: 0.2225
Step 323300/1000000 | Loss: 2.2512 | LR: 5.05e-08 | MLM: 1.6516 | CTC: 0.5996
Step 323400/1000000 | Loss: 1.3617 | LR: 5.05e-08 | MLM: 1.0202 | CTC: 0.3414
Step 323500/1000000 | Loss: 1.8654 | LR: 5.05e-08 | MLM: 1.3620 | CTC: 0.5033
Step 323600/1000000 | Loss: 0.0941 | LR: 5.06e-08 | MLM: 0.0561 | CTC: 0.0380
Step 323700/1000000 | Loss: 0.9989 | LR: 5.06e-08 | MLM: 0.7074 | CTC: 0.2916
Step 323800/1000000 | Loss: 1.9091 | LR: 5.06e-08 | MLM: 1.4549 | CTC: 0.4542
Step 323900/1000000 | Loss: 1.4602 | LR: 5.06e-08 | MLM: 1.0640 | CTC: 0.3962
Step 324000/1000000 | Loss: 0.8952 | LR: 5.06e-08 | MLM: 0.6577 | CTC: 0.2375
Step 324100/1000000 | Loss: 1.3501 | LR: 5.06e-08 | MLM: 0.9933 | CTC: 0.3568
Step 324200/1000000 | Loss: 0.7805 | LR: 5.06e-08 | MLM: 0.5941 | CTC: 0.1864
Step 324300/1000000 | Loss: 3.0428 | LR: 5.07e-08 | MLM: 2.0209 | CTC: 1.0220
Step 324400/1000000 | Loss: 0.9314 | LR: 5.07e-08 | MLM: 0.7157 | CTC: 0.2158
Step 324500/1000000 | Loss: 2.2011 | LR: 5.07e-08 | MLM: 1.6876 | CTC: 0.5135
Step 324600/1000000 | Loss: 2.1475 | LR: 5.07e-08 | MLM: 1.4129 | CTC: 0.7346
Step 324700/1000000 | Loss: 1.3378 | LR: 5.07e-08 | MLM: 0.9499 | CTC: 0.3879
Step 324800/1000000 | Loss: 1.9973 | LR: 5.07e-08 | MLM: 1.5419 | CTC: 0.4554
Step 324900/1000000 | Loss: 1.6787 | LR: 5.08e-08 | MLM: 1.3569 | CTC: 0.3218
Step 325000/1000000 | Loss: 1.4602 | LR: 5.08e-08 | MLM: 1.0956 | CTC: 0.3646
✓ Saved checkpoint to checkpoint_step_325000.t7
Step 325100/1000000 | Loss: 1.4027 | LR: 5.08e-08 | MLM: 1.0076 | CTC: 0.3951
Step 325200/1000000 | Loss: 1.6785 | LR: 5.08e-08 | MLM: 1.2045 | CTC: 0.4740
Step 325300/1000000 | Loss: 1.8035 | LR: 5.08e-08 | MLM: 1.3159 | CTC: 0.4875
Step 325400/1000000 | Loss: 1.2797 | LR: 5.08e-08 | MLM: 0.9601 | CTC: 0.3196
Step 325500/1000000 | Loss: 2.0564 | LR: 5.08e-08 | MLM: 1.4819 | CTC: 0.5745
Step 325600/1000000 | Loss: 1.5360 | LR: 5.09e-08 | MLM: 1.0497 | CTC: 0.4864
Step 325700/1000000 | Loss: 1.0765 | LR: 5.09e-08 | MLM: 0.8083 | CTC: 0.2681
Step 325800/1000000 | Loss: 1.6432 | LR: 5.09e-08 | MLM: 1.2486 | CTC: 0.3946
Step 325900/1000000 | Loss: 1.2630 | LR: 5.09e-08 | MLM: 0.8225 | CTC: 0.4405
Step 326000/1000000 | Loss: 1.1711 | LR: 5.09e-08 | MLM: 0.8148 | CTC: 0.3564
Step 326100/1000000 | Loss: 1.5008 | LR: 5.09e-08 | MLM: 1.0969 | CTC: 0.4039
Step 326200/1000000 | Loss: 1.4137 | LR: 5.10e-08 | MLM: 1.1302 | CTC: 0.2836
Step 326300/1000000 | Loss: 1.7280 | LR: 5.10e-08 | MLM: 1.2733 | CTC: 0.4547
Step 326400/1000000 | Loss: 1.4151 | LR: 5.10e-08 | MLM: 1.0815 | CTC: 0.3337
Step 326500/1000000 | Loss: 0.7106 | LR: 5.10e-08 | MLM: 0.5889 | CTC: 0.1217
Step 326600/1000000 | Loss: 1.1034 | LR: 5.10e-08 | MLM: 0.7984 | CTC: 0.3050
Step 326700/1000000 | Loss: 0.8535 | LR: 5.10e-08 | MLM: 0.6413 | CTC: 0.2122
Step 326800/1000000 | Loss: 0.8741 | LR: 5.11e-08 | MLM: 0.6082 | CTC: 0.2660
Step 326900/1000000 | Loss: 1.5550 | LR: 5.11e-08 | MLM: 1.1458 | CTC: 0.4091
Step 327000/1000000 | Loss: 0.9065 | LR: 5.11e-08 | MLM: 0.6996 | CTC: 0.2068
Step 327100/1000000 | Loss: 1.6422 | LR: 5.11e-08 | MLM: 1.1521 | CTC: 0.4901
Step 327200/1000000 | Loss: 1.7053 | LR: 5.11e-08 | MLM: 1.2127 | CTC: 0.4926
Step 327300/1000000 | Loss: 1.9611 | LR: 5.11e-08 | MLM: 1.4805 | CTC: 0.4806
Step 327400/1000000 | Loss: 2.2189 | LR: 5.11e-08 | MLM: 1.6616 | CTC: 0.5572
Step 327500/1000000 | Loss: 1.6733 | LR: 5.12e-08 | MLM: 1.2302 | CTC: 0.4432
Step 327600/1000000 | Loss: 1.9703 | LR: 5.12e-08 | MLM: 1.4406 | CTC: 0.5297
Step 327700/1000000 | Loss: 2.1495 | LR: 5.12e-08 | MLM: 1.5011 | CTC: 0.6484
Step 327800/1000000 | Loss: 2.1252 | LR: 5.12e-08 | MLM: 1.5809 | CTC: 0.5444
Step 327900/1000000 | Loss: 1.9741 | LR: 5.12e-08 | MLM: 1.4984 | CTC: 0.4757
Step 328000/1000000 | Loss: 1.1370 | LR: 5.12e-08 | MLM: 0.7501 | CTC: 0.3869
Step 328100/1000000 | Loss: 0.7019 | LR: 5.13e-08 | MLM: 0.5437 | CTC: 0.1582
Step 328200/1000000 | Loss: 1.0078 | LR: 5.13e-08 | MLM: 0.7441 | CTC: 0.2637
Step 328300/1000000 | Loss: 1.6430 | LR: 5.13e-08 | MLM: 1.1578 | CTC: 0.4852
Step 328400/1000000 | Loss: 1.6410 | LR: 5.13e-08 | MLM: 1.1394 | CTC: 0.5016
Step 328500/1000000 | Loss: 1.6606 | LR: 5.13e-08 | MLM: 1.3300 | CTC: 0.3306
Step 328600/1000000 | Loss: 1.0070 | LR: 5.13e-08 | MLM: 0.7676 | CTC: 0.2394
Step 328700/1000000 | Loss: 1.0915 | LR: 5.13e-08 | MLM: 0.8621 | CTC: 0.2293
Step 328800/1000000 | Loss: 1.1583 | LR: 5.14e-08 | MLM: 0.8823 | CTC: 0.2761
Step 328900/1000000 | Loss: 0.7831 | LR: 5.14e-08 | MLM: 0.6368 | CTC: 0.1464
Step 329000/1000000 | Loss: 1.6892 | LR: 5.14e-08 | MLM: 1.2758 | CTC: 0.4134
Step 329100/1000000 | Loss: 1.9466 | LR: 5.14e-08 | MLM: 1.4315 | CTC: 0.5151
Step 329200/1000000 | Loss: 1.2091 | LR: 5.14e-08 | MLM: 0.8610 | CTC: 0.3481
Step 329300/1000000 | Loss: 1.0501 | LR: 5.14e-08 | MLM: 0.7967 | CTC: 0.2534
Step 329400/1000000 | Loss: 0.8836 | LR: 5.15e-08 | MLM: 0.6390 | CTC: 0.2446
Step 329500/1000000 | Loss: 1.9221 | LR: 5.15e-08 | MLM: 1.4125 | CTC: 0.5095
Step 329600/1000000 | Loss: 2.0764 | LR: 5.15e-08 | MLM: 1.4992 | CTC: 0.5772
Step 329700/1000000 | Loss: 1.3479 | LR: 5.15e-08 | MLM: 1.0436 | CTC: 0.3043
Step 329800/1000000 | Loss: 0.6328 | LR: 5.15e-08 | MLM: 0.4665 | CTC: 0.1663
Step 329900/1000000 | Loss: 0.6354 | LR: 5.15e-08 | MLM: 0.4814 | CTC: 0.1540
Step 330000/1000000 | Loss: 1.5167 | LR: 5.16e-08 | MLM: 1.2034 | CTC: 0.3133
✓ Saved checkpoint to checkpoint_step_330000.t7
Step 330100/1000000 | Loss: 0.1366 | LR: 5.16e-08 | MLM: 0.1021 | CTC: 0.0345
Step 330200/1000000 | Loss: 1.5054 | LR: 5.16e-08 | MLM: 1.1175 | CTC: 0.3879
Step 330300/1000000 | Loss: 1.0758 | LR: 5.16e-08 | MLM: 0.7883 | CTC: 0.2876
Step 330400/1000000 | Loss: 2.1182 | LR: 5.16e-08 | MLM: 1.5453 | CTC: 0.5729
Step 330500/1000000 | Loss: 0.3723 | LR: 5.16e-08 | MLM: 0.2196 | CTC: 0.1527
Step 330600/1000000 | Loss: 0.8337 | LR: 5.16e-08 | MLM: 0.6217 | CTC: 0.2120
Step 330700/1000000 | Loss: 1.1476 | LR: 5.17e-08 | MLM: 0.8336 | CTC: 0.3140
Step 330800/1000000 | Loss: 0.1034 | LR: 5.17e-08 | MLM: 0.0184 | CTC: 0.0851
Step 330900/1000000 | Loss: 0.9900 | LR: 5.17e-08 | MLM: 0.6766 | CTC: 0.3134
Step 331000/1000000 | Loss: 2.2055 | LR: 5.17e-08 | MLM: 1.6898 | CTC: 0.5157
Step 331100/1000000 | Loss: 1.0751 | LR: 5.17e-08 | MLM: 0.7730 | CTC: 0.3021
Step 331200/1000000 | Loss: 0.2397 | LR: 5.17e-08 | MLM: 0.1622 | CTC: 0.0775
Step 331300/1000000 | Loss: 0.5824 | LR: 5.18e-08 | MLM: 0.3555 | CTC: 0.2268
Step 331400/1000000 | Loss: 1.4814 | LR: 5.18e-08 | MLM: 1.0819 | CTC: 0.3996
Step 331500/1000000 | Loss: 1.5383 | LR: 5.18e-08 | MLM: 1.1527 | CTC: 0.3856
Step 331600/1000000 | Loss: 1.1337 | LR: 5.18e-08 | MLM: 0.7714 | CTC: 0.3624
Step 331700/1000000 | Loss: 1.8155 | LR: 5.18e-08 | MLM: 1.3715 | CTC: 0.4440
Step 331800/1000000 | Loss: 0.8523 | LR: 5.18e-08 | MLM: 0.6515 | CTC: 0.2008
Step 331900/1000000 | Loss: 1.5409 | LR: 5.18e-08 | MLM: 1.1179 | CTC: 0.4230
Step 332000/1000000 | Loss: 0.7270 | LR: 5.19e-08 | MLM: 0.4615 | CTC: 0.2655
Step 332100/1000000 | Loss: 1.0593 | LR: 5.19e-08 | MLM: 0.7817 | CTC: 0.2776
Step 332200/1000000 | Loss: 1.5838 | LR: 5.19e-08 | MLM: 1.1731 | CTC: 0.4107
Step 332300/1000000 | Loss: 0.9561 | LR: 5.19e-08 | MLM: 0.7418 | CTC: 0.2144
Step 332400/1000000 | Loss: 0.5941 | LR: 5.19e-08 | MLM: 0.4211 | CTC: 0.1731
Step 332500/1000000 | Loss: 1.1009 | LR: 5.19e-08 | MLM: 0.8104 | CTC: 0.2904
Step 332600/1000000 | Loss: 1.4674 | LR: 5.20e-08 | MLM: 1.1130 | CTC: 0.3544
Step 332700/1000000 | Loss: 0.5891 | LR: 5.20e-08 | MLM: 0.4359 | CTC: 0.1532
Step 332800/1000000 | Loss: 1.9240 | LR: 5.20e-08 | MLM: 1.4429 | CTC: 0.4811
Step 332900/1000000 | Loss: 0.9961 | LR: 5.20e-08 | MLM: 0.7407 | CTC: 0.2554
Step 333000/1000000 | Loss: 1.0265 | LR: 5.20e-08 | MLM: 0.7862 | CTC: 0.2403
Step 333100/1000000 | Loss: 1.5137 | LR: 5.20e-08 | MLM: 1.2051 | CTC: 0.3086
Step 333200/1000000 | Loss: 1.6795 | LR: 5.21e-08 | MLM: 1.2320 | CTC: 0.4475
Step 333300/1000000 | Loss: 1.3793 | LR: 5.21e-08 | MLM: 1.0061 | CTC: 0.3733
Step 333400/1000000 | Loss: 1.2791 | LR: 5.21e-08 | MLM: 0.9695 | CTC: 0.3096
Step 333500/1000000 | Loss: 1.2193 | LR: 5.21e-08 | MLM: 0.8811 | CTC: 0.3382
Step 333600/1000000 | Loss: 0.9610 | LR: 5.21e-08 | MLM: 0.6878 | CTC: 0.2732
Step 333700/1000000 | Loss: 1.4799 | LR: 5.21e-08 | MLM: 1.1194 | CTC: 0.3605
Step 333800/1000000 | Loss: 1.7775 | LR: 5.21e-08 | MLM: 1.3872 | CTC: 0.3903
Step 333900/1000000 | Loss: 0.5506 | LR: 5.22e-08 | MLM: 0.3928 | CTC: 0.1578
Step 334000/1000000 | Loss: 1.0797 | LR: 5.22e-08 | MLM: 0.8086 | CTC: 0.2711
Step 334100/1000000 | Loss: 1.1045 | LR: 5.22e-08 | MLM: 0.7866 | CTC: 0.3180
Step 334200/1000000 | Loss: 1.3004 | LR: 5.22e-08 | MLM: 0.8865 | CTC: 0.4140
Step 334300/1000000 | Loss: 1.2139 | LR: 5.22e-08 | MLM: 0.8613 | CTC: 0.3526
Step 334400/1000000 | Loss: 1.2105 | LR: 5.22e-08 | MLM: 0.9156 | CTC: 0.2949
Step 334500/1000000 | Loss: 2.1911 | LR: 5.23e-08 | MLM: 1.3784 | CTC: 0.8127
Step 334600/1000000 | Loss: 1.5378 | LR: 5.23e-08 | MLM: 1.0958 | CTC: 0.4420
Step 334700/1000000 | Loss: 1.8721 | LR: 5.23e-08 | MLM: 1.3426 | CTC: 0.5295
Step 334800/1000000 | Loss: 1.4844 | LR: 5.23e-08 | MLM: 1.0912 | CTC: 0.3932
Step 334900/1000000 | Loss: 2.0151 | LR: 5.23e-08 | MLM: 1.5435 | CTC: 0.4717
Step 335000/1000000 | Loss: 1.8710 | LR: 5.23e-08 | MLM: 1.4398 | CTC: 0.4312
✓ Saved checkpoint to checkpoint_step_335000.t7
Step 335100/1000000 | Loss: 0.8251 | LR: 5.23e-08 | MLM: 0.5857 | CTC: 0.2394
Step 335200/1000000 | Loss: 0.9507 | LR: 5.24e-08 | MLM: 0.6888 | CTC: 0.2620
Step 335300/1000000 | Loss: 0.8024 | LR: 5.24e-08 | MLM: 0.6211 | CTC: 0.1812
Step 335400/1000000 | Loss: 1.5679 | LR: 5.24e-08 | MLM: 1.1904 | CTC: 0.3775
Step 335500/1000000 | Loss: 1.1030 | LR: 5.24e-08 | MLM: 0.8945 | CTC: 0.2085
Step 335600/1000000 | Loss: 1.3416 | LR: 5.24e-08 | MLM: 0.9240 | CTC: 0.4176
Step 335700/1000000 | Loss: 1.2684 | LR: 5.24e-08 | MLM: 0.9695 | CTC: 0.2989
Step 335800/1000000 | Loss: 1.8800 | LR: 5.25e-08 | MLM: 1.4509 | CTC: 0.4291
Step 335900/1000000 | Loss: 1.3677 | LR: 5.25e-08 | MLM: 0.9700 | CTC: 0.3977
Step 336000/1000000 | Loss: 2.1616 | LR: 5.25e-08 | MLM: 1.6191 | CTC: 0.5425
Step 336100/1000000 | Loss: 0.2346 | LR: 5.25e-08 | MLM: 0.1370 | CTC: 0.0975
Step 336200/1000000 | Loss: 0.6082 | LR: 5.25e-08 | MLM: 0.4315 | CTC: 0.1767
Step 336300/1000000 | Loss: 1.7351 | LR: 5.25e-08 | MLM: 1.2464 | CTC: 0.4887
Step 336400/1000000 | Loss: 1.2603 | LR: 5.26e-08 | MLM: 1.0086 | CTC: 0.2517
Step 336500/1000000 | Loss: 1.3708 | LR: 5.26e-08 | MLM: 1.0183 | CTC: 0.3525
Step 336600/1000000 | Loss: 1.4180 | LR: 5.26e-08 | MLM: 1.0536 | CTC: 0.3644
Step 336700/1000000 | Loss: 1.0057 | LR: 5.26e-08 | MLM: 0.7120 | CTC: 0.2937
Step 336800/1000000 | Loss: 0.7057 | LR: 5.26e-08 | MLM: 0.4990 | CTC: 0.2067
Step 336900/1000000 | Loss: 1.6543 | LR: 5.26e-08 | MLM: 1.2122 | CTC: 0.4421
Step 337000/1000000 | Loss: 1.4633 | LR: 5.26e-08 | MLM: 1.0967 | CTC: 0.3665
Step 337100/1000000 | Loss: 1.0248 | LR: 5.27e-08 | MLM: 0.7963 | CTC: 0.2284
Step 337200/1000000 | Loss: 1.0980 | LR: 5.27e-08 | MLM: 0.8042 | CTC: 0.2937
Step 337300/1000000 | Loss: 1.4554 | LR: 5.27e-08 | MLM: 0.9895 | CTC: 0.4659
Step 337400/1000000 | Loss: 1.5628 | LR: 5.27e-08 | MLM: 1.2208 | CTC: 0.3419
Step 337500/1000000 | Loss: 1.4100 | LR: 5.27e-08 | MLM: 1.1128 | CTC: 0.2971
Step 337600/1000000 | Loss: 1.7542 | LR: 5.27e-08 | MLM: 1.3259 | CTC: 0.4283
Step 337700/1000000 | Loss: 1.6994 | LR: 5.28e-08 | MLM: 1.2884 | CTC: 0.4109
Step 337800/1000000 | Loss: 1.4401 | LR: 5.28e-08 | MLM: 1.0528 | CTC: 0.3873
Step 337900/1000000 | Loss: 1.1850 | LR: 5.28e-08 | MLM: 0.8336 | CTC: 0.3514
Step 338000/1000000 | Loss: 1.7726 | LR: 5.28e-08 | MLM: 1.2503 | CTC: 0.5224
Step 338100/1000000 | Loss: 2.0555 | LR: 5.28e-08 | MLM: 1.5451 | CTC: 0.5104
Step 338200/1000000 | Loss: 1.9146 | LR: 5.28e-08 | MLM: 1.4354 | CTC: 0.4792
Step 338300/1000000 | Loss: 2.5368 | LR: 5.28e-08 | MLM: 1.6898 | CTC: 0.8470
Step 338400/1000000 | Loss: 1.6236 | LR: 5.29e-08 | MLM: 1.1866 | CTC: 0.4370
Step 338500/1000000 | Loss: 0.5549 | LR: 5.29e-08 | MLM: 0.3865 | CTC: 0.1683
Step 338600/1000000 | Loss: 1.5344 | LR: 5.29e-08 | MLM: 1.1507 | CTC: 0.3837
Step 338700/1000000 | Loss: 2.0262 | LR: 5.29e-08 | MLM: 1.4811 | CTC: 0.5450
Step 338800/1000000 | Loss: 1.8116 | LR: 5.29e-08 | MLM: 1.3546 | CTC: 0.4570
Step 338900/1000000 | Loss: 1.5994 | LR: 5.29e-08 | MLM: 1.1926 | CTC: 0.4068
Step 339000/1000000 | Loss: 2.1211 | LR: 5.30e-08 | MLM: 1.4545 | CTC: 0.6665
Step 339100/1000000 | Loss: 1.1523 | LR: 5.30e-08 | MLM: 0.8108 | CTC: 0.3415
Step 339200/1000000 | Loss: 2.0300 | LR: 5.30e-08 | MLM: 1.5082 | CTC: 0.5217
Step 339300/1000000 | Loss: 1.1121 | LR: 5.30e-08 | MLM: 0.8652 | CTC: 0.2468
Step 339400/1000000 | Loss: 1.8052 | LR: 5.30e-08 | MLM: 1.4040 | CTC: 0.4012
Step 339500/1000000 | Loss: 1.2030 | LR: 5.30e-08 | MLM: 1.0184 | CTC: 0.1846
Step 339600/1000000 | Loss: 2.0681 | LR: 5.31e-08 | MLM: 1.5667 | CTC: 0.5014
Step 339700/1000000 | Loss: 1.3795 | LR: 5.31e-08 | MLM: 0.9825 | CTC: 0.3970
Step 339800/1000000 | Loss: 0.9258 | LR: 5.31e-08 | MLM: 0.6245 | CTC: 0.3013
Step 339900/1000000 | Loss: 1.4084 | LR: 5.31e-08 | MLM: 1.0878 | CTC: 0.3207
Step 340000/1000000 | Loss: 2.2690 | LR: 5.31e-08 | MLM: 1.4611 | CTC: 0.8078
✓ Saved checkpoint to checkpoint_step_340000.t7
Step 340100/1000000 | Loss: 1.0835 | LR: 5.31e-08 | MLM: 0.8141 | CTC: 0.2695
Step 340200/1000000 | Loss: 1.0560 | LR: 5.31e-08 | MLM: 0.7301 | CTC: 0.3259
Step 340300/1000000 | Loss: 2.1887 | LR: 5.32e-08 | MLM: 1.6507 | CTC: 0.5380
Step 340400/1000000 | Loss: 0.5908 | LR: 5.32e-08 | MLM: 0.3564 | CTC: 0.2344
Step 340500/1000000 | Loss: 0.9626 | LR: 5.32e-08 | MLM: 0.6445 | CTC: 0.3180
Step 340600/1000000 | Loss: 2.0571 | LR: 5.32e-08 | MLM: 1.4999 | CTC: 0.5571
Step 340700/1000000 | Loss: 1.2907 | LR: 5.32e-08 | MLM: 0.9290 | CTC: 0.3617
Step 340800/1000000 | Loss: 1.0845 | LR: 5.32e-08 | MLM: 0.8400 | CTC: 0.2445
Step 340900/1000000 | Loss: 1.5606 | LR: 5.33e-08 | MLM: 1.1124 | CTC: 0.4483
Step 341000/1000000 | Loss: 1.9739 | LR: 5.33e-08 | MLM: 1.5449 | CTC: 0.4290
Step 341100/1000000 | Loss: 1.3374 | LR: 5.33e-08 | MLM: 0.9964 | CTC: 0.3409
Step 341200/1000000 | Loss: 0.9451 | LR: 5.33e-08 | MLM: 0.7881 | CTC: 0.1570
Step 341300/1000000 | Loss: 1.9649 | LR: 5.33e-08 | MLM: 1.3921 | CTC: 0.5728
Step 341400/1000000 | Loss: 1.2604 | LR: 5.33e-08 | MLM: 0.9729 | CTC: 0.2875
Step 341500/1000000 | Loss: 1.2137 | LR: 5.33e-08 | MLM: 0.8786 | CTC: 0.3351
Step 341600/1000000 | Loss: 1.1035 | LR: 5.34e-08 | MLM: 0.7295 | CTC: 0.3740
Step 341700/1000000 | Loss: 1.2608 | LR: 5.34e-08 | MLM: 0.9019 | CTC: 0.3589
Step 341800/1000000 | Loss: 1.5749 | LR: 5.34e-08 | MLM: 1.2686 | CTC: 0.3063
Step 341900/1000000 | Loss: 1.8512 | LR: 5.34e-08 | MLM: 1.4119 | CTC: 0.4393
Step 342000/1000000 | Loss: 1.3331 | LR: 5.34e-08 | MLM: 0.9611 | CTC: 0.3719
Step 342100/1000000 | Loss: 1.8205 | LR: 5.34e-08 | MLM: 1.3410 | CTC: 0.4795
Step 342200/1000000 | Loss: 1.2312 | LR: 5.35e-08 | MLM: 0.9228 | CTC: 0.3084
Step 342300/1000000 | Loss: 0.5955 | LR: 5.35e-08 | MLM: 0.3474 | CTC: 0.2481
Step 342400/1000000 | Loss: 1.1611 | LR: 5.35e-08 | MLM: 0.8473 | CTC: 0.3138
Step 342500/1000000 | Loss: 1.7288 | LR: 5.35e-08 | MLM: 1.3672 | CTC: 0.3617
Step 342600/1000000 | Loss: 1.5817 | LR: 5.35e-08 | MLM: 1.1700 | CTC: 0.4117
Step 342700/1000000 | Loss: 0.9405 | LR: 5.35e-08 | MLM: 0.7822 | CTC: 0.1583
Step 342800/1000000 | Loss: 1.1083 | LR: 5.36e-08 | MLM: 0.8926 | CTC: 0.2156
Step 342900/1000000 | Loss: 0.5933 | LR: 5.36e-08 | MLM: 0.3673 | CTC: 0.2259
Step 343000/1000000 | Loss: 0.9485 | LR: 5.36e-08 | MLM: 0.6486 | CTC: 0.2999
Step 343100/1000000 | Loss: 1.5339 | LR: 5.36e-08 | MLM: 1.0290 | CTC: 0.5049
Step 343200/1000000 | Loss: 1.0385 | LR: 5.36e-08 | MLM: 0.7965 | CTC: 0.2421
Step 343300/1000000 | Loss: 1.9102 | LR: 5.36e-08 | MLM: 1.4009 | CTC: 0.5093
Step 343400/1000000 | Loss: 1.4511 | LR: 5.36e-08 | MLM: 1.0201 | CTC: 0.4310
Step 343500/1000000 | Loss: 1.2994 | LR: 5.37e-08 | MLM: 0.9074 | CTC: 0.3920
Step 343600/1000000 | Loss: 2.2745 | LR: 5.37e-08 | MLM: 1.6260 | CTC: 0.6485
Step 343700/1000000 | Loss: 1.7051 | LR: 5.37e-08 | MLM: 1.1706 | CTC: 0.5345
Step 343800/1000000 | Loss: 1.0554 | LR: 5.37e-08 | MLM: 0.7638 | CTC: 0.2916
Step 343900/1000000 | Loss: 0.8883 | LR: 5.37e-08 | MLM: 0.6153 | CTC: 0.2730
Step 344000/1000000 | Loss: 0.9781 | LR: 5.37e-08 | MLM: 0.6661 | CTC: 0.3120
Step 344100/1000000 | Loss: 0.9737 | LR: 5.38e-08 | MLM: 0.5920 | CTC: 0.3818
Step 344200/1000000 | Loss: 1.1883 | LR: 5.38e-08 | MLM: 0.9388 | CTC: 0.2495
Step 344300/1000000 | Loss: 0.3039 | LR: 5.38e-08 | MLM: 0.1539 | CTC: 0.1500
Step 344400/1000000 | Loss: 1.4589 | LR: 5.38e-08 | MLM: 1.0352 | CTC: 0.4237
Step 344500/1000000 | Loss: 0.7851 | LR: 5.38e-08 | MLM: 0.5916 | CTC: 0.1934
Step 344600/1000000 | Loss: 1.0303 | LR: 5.38e-08 | MLM: 0.8765 | CTC: 0.1538
Step 344700/1000000 | Loss: 1.4996 | LR: 5.38e-08 | MLM: 1.1698 | CTC: 0.3298
Step 344800/1000000 | Loss: 0.9637 | LR: 5.39e-08 | MLM: 0.7515 | CTC: 0.2122
Step 344900/1000000 | Loss: 2.3592 | LR: 5.39e-08 | MLM: 1.7890 | CTC: 0.5702
Step 345000/1000000 | Loss: 2.2700 | LR: 5.39e-08 | MLM: 1.6004 | CTC: 0.6695
✓ Saved checkpoint to checkpoint_step_345000.t7
Step 345100/1000000 | Loss: 1.1861 | LR: 5.39e-08 | MLM: 0.8313 | CTC: 0.3548
Step 345200/1000000 | Loss: 1.5226 | LR: 5.39e-08 | MLM: 1.1306 | CTC: 0.3920
Step 345300/1000000 | Loss: 1.9665 | LR: 5.39e-08 | MLM: 1.4204 | CTC: 0.5462
Step 345400/1000000 | Loss: 1.2975 | LR: 5.40e-08 | MLM: 0.9279 | CTC: 0.3696
Step 345500/1000000 | Loss: 1.2081 | LR: 5.40e-08 | MLM: 0.9415 | CTC: 0.2666
Step 345600/1000000 | Loss: 1.3670 | LR: 5.40e-08 | MLM: 1.0018 | CTC: 0.3652
Step 345700/1000000 | Loss: 1.5204 | LR: 5.40e-08 | MLM: 1.1610 | CTC: 0.3594
Step 345800/1000000 | Loss: 2.1195 | LR: 5.40e-08 | MLM: 1.6344 | CTC: 0.4851
Step 345900/1000000 | Loss: 1.9009 | LR: 5.40e-08 | MLM: 1.4227 | CTC: 0.4782
Step 346000/1000000 | Loss: 1.0985 | LR: 5.41e-08 | MLM: 0.7906 | CTC: 0.3079
Step 346100/1000000 | Loss: 0.8139 | LR: 5.41e-08 | MLM: 0.5902 | CTC: 0.2236
Step 346200/1000000 | Loss: 1.9120 | LR: 5.41e-08 | MLM: 1.4893 | CTC: 0.4227
Step 346300/1000000 | Loss: 1.2467 | LR: 5.41e-08 | MLM: 0.8658 | CTC: 0.3809
Step 346400/1000000 | Loss: 1.1784 | LR: 5.41e-08 | MLM: 0.8238 | CTC: 0.3546
Step 346500/1000000 | Loss: 1.0952 | LR: 5.41e-08 | MLM: 0.7883 | CTC: 0.3069
Step 346600/1000000 | Loss: 1.6649 | LR: 5.41e-08 | MLM: 1.1141 | CTC: 0.5508
Step 346700/1000000 | Loss: 1.3495 | LR: 5.42e-08 | MLM: 1.0415 | CTC: 0.3079
Step 346800/1000000 | Loss: 0.8664 | LR: 5.42e-08 | MLM: 0.6104 | CTC: 0.2560
Step 346900/1000000 | Loss: 1.1967 | LR: 5.42e-08 | MLM: 0.8949 | CTC: 0.3019
Step 347000/1000000 | Loss: 0.7472 | LR: 5.42e-08 | MLM: 0.5835 | CTC: 0.1637
Step 347100/1000000 | Loss: 0.7734 | LR: 5.42e-08 | MLM: 0.4960 | CTC: 0.2775
Step 347200/1000000 | Loss: 1.4358 | LR: 5.42e-08 | MLM: 1.0637 | CTC: 0.3721
Step 347300/1000000 | Loss: 0.6480 | LR: 5.43e-08 | MLM: 0.4584 | CTC: 0.1896
Step 347400/1000000 | Loss: 1.5203 | LR: 5.43e-08 | MLM: 1.0857 | CTC: 0.4346
Step 347500/1000000 | Loss: 0.6226 | LR: 5.43e-08 | MLM: 0.4378 | CTC: 0.1848
Step 347600/1000000 | Loss: 1.5720 | LR: 5.43e-08 | MLM: 1.1956 | CTC: 0.3764
Step 347700/1000000 | Loss: 0.6780 | LR: 5.43e-08 | MLM: 0.4615 | CTC: 0.2165
Step 347800/1000000 | Loss: 2.3177 | LR: 5.43e-08 | MLM: 1.6645 | CTC: 0.6532
Step 347900/1000000 | Loss: 1.4467 | LR: 5.43e-08 | MLM: 1.0524 | CTC: 0.3943
Step 348000/1000000 | Loss: 1.9128 | LR: 5.44e-08 | MLM: 1.4108 | CTC: 0.5020
Step 348100/1000000 | Loss: 1.7029 | LR: 5.44e-08 | MLM: 1.3359 | CTC: 0.3670
Step 348200/1000000 | Loss: 1.4853 | LR: 5.44e-08 | MLM: 1.1984 | CTC: 0.2869
Step 348300/1000000 | Loss: 1.8506 | LR: 5.44e-08 | MLM: 1.3672 | CTC: 0.4834
Step 348400/1000000 | Loss: 1.8286 | LR: 5.44e-08 | MLM: 1.3229 | CTC: 0.5057
Step 348500/1000000 | Loss: 1.5858 | LR: 5.44e-08 | MLM: 1.2318 | CTC: 0.3540
Step 348600/1000000 | Loss: 1.4625 | LR: 5.45e-08 | MLM: 1.1125 | CTC: 0.3501
Step 348700/1000000 | Loss: 1.8326 | LR: 5.45e-08 | MLM: 1.3668 | CTC: 0.4658
Step 348800/1000000 | Loss: 0.9941 | LR: 5.45e-08 | MLM: 0.7147 | CTC: 0.2793
Step 348900/1000000 | Loss: 1.1042 | LR: 5.45e-08 | MLM: 0.8661 | CTC: 0.2381
Step 349000/1000000 | Loss: 1.3594 | LR: 5.45e-08 | MLM: 0.9623 | CTC: 0.3971
Step 349100/1000000 | Loss: 2.2449 | LR: 5.45e-08 | MLM: 1.6324 | CTC: 0.6125
Step 349200/1000000 | Loss: 0.5347 | LR: 5.46e-08 | MLM: 0.4039 | CTC: 0.1309
Step 349300/1000000 | Loss: 1.4281 | LR: 5.46e-08 | MLM: 1.1168 | CTC: 0.3113
Step 349400/1000000 | Loss: 0.9923 | LR: 5.46e-08 | MLM: 0.7682 | CTC: 0.2241
Step 349500/1000000 | Loss: 1.8145 | LR: 5.46e-08 | MLM: 1.2987 | CTC: 0.5158
Step 349600/1000000 | Loss: 1.0343 | LR: 5.46e-08 | MLM: 0.8384 | CTC: 0.1958
Step 349700/1000000 | Loss: 2.2013 | LR: 5.46e-08 | MLM: 1.7524 | CTC: 0.4490
Step 349800/1000000 | Loss: 1.0503 | LR: 5.46e-08 | MLM: 0.8015 | CTC: 0.2489
Step 349900/1000000 | Loss: 1.3066 | LR: 5.47e-08 | MLM: 0.9995 | CTC: 0.3071
Step 350000/1000000 | Loss: 0.8771 | LR: 5.47e-08 | MLM: 0.4770 | CTC: 0.4001
✓ Saved checkpoint to checkpoint_step_350000.t7
Step 350100/1000000 | Loss: 0.3921 | LR: 5.47e-08 | MLM: 0.2866 | CTC: 0.1055
Step 350200/1000000 | Loss: 1.3049 | LR: 5.47e-08 | MLM: 0.9612 | CTC: 0.3437
Step 350300/1000000 | Loss: 2.5209 | LR: 5.47e-08 | MLM: 1.8325 | CTC: 0.6884
Step 350400/1000000 | Loss: 2.0703 | LR: 5.47e-08 | MLM: 1.4615 | CTC: 0.6088
Step 350500/1000000 | Loss: 1.6726 | LR: 5.48e-08 | MLM: 1.1177 | CTC: 0.5549
Step 350600/1000000 | Loss: 1.7879 | LR: 5.48e-08 | MLM: 1.3153 | CTC: 0.4726
Step 350700/1000000 | Loss: 0.8306 | LR: 5.48e-08 | MLM: 0.6205 | CTC: 0.2101
Step 350800/1000000 | Loss: 1.0581 | LR: 5.48e-08 | MLM: 0.8099 | CTC: 0.2482
Step 350900/1000000 | Loss: 1.4756 | LR: 5.48e-08 | MLM: 1.1095 | CTC: 0.3661
Step 351000/1000000 | Loss: 1.7556 | LR: 5.48e-08 | MLM: 1.2620 | CTC: 0.4936
Step 351100/1000000 | Loss: 0.9898 | LR: 5.48e-08 | MLM: 0.6597 | CTC: 0.3302
Step 351200/1000000 | Loss: 1.7199 | LR: 5.49e-08 | MLM: 1.2133 | CTC: 0.5066
Step 351300/1000000 | Loss: 2.0264 | LR: 5.49e-08 | MLM: 1.4854 | CTC: 0.5410
Step 351400/1000000 | Loss: 0.8549 | LR: 5.49e-08 | MLM: 0.6434 | CTC: 0.2116
Step 351500/1000000 | Loss: 1.8028 | LR: 5.49e-08 | MLM: 1.3698 | CTC: 0.4330
Step 351600/1000000 | Loss: 0.9793 | LR: 5.49e-08 | MLM: 0.7197 | CTC: 0.2597
Step 351700/1000000 | Loss: 1.2801 | LR: 5.49e-08 | MLM: 0.9460 | CTC: 0.3341
Step 351800/1000000 | Loss: 1.3547 | LR: 5.50e-08 | MLM: 1.0817 | CTC: 0.2731
Step 351900/1000000 | Loss: 1.8486 | LR: 5.50e-08 | MLM: 1.4099 | CTC: 0.4388
Step 352000/1000000 | Loss: 1.9971 | LR: 5.50e-08 | MLM: 1.4413 | CTC: 0.5558
Step 352100/1000000 | Loss: 1.0340 | LR: 5.50e-08 | MLM: 0.7157 | CTC: 0.3183
Step 352200/1000000 | Loss: 1.1389 | LR: 5.50e-08 | MLM: 0.8019 | CTC: 0.3370
Step 352300/1000000 | Loss: 2.0437 | LR: 5.50e-08 | MLM: 1.6133 | CTC: 0.4304
Step 352400/1000000 | Loss: 0.8759 | LR: 5.51e-08 | MLM: 0.6883 | CTC: 0.1876
Step 352500/1000000 | Loss: 1.8642 | LR: 5.51e-08 | MLM: 1.4698 | CTC: 0.3944
Step 352600/1000000 | Loss: 1.5197 | LR: 5.51e-08 | MLM: 1.1454 | CTC: 0.3742
Step 352700/1000000 | Loss: 0.9849 | LR: 5.51e-08 | MLM: 0.7897 | CTC: 0.1951
Step 352800/1000000 | Loss: 1.4005 | LR: 5.51e-08 | MLM: 1.0730 | CTC: 0.3276
Step 352900/1000000 | Loss: 1.7261 | LR: 5.51e-08 | MLM: 1.2856 | CTC: 0.4405
Step 353000/1000000 | Loss: 1.7489 | LR: 5.51e-08 | MLM: 1.2686 | CTC: 0.4802
Step 353100/1000000 | Loss: 1.3815 | LR: 5.52e-08 | MLM: 1.0224 | CTC: 0.3591
Step 353200/1000000 | Loss: 0.7389 | LR: 5.52e-08 | MLM: 0.5298 | CTC: 0.2092
Step 353300/1000000 | Loss: 1.4319 | LR: 5.52e-08 | MLM: 1.0463 | CTC: 0.3856
Step 353400/1000000 | Loss: 1.4278 | LR: 5.52e-08 | MLM: 1.1033 | CTC: 0.3245
Step 353500/1000000 | Loss: 2.3038 | LR: 5.52e-08 | MLM: 1.6678 | CTC: 0.6359
Step 353600/1000000 | Loss: 0.9726 | LR: 5.52e-08 | MLM: 0.7712 | CTC: 0.2015
Step 353700/1000000 | Loss: 0.3059 | LR: 5.53e-08 | MLM: 0.1967 | CTC: 0.1092
Step 353800/1000000 | Loss: 1.3204 | LR: 5.53e-08 | MLM: 0.9179 | CTC: 0.4025
Step 353900/1000000 | Loss: 1.2343 | LR: 5.53e-08 | MLM: 0.8556 | CTC: 0.3786
Step 354000/1000000 | Loss: 2.1012 | LR: 5.53e-08 | MLM: 1.6117 | CTC: 0.4895
Step 354100/1000000 | Loss: 1.5092 | LR: 5.53e-08 | MLM: 1.1705 | CTC: 0.3387
Step 354200/1000000 | Loss: 1.2262 | LR: 5.53e-08 | MLM: 0.8630 | CTC: 0.3632
Step 354300/1000000 | Loss: 0.1838 | LR: 5.53e-08 | MLM: 0.0944 | CTC: 0.0893
Step 354400/1000000 | Loss: 1.5359 | LR: 5.54e-08 | MLM: 0.9925 | CTC: 0.5433
Step 354500/1000000 | Loss: 0.9240 | LR: 5.54e-08 | MLM: 0.6321 | CTC: 0.2919
Step 354600/1000000 | Loss: 1.9278 | LR: 5.54e-08 | MLM: 1.3428 | CTC: 0.5849
Step 354700/1000000 | Loss: 1.1665 | LR: 5.54e-08 | MLM: 0.8938 | CTC: 0.2728
Step 354800/1000000 | Loss: 1.4212 | LR: 5.54e-08 | MLM: 1.0485 | CTC: 0.3727
Step 354900/1000000 | Loss: 1.5764 | LR: 5.54e-08 | MLM: 1.1828 | CTC: 0.3936
Step 355000/1000000 | Loss: 1.2687 | LR: 5.55e-08 | MLM: 0.9400 | CTC: 0.3287
✓ Saved checkpoint to checkpoint_step_355000.t7
Step 355100/1000000 | Loss: 0.3522 | LR: 5.55e-08 | MLM: 0.2414 | CTC: 0.1108
Step 355200/1000000 | Loss: 0.7835 | LR: 5.55e-08 | MLM: 0.5775 | CTC: 0.2060
Step 355300/1000000 | Loss: 1.4191 | LR: 5.55e-08 | MLM: 1.0160 | CTC: 0.4031
Step 355400/1000000 | Loss: 1.7138 | LR: 5.55e-08 | MLM: 1.2690 | CTC: 0.4447
Step 355500/1000000 | Loss: 1.0876 | LR: 5.55e-08 | MLM: 0.8593 | CTC: 0.2283
Step 355600/1000000 | Loss: 1.3700 | LR: 5.56e-08 | MLM: 1.0145 | CTC: 0.3555
Step 355700/1000000 | Loss: 1.5854 | LR: 5.56e-08 | MLM: 1.3209 | CTC: 0.2644
Step 355800/1000000 | Loss: 2.2318 | LR: 5.56e-08 | MLM: 1.6581 | CTC: 0.5736
Step 355900/1000000 | Loss: 1.8722 | LR: 5.56e-08 | MLM: 1.2982 | CTC: 0.5740
Step 356000/1000000 | Loss: 0.7326 | LR: 5.56e-08 | MLM: 0.4903 | CTC: 0.2422
Step 356100/1000000 | Loss: 1.5279 | LR: 5.56e-08 | MLM: 1.0596 | CTC: 0.4683
Step 356200/1000000 | Loss: 1.3364 | LR: 5.56e-08 | MLM: 1.0314 | CTC: 0.3051
Step 356300/1000000 | Loss: 1.8386 | LR: 5.57e-08 | MLM: 1.3701 | CTC: 0.4684
Step 356400/1000000 | Loss: 1.2833 | LR: 5.57e-08 | MLM: 0.9831 | CTC: 0.3002
Step 356500/1000000 | Loss: 0.6719 | LR: 5.57e-08 | MLM: 0.5312 | CTC: 0.1407
Step 356600/1000000 | Loss: 1.4567 | LR: 5.57e-08 | MLM: 1.0466 | CTC: 0.4101
Step 356700/1000000 | Loss: 1.0729 | LR: 5.57e-08 | MLM: 0.7839 | CTC: 0.2890
Step 356800/1000000 | Loss: 2.4131 | LR: 5.57e-08 | MLM: 1.6432 | CTC: 0.7699
Step 356900/1000000 | Loss: 1.0847 | LR: 5.58e-08 | MLM: 0.7701 | CTC: 0.3147
Step 357000/1000000 | Loss: 0.7256 | LR: 5.58e-08 | MLM: 0.4870 | CTC: 0.2386
Step 357100/1000000 | Loss: 1.7437 | LR: 5.58e-08 | MLM: 1.2675 | CTC: 0.4762
Step 357200/1000000 | Loss: 1.8452 | LR: 5.58e-08 | MLM: 1.4263 | CTC: 0.4188
Step 357300/1000000 | Loss: 0.9159 | LR: 5.58e-08 | MLM: 0.5757 | CTC: 0.3401
Step 357400/1000000 | Loss: 0.9036 | LR: 5.58e-08 | MLM: 0.6142 | CTC: 0.2894
Step 357500/1000000 | Loss: 1.1935 | LR: 5.58e-08 | MLM: 0.8739 | CTC: 0.3196
Step 357600/1000000 | Loss: 1.9854 | LR: 5.59e-08 | MLM: 1.4233 | CTC: 0.5621
Step 357700/1000000 | Loss: 1.1705 | LR: 5.59e-08 | MLM: 0.8440 | CTC: 0.3265
Step 357800/1000000 | Loss: 1.1908 | LR: 5.59e-08 | MLM: 0.9096 | CTC: 0.2812
Step 357900/1000000 | Loss: 1.4369 | LR: 5.59e-08 | MLM: 1.0905 | CTC: 0.3464
Step 358000/1000000 | Loss: 1.0291 | LR: 5.59e-08 | MLM: 0.7854 | CTC: 0.2437
Step 358100/1000000 | Loss: 1.2603 | LR: 5.59e-08 | MLM: 0.9181 | CTC: 0.3422
Step 358200/1000000 | Loss: 1.6623 | LR: 5.60e-08 | MLM: 1.1631 | CTC: 0.4992
Step 358300/1000000 | Loss: 2.4688 | LR: 5.60e-08 | MLM: 1.7559 | CTC: 0.7129
Step 358400/1000000 | Loss: 1.8443 | LR: 5.60e-08 | MLM: 1.3812 | CTC: 0.4631
Step 358500/1000000 | Loss: 1.5289 | LR: 5.60e-08 | MLM: 1.1478 | CTC: 0.3811
Step 358600/1000000 | Loss: 1.4989 | LR: 5.60e-08 | MLM: 1.0987 | CTC: 0.4003
Step 358700/1000000 | Loss: 1.3767 | LR: 5.60e-08 | MLM: 0.9905 | CTC: 0.3861
Step 358800/1000000 | Loss: 0.7567 | LR: 5.61e-08 | MLM: 0.5046 | CTC: 0.2521
Step 358900/1000000 | Loss: 1.9041 | LR: 5.61e-08 | MLM: 1.4353 | CTC: 0.4688
Step 359000/1000000 | Loss: 0.9474 | LR: 5.61e-08 | MLM: 0.7256 | CTC: 0.2218
Step 359100/1000000 | Loss: 0.9950 | LR: 5.61e-08 | MLM: 0.7384 | CTC: 0.2567
Step 359200/1000000 | Loss: 0.8920 | LR: 5.61e-08 | MLM: 0.5978 | CTC: 0.2942
Step 359300/1000000 | Loss: 1.5016 | LR: 5.61e-08 | MLM: 1.0985 | CTC: 0.4031
Step 359400/1000000 | Loss: 1.3343 | LR: 5.61e-08 | MLM: 0.9587 | CTC: 0.3756
Step 359500/1000000 | Loss: 0.9967 | LR: 5.62e-08 | MLM: 0.6741 | CTC: 0.3226
Step 359600/1000000 | Loss: 1.0443 | LR: 5.62e-08 | MLM: 0.7865 | CTC: 0.2578
Step 359700/1000000 | Loss: 1.0292 | LR: 5.62e-08 | MLM: 0.6875 | CTC: 0.3418
Step 359800/1000000 | Loss: 1.4009 | LR: 5.62e-08 | MLM: 0.9829 | CTC: 0.4179
Step 359900/1000000 | Loss: 1.3638 | LR: 5.62e-08 | MLM: 1.0823 | CTC: 0.2815
Step 360000/1000000 | Loss: 2.0488 | LR: 5.62e-08 | MLM: 1.5690 | CTC: 0.4798
✓ Saved checkpoint to checkpoint_step_360000.t7
Step 360100/1000000 | Loss: 0.9820 | LR: 5.63e-08 | MLM: 0.6709 | CTC: 0.3112
Step 360200/1000000 | Loss: 1.2742 | LR: 5.63e-08 | MLM: 0.9344 | CTC: 0.3399
Step 360300/1000000 | Loss: 0.9719 | LR: 5.63e-08 | MLM: 0.7269 | CTC: 0.2450
Step 360400/1000000 | Loss: 1.5071 | LR: 5.63e-08 | MLM: 1.1403 | CTC: 0.3667
Step 360500/1000000 | Loss: 0.9486 | LR: 5.63e-08 | MLM: 0.6658 | CTC: 0.2828
Step 360600/1000000 | Loss: 1.6122 | LR: 5.63e-08 | MLM: 1.1910 | CTC: 0.4212
Step 360700/1000000 | Loss: 0.9087 | LR: 5.63e-08 | MLM: 0.6041 | CTC: 0.3045
Step 360800/1000000 | Loss: 1.5193 | LR: 5.64e-08 | MLM: 1.1442 | CTC: 0.3752
Step 360900/1000000 | Loss: 1.9055 | LR: 5.64e-08 | MLM: 1.3540 | CTC: 0.5515
Step 361000/1000000 | Loss: 1.8536 | LR: 5.64e-08 | MLM: 1.3884 | CTC: 0.4651
Step 361100/1000000 | Loss: 1.7635 | LR: 5.64e-08 | MLM: 1.0179 | CTC: 0.7457
Step 361200/1000000 | Loss: 1.2499 | LR: 5.64e-08 | MLM: 0.9415 | CTC: 0.3084
Step 361300/1000000 | Loss: 0.9029 | LR: 5.64e-08 | MLM: 0.6282 | CTC: 0.2748
Step 361400/1000000 | Loss: 1.6392 | LR: 5.65e-08 | MLM: 1.1511 | CTC: 0.4880
Step 361500/1000000 | Loss: 1.3980 | LR: 5.65e-08 | MLM: 1.0247 | CTC: 0.3732
Step 361600/1000000 | Loss: 1.3356 | LR: 5.65e-08 | MLM: 1.0118 | CTC: 0.3238
Step 361700/1000000 | Loss: 1.0968 | LR: 5.65e-08 | MLM: 0.8011 | CTC: 0.2957
Step 361800/1000000 | Loss: 1.2218 | LR: 5.65e-08 | MLM: 0.8709 | CTC: 0.3508
Step 361900/1000000 | Loss: 1.2307 | LR: 5.65e-08 | MLM: 0.7966 | CTC: 0.4341
Step 362000/1000000 | Loss: 0.5588 | LR: 5.66e-08 | MLM: 0.4169 | CTC: 0.1419
Step 362100/1000000 | Loss: 0.9795 | LR: 5.66e-08 | MLM: 0.7822 | CTC: 0.1973
Step 362200/1000000 | Loss: 0.9458 | LR: 5.66e-08 | MLM: 0.6890 | CTC: 0.2568
Step 362300/1000000 | Loss: 0.4943 | LR: 5.66e-08 | MLM: 0.3178 | CTC: 0.1765
Step 362400/1000000 | Loss: 1.5449 | LR: 5.66e-08 | MLM: 1.1085 | CTC: 0.4364
Step 362500/1000000 | Loss: 1.3935 | LR: 5.66e-08 | MLM: 1.0655 | CTC: 0.3279
Step 362600/1000000 | Loss: 0.2760 | LR: 5.67e-08 | MLM: 0.1615 | CTC: 0.1146
Step 362700/1000000 | Loss: 1.4652 | LR: 5.67e-08 | MLM: 1.0791 | CTC: 0.3861
Step 362800/1000000 | Loss: 1.0623 | LR: 5.67e-08 | MLM: 0.8572 | CTC: 0.2050
Step 362900/1000000 | Loss: 0.7487 | LR: 5.67e-08 | MLM: 0.4828 | CTC: 0.2659
Step 363000/1000000 | Loss: 1.0861 | LR: 5.67e-08 | MLM: 0.7146 | CTC: 0.3715
Step 363100/1000000 | Loss: 1.4747 | LR: 5.67e-08 | MLM: 1.2344 | CTC: 0.2403
Step 363200/1000000 | Loss: 1.8605 | LR: 5.67e-08 | MLM: 1.2678 | CTC: 0.5928
Step 363300/1000000 | Loss: 0.0462 | LR: 5.68e-08 | MLM: 0.0074 | CTC: 0.0388
Step 363400/1000000 | Loss: 1.2654 | LR: 5.68e-08 | MLM: 0.9620 | CTC: 0.3035
Step 363500/1000000 | Loss: 1.1873 | LR: 5.68e-08 | MLM: 0.7985 | CTC: 0.3888
Step 363600/1000000 | Loss: 1.6895 | LR: 5.68e-08 | MLM: 1.1657 | CTC: 0.5239
Step 363700/1000000 | Loss: 1.2309 | LR: 5.68e-08 | MLM: 0.9012 | CTC: 0.3297
Step 363800/1000000 | Loss: 1.3154 | LR: 5.68e-08 | MLM: 0.9705 | CTC: 0.3449
Step 363900/1000000 | Loss: 1.0279 | LR: 5.68e-08 | MLM: 0.7909 | CTC: 0.2369
Step 364000/1000000 | Loss: 1.1924 | LR: 5.69e-08 | MLM: 0.9207 | CTC: 0.2717
Step 364100/1000000 | Loss: 0.8358 | LR: 5.69e-08 | MLM: 0.6194 | CTC: 0.2164
Step 364200/1000000 | Loss: 2.2309 | LR: 5.69e-08 | MLM: 1.7396 | CTC: 0.4913
Step 364300/1000000 | Loss: 1.0433 | LR: 5.69e-08 | MLM: 0.7885 | CTC: 0.2548
Step 364400/1000000 | Loss: 2.1487 | LR: 5.69e-08 | MLM: 1.6357 | CTC: 0.5130
Step 364500/1000000 | Loss: 1.1612 | LR: 5.69e-08 | MLM: 0.8264 | CTC: 0.3348
Step 364600/1000000 | Loss: 1.7369 | LR: 5.70e-08 | MLM: 1.3451 | CTC: 0.3919
Step 364700/1000000 | Loss: 1.3756 | LR: 5.70e-08 | MLM: 0.9550 | CTC: 0.4206
Step 364800/1000000 | Loss: 0.9726 | LR: 5.70e-08 | MLM: 0.7864 | CTC: 0.1861
Step 364900/1000000 | Loss: 1.6718 | LR: 5.70e-08 | MLM: 1.1809 | CTC: 0.4909
Step 365000/1000000 | Loss: 1.0960 | LR: 5.70e-08 | MLM: 0.8342 | CTC: 0.2618
✓ Saved checkpoint to checkpoint_step_365000.t7
Step 365100/1000000 | Loss: 0.9357 | LR: 5.70e-08 | MLM: 0.6608 | CTC: 0.2749
Step 365200/1000000 | Loss: 1.4620 | LR: 5.71e-08 | MLM: 1.0665 | CTC: 0.3955
Step 365300/1000000 | Loss: 1.9522 | LR: 5.71e-08 | MLM: 1.3070 | CTC: 0.6452
Step 365400/1000000 | Loss: 1.3838 | LR: 5.71e-08 | MLM: 1.0972 | CTC: 0.2865
Step 365500/1000000 | Loss: 0.7095 | LR: 5.71e-08 | MLM: 0.5061 | CTC: 0.2034
Step 365600/1000000 | Loss: 1.2459 | LR: 5.71e-08 | MLM: 0.9517 | CTC: 0.2942
Step 365700/1000000 | Loss: 1.4987 | LR: 5.71e-08 | MLM: 1.1344 | CTC: 0.3643
Step 365800/1000000 | Loss: 0.5665 | LR: 5.71e-08 | MLM: 0.3821 | CTC: 0.1844
Step 365900/1000000 | Loss: 1.7661 | LR: 5.72e-08 | MLM: 1.3461 | CTC: 0.4199
Step 366000/1000000 | Loss: 1.5900 | LR: 5.72e-08 | MLM: 1.1991 | CTC: 0.3909
Step 366100/1000000 | Loss: 1.2475 | LR: 5.72e-08 | MLM: 0.8882 | CTC: 0.3593
Step 366200/1000000 | Loss: 1.9725 | LR: 5.72e-08 | MLM: 1.4767 | CTC: 0.4958
Step 366300/1000000 | Loss: 1.7168 | LR: 5.72e-08 | MLM: 1.1802 | CTC: 0.5365
Step 366400/1000000 | Loss: 1.5062 | LR: 5.72e-08 | MLM: 1.0754 | CTC: 0.4307
Step 366500/1000000 | Loss: 1.1215 | LR: 5.73e-08 | MLM: 0.8160 | CTC: 0.3056
Step 366600/1000000 | Loss: 1.4045 | LR: 5.73e-08 | MLM: 1.0279 | CTC: 0.3766
Step 366700/1000000 | Loss: 1.5017 | LR: 5.73e-08 | MLM: 1.0851 | CTC: 0.4166
Step 366800/1000000 | Loss: 0.7762 | LR: 5.73e-08 | MLM: 0.5910 | CTC: 0.1852
Step 366900/1000000 | Loss: 1.1576 | LR: 5.73e-08 | MLM: 0.9563 | CTC: 0.2013
Step 367000/1000000 | Loss: 1.0938 | LR: 5.73e-08 | MLM: 0.8226 | CTC: 0.2711
Step 367100/1000000 | Loss: 0.9018 | LR: 5.74e-08 | MLM: 0.6267 | CTC: 0.2751
Step 367200/1000000 | Loss: 1.2967 | LR: 5.74e-08 | MLM: 0.9902 | CTC: 0.3065
Step 367300/1000000 | Loss: 1.7174 | LR: 5.74e-08 | MLM: 1.2521 | CTC: 0.4652
Step 367400/1000000 | Loss: 1.2273 | LR: 5.74e-08 | MLM: 0.9652 | CTC: 0.2620
Step 367500/1000000 | Loss: 1.7725 | LR: 5.74e-08 | MLM: 1.3004 | CTC: 0.4721
Step 367600/1000000 | Loss: 0.7474 | LR: 5.74e-08 | MLM: 0.5531 | CTC: 0.1942
Step 367700/1000000 | Loss: 1.2046 | LR: 5.75e-08 | MLM: 0.8924 | CTC: 0.3121
Step 367800/1000000 | Loss: 0.2981 | LR: 5.75e-08 | MLM: 0.2024 | CTC: 0.0957
Step 367900/1000000 | Loss: 1.1588 | LR: 5.75e-08 | MLM: 0.8390 | CTC: 0.3199
Step 368000/1000000 | Loss: 0.7372 | LR: 5.75e-08 | MLM: 0.5268 | CTC: 0.2103
Step 368100/1000000 | Loss: 2.2888 | LR: 5.75e-08 | MLM: 1.4610 | CTC: 0.8278
Step 368200/1000000 | Loss: 1.5424 | LR: 5.75e-08 | MLM: 1.1523 | CTC: 0.3901
Step 368300/1000000 | Loss: 1.0981 | LR: 5.75e-08 | MLM: 0.8364 | CTC: 0.2617
Step 368400/1000000 | Loss: 1.4167 | LR: 5.76e-08 | MLM: 1.0405 | CTC: 0.3762
Step 368500/1000000 | Loss: 1.6395 | LR: 5.76e-08 | MLM: 1.1926 | CTC: 0.4469
Step 368600/1000000 | Loss: 1.9737 | LR: 5.76e-08 | MLM: 1.4350 | CTC: 0.5387
Step 368700/1000000 | Loss: 0.2932 | LR: 5.76e-08 | MLM: 0.2012 | CTC: 0.0920
Step 368800/1000000 | Loss: 0.8957 | LR: 5.76e-08 | MLM: 0.6640 | CTC: 0.2316
Step 368900/1000000 | Loss: 2.2056 | LR: 5.76e-08 | MLM: 1.4850 | CTC: 0.7207
Step 369000/1000000 | Loss: 1.6460 | LR: 5.76e-08 | MLM: 1.3034 | CTC: 0.3427
Step 369100/1000000 | Loss: 2.0642 | LR: 5.77e-08 | MLM: 1.4256 | CTC: 0.6386
Step 369200/1000000 | Loss: 1.6854 | LR: 5.77e-08 | MLM: 1.1252 | CTC: 0.5601
Step 369300/1000000 | Loss: 1.6530 | LR: 5.77e-08 | MLM: 1.2026 | CTC: 0.4504
Step 369400/1000000 | Loss: 1.0809 | LR: 5.77e-08 | MLM: 0.8733 | CTC: 0.2076
Step 369500/1000000 | Loss: 1.8802 | LR: 5.77e-08 | MLM: 1.3988 | CTC: 0.4814
Step 369600/1000000 | Loss: 1.9225 | LR: 5.77e-08 | MLM: 1.4740 | CTC: 0.4486
Step 369700/1000000 | Loss: 1.5405 | LR: 5.78e-08 | MLM: 1.0936 | CTC: 0.4470
Step 369800/1000000 | Loss: 1.1557 | LR: 5.78e-08 | MLM: 0.8630 | CTC: 0.2927
Step 369900/1000000 | Loss: 1.7916 | LR: 5.78e-08 | MLM: 1.3158 | CTC: 0.4758
Step 370000/1000000 | Loss: 1.1041 | LR: 5.78e-08 | MLM: 0.7976 | CTC: 0.3066
✓ Saved checkpoint to checkpoint_step_370000.t7
Step 370100/1000000 | Loss: 0.8112 | LR: 5.78e-08 | MLM: 0.5556 | CTC: 0.2556
Step 370200/1000000 | Loss: 1.0956 | LR: 5.78e-08 | MLM: 0.7564 | CTC: 0.3392
Step 370300/1000000 | Loss: 1.3137 | LR: 5.78e-08 | MLM: 0.8278 | CTC: 0.4859
Step 370400/1000000 | Loss: 1.4861 | LR: 5.79e-08 | MLM: 1.1138 | CTC: 0.3723
Step 370500/1000000 | Loss: 1.3035 | LR: 5.79e-08 | MLM: 0.9424 | CTC: 0.3611
Step 370600/1000000 | Loss: 1.9279 | LR: 5.79e-08 | MLM: 1.4255 | CTC: 0.5024
Step 370700/1000000 | Loss: 1.1350 | LR: 5.79e-08 | MLM: 0.8602 | CTC: 0.2748
Step 370800/1000000 | Loss: 0.9059 | LR: 5.79e-08 | MLM: 0.6556 | CTC: 0.2503
Step 370900/1000000 | Loss: 0.4483 | LR: 5.79e-08 | MLM: 0.2691 | CTC: 0.1793
Step 371000/1000000 | Loss: 1.2241 | LR: 5.80e-08 | MLM: 0.9744 | CTC: 0.2497
Step 371100/1000000 | Loss: 0.7896 | LR: 5.80e-08 | MLM: 0.5887 | CTC: 0.2010
Step 371200/1000000 | Loss: 1.1967 | LR: 5.80e-08 | MLM: 0.9599 | CTC: 0.2368
Step 371300/1000000 | Loss: 1.0123 | LR: 5.80e-08 | MLM: 0.6507 | CTC: 0.3615
Step 371400/1000000 | Loss: 1.7380 | LR: 5.80e-08 | MLM: 1.3191 | CTC: 0.4189
Step 371500/1000000 | Loss: 0.5085 | LR: 5.80e-08 | MLM: 0.3725 | CTC: 0.1360
Step 371600/1000000 | Loss: 1.3825 | LR: 5.81e-08 | MLM: 1.0333 | CTC: 0.3492
Step 371700/1000000 | Loss: 0.9951 | LR: 5.81e-08 | MLM: 0.7917 | CTC: 0.2035
Step 371800/1000000 | Loss: 1.6903 | LR: 5.81e-08 | MLM: 1.2602 | CTC: 0.4301
Step 371900/1000000 | Loss: 1.5333 | LR: 5.81e-08 | MLM: 1.1060 | CTC: 0.4273
Step 372000/1000000 | Loss: 1.4330 | LR: 5.81e-08 | MLM: 1.0624 | CTC: 0.3706
Step 372100/1000000 | Loss: 2.3146 | LR: 5.81e-08 | MLM: 1.7001 | CTC: 0.6145
Step 372200/1000000 | Loss: 1.4197 | LR: 5.82e-08 | MLM: 1.0073 | CTC: 0.4124
Step 372300/1000000 | Loss: 0.3603 | LR: 5.82e-08 | MLM: 0.2741 | CTC: 0.0861
Step 372400/1000000 | Loss: 1.7446 | LR: 5.82e-08 | MLM: 1.2271 | CTC: 0.5175
Step 372500/1000000 | Loss: 1.6866 | LR: 5.82e-08 | MLM: 1.2165 | CTC: 0.4701
Step 372600/1000000 | Loss: 1.5326 | LR: 5.82e-08 | MLM: 1.1069 | CTC: 0.4257
Step 372700/1000000 | Loss: 1.3423 | LR: 5.82e-08 | MLM: 1.0025 | CTC: 0.3398
Step 372800/1000000 | Loss: 1.3367 | LR: 5.83e-08 | MLM: 1.0008 | CTC: 0.3359
Step 372900/1000000 | Loss: 1.3764 | LR: 5.83e-08 | MLM: 1.0382 | CTC: 0.3382
Step 373000/1000000 | Loss: 1.5145 | LR: 5.83e-08 | MLM: 1.0698 | CTC: 0.4447
Step 373100/1000000 | Loss: 1.2863 | LR: 5.83e-08 | MLM: 0.9042 | CTC: 0.3821
Step 373200/1000000 | Loss: 0.6398 | LR: 5.83e-08 | MLM: 0.4398 | CTC: 0.2000
Step 373300/1000000 | Loss: 1.7508 | LR: 5.83e-08 | MLM: 1.3264 | CTC: 0.4243
Step 373400/1000000 | Loss: 1.8749 | LR: 5.83e-08 | MLM: 1.4689 | CTC: 0.4060
Step 373500/1000000 | Loss: 1.7490 | LR: 5.83e-08 | MLM: 1.3887 | CTC: 0.3603
Step 373600/1000000 | Loss: 1.4784 | LR: 5.84e-08 | MLM: 1.0856 | CTC: 0.3927
Step 373700/1000000 | Loss: 0.6710 | LR: 5.84e-08 | MLM: 0.5069 | CTC: 0.1641
Step 373800/1000000 | Loss: 0.6617 | LR: 5.84e-08 | MLM: 0.4915 | CTC: 0.1701
Step 373900/1000000 | Loss: 1.3325 | LR: 5.84e-08 | MLM: 1.0362 | CTC: 0.2964
Step 374000/1000000 | Loss: 1.8214 | LR: 5.84e-08 | MLM: 1.2680 | CTC: 0.5534
Step 374100/1000000 | Loss: 1.2983 | LR: 5.84e-08 | MLM: 0.8346 | CTC: 0.4636
Step 374200/1000000 | Loss: 0.4321 | LR: 5.85e-08 | MLM: 0.3117 | CTC: 0.1204
Step 374300/1000000 | Loss: 1.6886 | LR: 5.85e-08 | MLM: 1.2457 | CTC: 0.4429
Step 374400/1000000 | Loss: 1.2561 | LR: 5.85e-08 | MLM: 0.9201 | CTC: 0.3359
Step 374500/1000000 | Loss: 0.5814 | LR: 5.85e-08 | MLM: 0.3819 | CTC: 0.1995
Step 374600/1000000 | Loss: 2.0382 | LR: 5.85e-08 | MLM: 1.5305 | CTC: 0.5077
Step 374700/1000000 | Loss: 2.3969 | LR: 5.85e-08 | MLM: 1.7428 | CTC: 0.6541
Step 374800/1000000 | Loss: 1.8956 | LR: 5.86e-08 | MLM: 1.3636 | CTC: 0.5320
Step 374900/1000000 | Loss: 1.5418 | LR: 5.86e-08 | MLM: 1.0912 | CTC: 0.4506
Step 375000/1000000 | Loss: 0.2489 | LR: 5.86e-08 | MLM: 0.1354 | CTC: 0.1135
✓ Saved checkpoint to checkpoint_step_375000.t7
Step 375100/1000000 | Loss: 0.5783 | LR: 5.86e-08 | MLM: 0.3748 | CTC: 0.2034
Step 375200/1000000 | Loss: 0.7227 | LR: 5.86e-08 | MLM: 0.5141 | CTC: 0.2086
Step 375300/1000000 | Loss: 1.4857 | LR: 5.86e-08 | MLM: 1.1089 | CTC: 0.3768
Step 375400/1000000 | Loss: 1.7316 | LR: 5.86e-08 | MLM: 1.2535 | CTC: 0.4781
Step 375500/1000000 | Loss: 1.8016 | LR: 5.87e-08 | MLM: 1.3164 | CTC: 0.4853
Step 375600/1000000 | Loss: 1.3397 | LR: 5.87e-08 | MLM: 1.0574 | CTC: 0.2823
Step 375700/1000000 | Loss: 1.3869 | LR: 5.87e-08 | MLM: 1.1053 | CTC: 0.2816
Step 375800/1000000 | Loss: 1.3971 | LR: 5.87e-08 | MLM: 1.0379 | CTC: 0.3592
Step 375900/1000000 | Loss: 1.9106 | LR: 5.87e-08 | MLM: 1.3872 | CTC: 0.5233
Step 376000/1000000 | Loss: 1.2867 | LR: 5.87e-08 | MLM: 0.9666 | CTC: 0.3200
Step 376100/1000000 | Loss: 1.7173 | LR: 5.88e-08 | MLM: 1.2143 | CTC: 0.5030
Step 376200/1000000 | Loss: 1.1482 | LR: 5.88e-08 | MLM: 0.8306 | CTC: 0.3176
Step 376300/1000000 | Loss: 1.9678 | LR: 5.88e-08 | MLM: 1.6747 | CTC: 0.2932
Step 376400/1000000 | Loss: 0.4921 | LR: 5.88e-08 | MLM: 0.3257 | CTC: 0.1665
Step 376500/1000000 | Loss: 1.2464 | LR: 5.88e-08 | MLM: 0.9509 | CTC: 0.2955
Step 376600/1000000 | Loss: 1.3050 | LR: 5.88e-08 | MLM: 0.9698 | CTC: 0.3352
Step 376700/1000000 | Loss: 1.5252 | LR: 5.89e-08 | MLM: 1.2440 | CTC: 0.2812
Step 376800/1000000 | Loss: 1.1935 | LR: 5.89e-08 | MLM: 0.9230 | CTC: 0.2705
Step 376900/1000000 | Loss: 0.3849 | LR: 5.89e-08 | MLM: 0.2577 | CTC: 0.1273
Step 377000/1000000 | Loss: 1.1963 | LR: 5.89e-08 | MLM: 0.8671 | CTC: 0.3292
Step 377100/1000000 | Loss: 1.0538 | LR: 5.89e-08 | MLM: 0.8072 | CTC: 0.2466
Step 377200/1000000 | Loss: 1.5439 | LR: 5.89e-08 | MLM: 1.1518 | CTC: 0.3921
Step 377300/1000000 | Loss: 2.4212 | LR: 5.90e-08 | MLM: 1.7952 | CTC: 0.6260
Step 377400/1000000 | Loss: 1.2870 | LR: 5.90e-08 | MLM: 0.9670 | CTC: 0.3200
Step 377500/1000000 | Loss: 1.8011 | LR: 5.90e-08 | MLM: 1.3215 | CTC: 0.4796
Step 377600/1000000 | Loss: 1.6889 | LR: 5.90e-08 | MLM: 1.0759 | CTC: 0.6130
Step 377700/1000000 | Loss: 1.6842 | LR: 5.90e-08 | MLM: 1.1338 | CTC: 0.5504
Step 377800/1000000 | Loss: 1.4171 | LR: 5.90e-08 | MLM: 1.0066 | CTC: 0.4105
Step 377900/1000000 | Loss: 1.3753 | LR: 5.90e-08 | MLM: 1.1103 | CTC: 0.2650
Step 378000/1000000 | Loss: 1.9192 | LR: 5.91e-08 | MLM: 1.4173 | CTC: 0.5019
Step 378100/1000000 | Loss: 1.5536 | LR: 5.91e-08 | MLM: 1.1726 | CTC: 0.3811
Step 378200/1000000 | Loss: 1.1263 | LR: 5.91e-08 | MLM: 0.8799 | CTC: 0.2463
Step 378300/1000000 | Loss: 1.0693 | LR: 5.91e-08 | MLM: 0.7996 | CTC: 0.2698
Step 378400/1000000 | Loss: 0.7725 | LR: 5.91e-08 | MLM: 0.6007 | CTC: 0.1718
Step 378500/1000000 | Loss: 1.7172 | LR: 5.91e-08 | MLM: 1.2544 | CTC: 0.4628
Step 378600/1000000 | Loss: 1.5014 | LR: 5.91e-08 | MLM: 1.0343 | CTC: 0.4671
Step 378700/1000000 | Loss: 1.7250 | LR: 5.92e-08 | MLM: 1.2302 | CTC: 0.4948
Step 378800/1000000 | Loss: 1.7397 | LR: 5.92e-08 | MLM: 1.1291 | CTC: 0.6106
Step 378900/1000000 | Loss: 2.0164 | LR: 5.92e-08 | MLM: 1.4722 | CTC: 0.5443
Step 379000/1000000 | Loss: 0.9151 | LR: 5.92e-08 | MLM: 0.6977 | CTC: 0.2174
Step 379100/1000000 | Loss: 1.6863 | LR: 5.92e-08 | MLM: 1.1943 | CTC: 0.4920
Step 379200/1000000 | Loss: 1.6352 | LR: 5.92e-08 | MLM: 1.2275 | CTC: 0.4077
Step 379300/1000000 | Loss: 1.1554 | LR: 5.93e-08 | MLM: 0.8412 | CTC: 0.3141
Step 379400/1000000 | Loss: 0.0528 | LR: 5.93e-08 | MLM: 0.0188 | CTC: 0.0340
Step 379500/1000000 | Loss: 0.2040 | LR: 5.93e-08 | MLM: 0.1393 | CTC: 0.0646
Step 379600/1000000 | Loss: 1.1123 | LR: 5.93e-08 | MLM: 0.8827 | CTC: 0.2295
Step 379700/1000000 | Loss: 1.0750 | LR: 5.93e-08 | MLM: 0.7519 | CTC: 0.3231
Step 379800/1000000 | Loss: 1.4341 | LR: 5.93e-08 | MLM: 1.0166 | CTC: 0.4175
Step 379900/1000000 | Loss: 0.3937 | LR: 5.93e-08 | MLM: 0.2201 | CTC: 0.1737
Step 380000/1000000 | Loss: 1.0536 | LR: 5.94e-08 | MLM: 0.7515 | CTC: 0.3021
✓ Saved checkpoint to checkpoint_step_380000.t7
Step 380100/1000000 | Loss: 1.7715 | LR: 5.94e-08 | MLM: 1.2228 | CTC: 0.5487
Step 380200/1000000 | Loss: 0.4371 | LR: 5.94e-08 | MLM: 0.3115 | CTC: 0.1255
Step 380300/1000000 | Loss: 1.2999 | LR: 5.94e-08 | MLM: 0.9764 | CTC: 0.3235
Step 380400/1000000 | Loss: 1.2790 | LR: 5.94e-08 | MLM: 0.9328 | CTC: 0.3462
Step 380500/1000000 | Loss: 0.9888 | LR: 5.94e-08 | MLM: 0.7795 | CTC: 0.2093
Step 380600/1000000 | Loss: 1.0167 | LR: 5.95e-08 | MLM: 0.7355 | CTC: 0.2812
Step 380700/1000000 | Loss: 1.0901 | LR: 5.95e-08 | MLM: 0.7427 | CTC: 0.3475
Step 380800/1000000 | Loss: 1.6383 | LR: 5.95e-08 | MLM: 1.1052 | CTC: 0.5331
Step 380900/1000000 | Loss: 1.1029 | LR: 5.95e-08 | MLM: 0.7897 | CTC: 0.3132
Step 381000/1000000 | Loss: 2.0627 | LR: 5.95e-08 | MLM: 1.5599 | CTC: 0.5028
Step 381100/1000000 | Loss: 1.5721 | LR: 5.95e-08 | MLM: 1.1555 | CTC: 0.4166
Step 381200/1000000 | Loss: 0.8749 | LR: 5.96e-08 | MLM: 0.6470 | CTC: 0.2279
Step 381300/1000000 | Loss: 1.1057 | LR: 5.96e-08 | MLM: 0.7992 | CTC: 0.3065
Step 381400/1000000 | Loss: 1.1293 | LR: 5.96e-08 | MLM: 0.7850 | CTC: 0.3443
Step 381500/1000000 | Loss: 1.1059 | LR: 5.96e-08 | MLM: 0.8026 | CTC: 0.3032
Step 381600/1000000 | Loss: 1.5628 | LR: 5.96e-08 | MLM: 1.1359 | CTC: 0.4269
Step 381700/1000000 | Loss: 1.8269 | LR: 5.96e-08 | MLM: 1.2936 | CTC: 0.5333
Step 381800/1000000 | Loss: 0.8964 | LR: 5.96e-08 | MLM: 0.6335 | CTC: 0.2629
Step 381900/1000000 | Loss: 1.0814 | LR: 5.97e-08 | MLM: 0.7534 | CTC: 0.3280
Step 382000/1000000 | Loss: 0.8768 | LR: 5.97e-08 | MLM: 0.5262 | CTC: 0.3506
Step 382100/1000000 | Loss: 1.6890 | LR: 5.97e-08 | MLM: 1.2463 | CTC: 0.4426
Step 382200/1000000 | Loss: 1.0570 | LR: 5.97e-08 | MLM: 0.7468 | CTC: 0.3102
Step 382300/1000000 | Loss: 1.6407 | LR: 5.97e-08 | MLM: 1.2608 | CTC: 0.3799
Step 382400/1000000 | Loss: 1.0494 | LR: 5.98e-08 | MLM: 0.7930 | CTC: 0.2565
Step 382500/1000000 | Loss: 1.8693 | LR: 5.98e-08 | MLM: 1.4361 | CTC: 0.4332
Step 382600/1000000 | Loss: 1.0941 | LR: 5.98e-08 | MLM: 0.8163 | CTC: 0.2778
Step 382700/1000000 | Loss: 1.3595 | LR: 5.98e-08 | MLM: 0.9503 | CTC: 0.4092
Step 382800/1000000 | Loss: 0.7015 | LR: 5.98e-08 | MLM: 0.5307 | CTC: 0.1709
Step 382900/1000000 | Loss: 1.8596 | LR: 5.98e-08 | MLM: 1.3656 | CTC: 0.4940
Step 383000/1000000 | Loss: 1.7099 | LR: 5.98e-08 | MLM: 1.2725 | CTC: 0.4374
Step 383100/1000000 | Loss: 1.0809 | LR: 5.98e-08 | MLM: 0.8195 | CTC: 0.2614
Step 383200/1000000 | Loss: 1.8125 | LR: 5.99e-08 | MLM: 1.3477 | CTC: 0.4648
Step 383300/1000000 | Loss: 1.0203 | LR: 5.99e-08 | MLM: 0.7279 | CTC: 0.2924
Step 383400/1000000 | Loss: 2.3968 | LR: 5.99e-08 | MLM: 1.8997 | CTC: 0.4971
Step 383500/1000000 | Loss: 1.6830 | LR: 5.99e-08 | MLM: 1.2664 | CTC: 0.4166
Step 383600/1000000 | Loss: 2.5209 | LR: 5.99e-08 | MLM: 1.8385 | CTC: 0.6824
Step 383700/1000000 | Loss: 1.3375 | LR: 6.00e-08 | MLM: 0.9886 | CTC: 0.3489
Step 383800/1000000 | Loss: 1.8903 | LR: 6.00e-08 | MLM: 1.3140 | CTC: 0.5763
Step 383900/1000000 | Loss: 1.8665 | LR: 6.00e-08 | MLM: 1.4013 | CTC: 0.4652
Step 384000/1000000 | Loss: 1.3160 | LR: 6.00e-08 | MLM: 1.0775 | CTC: 0.2385
Step 384100/1000000 | Loss: 0.6010 | LR: 6.00e-08 | MLM: 0.3979 | CTC: 0.2031
Step 384200/1000000 | Loss: 1.5877 | LR: 6.00e-08 | MLM: 1.2020 | CTC: 0.3856
Step 384300/1000000 | Loss: 0.9547 | LR: 6.00e-08 | MLM: 0.6955 | CTC: 0.2593
Step 384400/1000000 | Loss: 1.5024 | LR: 6.01e-08 | MLM: 1.1436 | CTC: 0.3588
Step 384500/1000000 | Loss: 1.4318 | LR: 6.01e-08 | MLM: 0.9661 | CTC: 0.4657
Step 384600/1000000 | Loss: 1.7727 | LR: 6.01e-08 | MLM: 1.2894 | CTC: 0.4833
Step 384700/1000000 | Loss: 1.4683 | LR: 6.01e-08 | MLM: 1.0817 | CTC: 0.3866
Step 384800/1000000 | Loss: 1.9158 | LR: 6.01e-08 | MLM: 1.4623 | CTC: 0.4535
Step 384900/1000000 | Loss: 1.8710 | LR: 6.01e-08 | MLM: 1.4319 | CTC: 0.4391
Step 385000/1000000 | Loss: 1.4906 | LR: 6.02e-08 | MLM: 1.0931 | CTC: 0.3975
✓ Saved checkpoint to checkpoint_step_385000.t7
Step 385100/1000000 | Loss: 1.3339 | LR: 6.02e-08 | MLM: 0.9855 | CTC: 0.3484
Step 385200/1000000 | Loss: 1.1075 | LR: 6.02e-08 | MLM: 0.7037 | CTC: 0.4038
Step 385300/1000000 | Loss: 2.2512 | LR: 6.02e-08 | MLM: 1.5106 | CTC: 0.7406
Step 385400/1000000 | Loss: 1.2200 | LR: 6.02e-08 | MLM: 0.7980 | CTC: 0.4220
Step 385500/1000000 | Loss: 1.0637 | LR: 6.02e-08 | MLM: 0.7983 | CTC: 0.2654
Step 385600/1000000 | Loss: 1.3661 | LR: 6.03e-08 | MLM: 0.9163 | CTC: 0.4498
Step 385700/1000000 | Loss: 0.3769 | LR: 6.03e-08 | MLM: 0.2815 | CTC: 0.0953
Step 385800/1000000 | Loss: 0.9508 | LR: 6.03e-08 | MLM: 0.7090 | CTC: 0.2418
Step 385900/1000000 | Loss: 1.9707 | LR: 6.03e-08 | MLM: 1.5223 | CTC: 0.4484
Step 386000/1000000 | Loss: 1.3803 | LR: 6.03e-08 | MLM: 1.0993 | CTC: 0.2811
Step 386100/1000000 | Loss: 1.0306 | LR: 6.03e-08 | MLM: 0.8212 | CTC: 0.2094
Step 386200/1000000 | Loss: 2.0029 | LR: 6.03e-08 | MLM: 1.7109 | CTC: 0.2919
Step 386300/1000000 | Loss: 1.2606 | LR: 6.03e-08 | MLM: 0.8981 | CTC: 0.3624
Step 386400/1000000 | Loss: 1.4072 | LR: 6.04e-08 | MLM: 1.0481 | CTC: 0.3591
Step 386500/1000000 | Loss: 1.5474 | LR: 6.04e-08 | MLM: 1.1841 | CTC: 0.3633
Step 386600/1000000 | Loss: 1.3853 | LR: 6.04e-08 | MLM: 1.0927 | CTC: 0.2926
Step 386700/1000000 | Loss: 1.4796 | LR: 6.04e-08 | MLM: 1.1114 | CTC: 0.3682
Step 386800/1000000 | Loss: 1.8575 | LR: 6.04e-08 | MLM: 1.3955 | CTC: 0.4619
Step 386900/1000000 | Loss: 0.6230 | LR: 6.05e-08 | MLM: 0.4565 | CTC: 0.1665
Step 387000/1000000 | Loss: 1.8564 | LR: 6.05e-08 | MLM: 1.4064 | CTC: 0.4501
Step 387100/1000000 | Loss: 1.0701 | LR: 6.05e-08 | MLM: 0.7586 | CTC: 0.3115
Step 387200/1000000 | Loss: 1.7656 | LR: 6.05e-08 | MLM: 1.3423 | CTC: 0.4232
Step 387300/1000000 | Loss: 1.1258 | LR: 6.05e-08 | MLM: 0.8554 | CTC: 0.2703
Step 387400/1000000 | Loss: 1.3912 | LR: 6.05e-08 | MLM: 1.1020 | CTC: 0.2892
Step 387500/1000000 | Loss: 1.7103 | LR: 6.05e-08 | MLM: 1.2051 | CTC: 0.5053
Step 387600/1000000 | Loss: 1.8412 | LR: 6.06e-08 | MLM: 1.3513 | CTC: 0.4899
Step 387700/1000000 | Loss: 1.1940 | LR: 6.06e-08 | MLM: 0.8301 | CTC: 0.3639
Step 387800/1000000 | Loss: 1.1319 | LR: 6.06e-08 | MLM: 0.9116 | CTC: 0.2203
Step 387900/1000000 | Loss: 0.8828 | LR: 6.06e-08 | MLM: 0.6259 | CTC: 0.2569
Step 388000/1000000 | Loss: 1.6394 | LR: 6.06e-08 | MLM: 1.2572 | CTC: 0.3822
Step 388100/1000000 | Loss: 0.9240 | LR: 6.06e-08 | MLM: 0.7404 | CTC: 0.1837
Step 388200/1000000 | Loss: 1.5314 | LR: 6.07e-08 | MLM: 1.0663 | CTC: 0.4651
Step 388300/1000000 | Loss: 1.3064 | LR: 6.07e-08 | MLM: 0.9092 | CTC: 0.3971
Step 388400/1000000 | Loss: 1.3132 | LR: 6.07e-08 | MLM: 1.0127 | CTC: 0.3005
Step 388500/1000000 | Loss: 2.0472 | LR: 6.07e-08 | MLM: 1.5180 | CTC: 0.5292
Step 388600/1000000 | Loss: 0.9013 | LR: 6.07e-08 | MLM: 0.6592 | CTC: 0.2421
Step 388700/1000000 | Loss: 1.8119 | LR: 6.07e-08 | MLM: 1.3921 | CTC: 0.4198
Step 388800/1000000 | Loss: 1.0655 | LR: 6.07e-08 | MLM: 0.8091 | CTC: 0.2564
Step 388900/1000000 | Loss: 1.5096 | LR: 6.08e-08 | MLM: 1.0606 | CTC: 0.4490
Step 389000/1000000 | Loss: 1.7137 | LR: 6.08e-08 | MLM: 1.2437 | CTC: 0.4700
Step 389100/1000000 | Loss: 1.3650 | LR: 6.08e-08 | MLM: 0.9916 | CTC: 0.3734
Step 389200/1000000 | Loss: 1.5133 | LR: 6.08e-08 | MLM: 1.1035 | CTC: 0.4099
Step 389300/1000000 | Loss: 0.4971 | LR: 6.08e-08 | MLM: 0.3928 | CTC: 0.1042
Step 389400/1000000 | Loss: 1.4990 | LR: 6.08e-08 | MLM: 1.0843 | CTC: 0.4147
Step 389500/1000000 | Loss: 1.1177 | LR: 6.09e-08 | MLM: 0.8414 | CTC: 0.2763
Step 389600/1000000 | Loss: 0.6873 | LR: 6.09e-08 | MLM: 0.5390 | CTC: 0.1483
Step 389700/1000000 | Loss: 1.9086 | LR: 6.09e-08 | MLM: 1.2365 | CTC: 0.6721
Step 389800/1000000 | Loss: 1.2897 | LR: 6.09e-08 | MLM: 0.9373 | CTC: 0.3524
Step 389900/1000000 | Loss: 0.9642 | LR: 6.09e-08 | MLM: 0.6589 | CTC: 0.3053
Step 390000/1000000 | Loss: 1.2689 | LR: 6.09e-08 | MLM: 0.9679 | CTC: 0.3010
✓ Saved checkpoint to checkpoint_step_390000.t7
Step 390100/1000000 | Loss: 1.5715 | LR: 6.09e-08 | MLM: 1.1966 | CTC: 0.3749
Step 390200/1000000 | Loss: 1.5343 | LR: 6.10e-08 | MLM: 1.0443 | CTC: 0.4900
Step 390300/1000000 | Loss: 0.8868 | LR: 6.10e-08 | MLM: 0.6467 | CTC: 0.2401
Step 390400/1000000 | Loss: 1.0340 | LR: 6.10e-08 | MLM: 0.8375 | CTC: 0.1965
Step 390500/1000000 | Loss: 0.9971 | LR: 6.10e-08 | MLM: 0.8059 | CTC: 0.1912
Step 390600/1000000 | Loss: 1.4980 | LR: 6.10e-08 | MLM: 1.0602 | CTC: 0.4378
Step 390700/1000000 | Loss: 0.6638 | LR: 6.10e-08 | MLM: 0.5439 | CTC: 0.1200
Step 390800/1000000 | Loss: 1.9044 | LR: 6.11e-08 | MLM: 1.2561 | CTC: 0.6483
Step 390900/1000000 | Loss: 1.4449 | LR: 6.11e-08 | MLM: 1.1042 | CTC: 0.3407
Step 391000/1000000 | Loss: 1.2282 | LR: 6.11e-08 | MLM: 0.8324 | CTC: 0.3958
Step 391100/1000000 | Loss: 1.2408 | LR: 6.11e-08 | MLM: 0.8532 | CTC: 0.3876
Step 391200/1000000 | Loss: 1.0364 | LR: 6.11e-08 | MLM: 0.7542 | CTC: 0.2822
Step 391300/1000000 | Loss: 0.3596 | LR: 6.11e-08 | MLM: 0.2726 | CTC: 0.0870
Step 391400/1000000 | Loss: 0.8490 | LR: 6.12e-08 | MLM: 0.6549 | CTC: 0.1942
Step 391500/1000000 | Loss: 0.4014 | LR: 6.12e-08 | MLM: 0.2669 | CTC: 0.1345
Step 391600/1000000 | Loss: 0.6952 | LR: 6.12e-08 | MLM: 0.5060 | CTC: 0.1893
Step 391700/1000000 | Loss: 1.4874 | LR: 6.12e-08 | MLM: 1.0917 | CTC: 0.3957
Step 391800/1000000 | Loss: 1.4259 | LR: 6.12e-08 | MLM: 1.1164 | CTC: 0.3096
Step 391900/1000000 | Loss: 1.1036 | LR: 6.12e-08 | MLM: 0.8614 | CTC: 0.2422
Step 392000/1000000 | Loss: 1.3560 | LR: 6.12e-08 | MLM: 1.0128 | CTC: 0.3431
Step 392100/1000000 | Loss: 1.1245 | LR: 6.13e-08 | MLM: 0.8506 | CTC: 0.2739
Step 392200/1000000 | Loss: 1.1223 | LR: 6.13e-08 | MLM: 0.8132 | CTC: 0.3091
Step 392300/1000000 | Loss: 2.5877 | LR: 6.13e-08 | MLM: 1.8939 | CTC: 0.6938
Step 392400/1000000 | Loss: 1.1833 | LR: 6.13e-08 | MLM: 0.9481 | CTC: 0.2352
Step 392500/1000000 | Loss: 1.5585 | LR: 6.13e-08 | MLM: 1.1194 | CTC: 0.4391
Step 392600/1000000 | Loss: 1.6282 | LR: 6.13e-08 | MLM: 1.1850 | CTC: 0.4432
Step 392700/1000000 | Loss: 1.2160 | LR: 6.14e-08 | MLM: 0.9197 | CTC: 0.2963
Step 392800/1000000 | Loss: 0.3739 | LR: 6.14e-08 | MLM: 0.2431 | CTC: 0.1308
Step 392900/1000000 | Loss: 0.9953 | LR: 6.14e-08 | MLM: 0.7101 | CTC: 0.2852
Step 393000/1000000 | Loss: 1.7492 | LR: 6.14e-08 | MLM: 1.0146 | CTC: 0.7346
Step 393100/1000000 | Loss: 1.0482 | LR: 6.14e-08 | MLM: 0.6965 | CTC: 0.3517
Step 393200/1000000 | Loss: 1.4640 | LR: 6.14e-08 | MLM: 1.0941 | CTC: 0.3699
Step 393300/1000000 | Loss: 1.7699 | LR: 6.14e-08 | MLM: 1.3737 | CTC: 0.3962
Step 393400/1000000 | Loss: 0.4547 | LR: 6.15e-08 | MLM: 0.3091 | CTC: 0.1455
Step 393500/1000000 | Loss: 0.7162 | LR: 6.15e-08 | MLM: 0.5254 | CTC: 0.1908
Step 393600/1000000 | Loss: 1.1531 | LR: 6.15e-08 | MLM: 0.7620 | CTC: 0.3910
Step 393700/1000000 | Loss: 1.5732 | LR: 6.15e-08 | MLM: 1.1026 | CTC: 0.4706
Step 393800/1000000 | Loss: 1.7631 | LR: 6.15e-08 | MLM: 1.4067 | CTC: 0.3565
Step 393900/1000000 | Loss: 0.9351 | LR: 6.15e-08 | MLM: 0.7092 | CTC: 0.2259
Step 394000/1000000 | Loss: 1.0598 | LR: 6.16e-08 | MLM: 0.7260 | CTC: 0.3338
Step 394100/1000000 | Loss: 0.8449 | LR: 6.16e-08 | MLM: 0.6418 | CTC: 0.2031
Step 394200/1000000 | Loss: 1.2200 | LR: 6.16e-08 | MLM: 0.8957 | CTC: 0.3243
Step 394300/1000000 | Loss: 1.9837 | LR: 6.16e-08 | MLM: 1.4633 | CTC: 0.5204
Step 394400/1000000 | Loss: 1.7167 | LR: 6.16e-08 | MLM: 1.2851 | CTC: 0.4316
Step 394500/1000000 | Loss: 0.8888 | LR: 6.16e-08 | MLM: 0.5941 | CTC: 0.2947
Step 394600/1000000 | Loss: 0.5787 | LR: 6.16e-08 | MLM: 0.4067 | CTC: 0.1720
Step 394700/1000000 | Loss: 1.2686 | LR: 6.17e-08 | MLM: 0.8924 | CTC: 0.3762
Step 394800/1000000 | Loss: 0.9828 | LR: 6.17e-08 | MLM: 0.7160 | CTC: 0.2668
Step 394900/1000000 | Loss: 1.5185 | LR: 6.17e-08 | MLM: 1.1178 | CTC: 0.4007
Step 395000/1000000 | Loss: 0.6552 | LR: 6.17e-08 | MLM: 0.4732 | CTC: 0.1820
✓ Saved checkpoint to checkpoint_step_395000.t7
Step 395100/1000000 | Loss: 0.3709 | LR: 6.17e-08 | MLM: 0.2551 | CTC: 0.1158
Step 395200/1000000 | Loss: 1.5207 | LR: 6.18e-08 | MLM: 1.1376 | CTC: 0.3831
Step 395300/1000000 | Loss: 1.5838 | LR: 6.18e-08 | MLM: 1.2824 | CTC: 0.3014
Step 395400/1000000 | Loss: 2.5541 | LR: 6.18e-08 | MLM: 1.7406 | CTC: 0.8135
Step 395500/1000000 | Loss: 0.5198 | LR: 6.18e-08 | MLM: 0.3562 | CTC: 0.1636
Step 395600/1000000 | Loss: 1.7079 | LR: 6.18e-08 | MLM: 1.1974 | CTC: 0.5105
Step 395700/1000000 | Loss: 1.4198 | LR: 6.18e-08 | MLM: 0.9775 | CTC: 0.4422
Step 395800/1000000 | Loss: 1.0298 | LR: 6.18e-08 | MLM: 0.8588 | CTC: 0.1710
Step 395900/1000000 | Loss: 0.3424 | LR: 6.19e-08 | MLM: 0.2131 | CTC: 0.1293
Step 396000/1000000 | Loss: 1.7623 | LR: 6.19e-08 | MLM: 1.2575 | CTC: 0.5049
Step 396100/1000000 | Loss: 1.3588 | LR: 6.19e-08 | MLM: 0.9848 | CTC: 0.3741
Step 396200/1000000 | Loss: 1.5889 | LR: 6.19e-08 | MLM: 1.1401 | CTC: 0.4488
Step 396300/1000000 | Loss: 1.3120 | LR: 6.19e-08 | MLM: 0.8484 | CTC: 0.4637
Step 396400/1000000 | Loss: 1.6918 | LR: 6.19e-08 | MLM: 1.3458 | CTC: 0.3460
Step 396500/1000000 | Loss: 1.9439 | LR: 6.20e-08 | MLM: 1.4895 | CTC: 0.4544
Step 396600/1000000 | Loss: 1.6500 | LR: 6.20e-08 | MLM: 1.2598 | CTC: 0.3902
Step 396700/1000000 | Loss: 0.7240 | LR: 6.20e-08 | MLM: 0.6070 | CTC: 0.1170
Step 396800/1000000 | Loss: 1.1350 | LR: 6.20e-08 | MLM: 0.8583 | CTC: 0.2767
Step 396900/1000000 | Loss: 1.9047 | LR: 6.20e-08 | MLM: 1.3904 | CTC: 0.5143
Step 397000/1000000 | Loss: 1.3668 | LR: 6.20e-08 | MLM: 1.0669 | CTC: 0.2999
Step 397100/1000000 | Loss: 2.4762 | LR: 6.20e-08 | MLM: 1.8675 | CTC: 0.6088
Step 397200/1000000 | Loss: 1.4176 | LR: 6.21e-08 | MLM: 1.1276 | CTC: 0.2901
Step 397300/1000000 | Loss: 1.6942 | LR: 6.21e-08 | MLM: 1.3604 | CTC: 0.3338
Step 397400/1000000 | Loss: 1.6665 | LR: 6.21e-08 | MLM: 1.2450 | CTC: 0.4215
Step 397500/1000000 | Loss: 1.4895 | LR: 6.21e-08 | MLM: 1.0145 | CTC: 0.4749
Step 397600/1000000 | Loss: 1.3601 | LR: 6.21e-08 | MLM: 0.9437 | CTC: 0.4164
Step 397700/1000000 | Loss: 1.3773 | LR: 6.21e-08 | MLM: 1.0765 | CTC: 0.3007
Step 397800/1000000 | Loss: 1.5625 | LR: 6.21e-08 | MLM: 1.1690 | CTC: 0.3935
Step 397900/1000000 | Loss: 2.0601 | LR: 6.22e-08 | MLM: 1.5254 | CTC: 0.5347
Step 398000/1000000 | Loss: 1.9494 | LR: 6.22e-08 | MLM: 1.5592 | CTC: 0.3902
Step 398100/1000000 | Loss: 1.5179 | LR: 6.22e-08 | MLM: 1.0959 | CTC: 0.4220
Step 398200/1000000 | Loss: 1.0483 | LR: 6.22e-08 | MLM: 0.7120 | CTC: 0.3363
Step 398300/1000000 | Loss: 1.1836 | LR: 6.22e-08 | MLM: 0.9715 | CTC: 0.2121
Step 398400/1000000 | Loss: 1.3679 | LR: 6.23e-08 | MLM: 0.9866 | CTC: 0.3813
Step 398500/1000000 | Loss: 1.8655 | LR: 6.23e-08 | MLM: 1.4623 | CTC: 0.4032
Step 398600/1000000 | Loss: 1.2614 | LR: 6.23e-08 | MLM: 0.9019 | CTC: 0.3596
Step 398700/1000000 | Loss: 0.8789 | LR: 6.23e-08 | MLM: 0.5716 | CTC: 0.3072
Step 398800/1000000 | Loss: 0.9869 | LR: 6.23e-08 | MLM: 0.6852 | CTC: 0.3017
Step 398900/1000000 | Loss: 1.2431 | LR: 6.23e-08 | MLM: 0.9945 | CTC: 0.2486
Step 399000/1000000 | Loss: 0.6748 | LR: 6.23e-08 | MLM: 0.3625 | CTC: 0.3124
Step 399100/1000000 | Loss: 0.7968 | LR: 6.23e-08 | MLM: 0.5906 | CTC: 0.2062
Step 399200/1000000 | Loss: 1.8022 | LR: 6.24e-08 | MLM: 1.2738 | CTC: 0.5285
Step 399300/1000000 | Loss: 1.2363 | LR: 6.24e-08 | MLM: 0.9487 | CTC: 0.2876
Step 399400/1000000 | Loss: 1.0956 | LR: 6.24e-08 | MLM: 0.7847 | CTC: 0.3109
Step 399500/1000000 | Loss: 1.4156 | LR: 6.24e-08 | MLM: 0.9979 | CTC: 0.4177
Step 399600/1000000 | Loss: 0.7663 | LR: 6.24e-08 | MLM: 0.5709 | CTC: 0.1954
Step 399700/1000000 | Loss: 1.1882 | LR: 6.25e-08 | MLM: 0.8779 | CTC: 0.3102
Step 399800/1000000 | Loss: 1.1636 | LR: 6.25e-08 | MLM: 0.8975 | CTC: 0.2661
Step 399900/1000000 | Loss: 1.8100 | LR: 6.25e-08 | MLM: 1.3212 | CTC: 0.4887
Step 400000/1000000 | Loss: 1.6733 | LR: 6.25e-08 | MLM: 1.2929 | CTC: 0.3803
✓ Saved checkpoint to checkpoint_step_400000.t7
Step 400100/1000000 | Loss: 1.7560 | LR: 6.25e-08 | MLM: 1.2950 | CTC: 0.4610
Step 400200/1000000 | Loss: 0.7432 | LR: 6.25e-08 | MLM: 0.5480 | CTC: 0.1952
Step 400300/1000000 | Loss: 0.1681 | LR: 6.25e-08 | MLM: 0.1005 | CTC: 0.0676
Step 400400/1000000 | Loss: 1.8195 | LR: 6.26e-08 | MLM: 1.4040 | CTC: 0.4155
Step 400500/1000000 | Loss: 0.5967 | LR: 6.26e-08 | MLM: 0.4428 | CTC: 0.1538
Step 400600/1000000 | Loss: 2.0580 | LR: 6.26e-08 | MLM: 1.6028 | CTC: 0.4553
Step 400700/1000000 | Loss: 0.8071 | LR: 6.26e-08 | MLM: 0.5708 | CTC: 0.2363
Step 400800/1000000 | Loss: 0.9635 | LR: 6.26e-08 | MLM: 0.6774 | CTC: 0.2861
Step 400900/1000000 | Loss: 2.1180 | LR: 6.26e-08 | MLM: 1.5136 | CTC: 0.6045
Step 401000/1000000 | Loss: 1.6620 | LR: 6.26e-08 | MLM: 1.2741 | CTC: 0.3878
Step 401100/1000000 | Loss: 1.4326 | LR: 6.27e-08 | MLM: 1.1324 | CTC: 0.3003
Step 401200/1000000 | Loss: 1.0024 | LR: 6.27e-08 | MLM: 0.7585 | CTC: 0.2439
Step 401300/1000000 | Loss: 1.6744 | LR: 6.27e-08 | MLM: 1.2369 | CTC: 0.4375
Step 401400/1000000 | Loss: 1.2693 | LR: 6.27e-08 | MLM: 1.0439 | CTC: 0.2254
Step 401500/1000000 | Loss: 1.8942 | LR: 6.27e-08 | MLM: 1.4090 | CTC: 0.4852
Step 401600/1000000 | Loss: 1.2673 | LR: 6.27e-08 | MLM: 0.9576 | CTC: 0.3097
Step 401700/1000000 | Loss: 1.8587 | LR: 6.28e-08 | MLM: 1.3781 | CTC: 0.4806
Step 401800/1000000 | Loss: 1.3966 | LR: 6.28e-08 | MLM: 0.9853 | CTC: 0.4112
Step 401900/1000000 | Loss: 1.8830 | LR: 6.28e-08 | MLM: 1.3077 | CTC: 0.5753
Step 402000/1000000 | Loss: 0.9417 | LR: 6.28e-08 | MLM: 0.7206 | CTC: 0.2210
Step 402100/1000000 | Loss: 0.8867 | LR: 6.28e-08 | MLM: 0.6978 | CTC: 0.1889
Step 402200/1000000 | Loss: 1.1575 | LR: 6.28e-08 | MLM: 0.8867 | CTC: 0.2708
Step 402300/1000000 | Loss: 1.5965 | LR: 6.28e-08 | MLM: 1.1366 | CTC: 0.4598
Step 402400/1000000 | Loss: 1.6536 | LR: 6.29e-08 | MLM: 1.1689 | CTC: 0.4847
Step 402500/1000000 | Loss: 1.9405 | LR: 6.29e-08 | MLM: 1.4182 | CTC: 0.5223
Step 402600/1000000 | Loss: 0.6315 | LR: 6.29e-08 | MLM: 0.5108 | CTC: 0.1207
Step 402700/1000000 | Loss: 1.9412 | LR: 6.29e-08 | MLM: 1.3585 | CTC: 0.5827
Step 402800/1000000 | Loss: 1.7236 | LR: 6.29e-08 | MLM: 1.2585 | CTC: 0.4651
Step 402900/1000000 | Loss: 1.0913 | LR: 6.29e-08 | MLM: 0.8069 | CTC: 0.2844
Step 403000/1000000 | Loss: 1.1528 | LR: 6.30e-08 | MLM: 0.9189 | CTC: 0.2339
Step 403100/1000000 | Loss: 1.4065 | LR: 6.30e-08 | MLM: 1.0798 | CTC: 0.3267
Step 403200/1000000 | Loss: 1.0206 | LR: 6.30e-08 | MLM: 0.7261 | CTC: 0.2945
Step 403300/1000000 | Loss: 2.0627 | LR: 6.30e-08 | MLM: 1.5047 | CTC: 0.5580
Step 403400/1000000 | Loss: 0.8788 | LR: 6.30e-08 | MLM: 0.6464 | CTC: 0.2325
Step 403500/1000000 | Loss: 1.9236 | LR: 6.30e-08 | MLM: 1.3898 | CTC: 0.5338
Step 403600/1000000 | Loss: 1.5416 | LR: 6.31e-08 | MLM: 1.2098 | CTC: 0.3319
Step 403700/1000000 | Loss: 1.5720 | LR: 6.31e-08 | MLM: 1.1066 | CTC: 0.4655
Step 403800/1000000 | Loss: 0.5083 | LR: 6.31e-08 | MLM: 0.3982 | CTC: 0.1101
Step 403900/1000000 | Loss: 0.5594 | LR: 6.31e-08 | MLM: 0.4001 | CTC: 0.1593
Step 404000/1000000 | Loss: 0.9325 | LR: 6.31e-08 | MLM: 0.7247 | CTC: 0.2078
Step 404100/1000000 | Loss: 1.8327 | LR: 6.31e-08 | MLM: 1.3838 | CTC: 0.4488
Step 404200/1000000 | Loss: 2.0088 | LR: 6.31e-08 | MLM: 1.4517 | CTC: 0.5571
Step 404300/1000000 | Loss: 1.1380 | LR: 6.32e-08 | MLM: 0.8819 | CTC: 0.2561
Step 404400/1000000 | Loss: 2.1266 | LR: 6.32e-08 | MLM: 1.5191 | CTC: 0.6075
Step 404500/1000000 | Loss: 1.3755 | LR: 6.32e-08 | MLM: 0.9458 | CTC: 0.4298
Step 404600/1000000 | Loss: 0.9232 | LR: 6.32e-08 | MLM: 0.6294 | CTC: 0.2938
Step 404700/1000000 | Loss: 0.9698 | LR: 6.32e-08 | MLM: 0.6552 | CTC: 0.3146
Step 404800/1000000 | Loss: 1.5024 | LR: 6.32e-08 | MLM: 1.0710 | CTC: 0.4314
Step 404900/1000000 | Loss: 1.1744 | LR: 6.33e-08 | MLM: 0.8117 | CTC: 0.3627
Step 405000/1000000 | Loss: 0.3955 | LR: 6.33e-08 | MLM: 0.2998 | CTC: 0.0957
✓ Saved checkpoint to checkpoint_step_405000.t7
Step 405100/1000000 | Loss: 0.9247 | LR: 6.33e-08 | MLM: 0.6847 | CTC: 0.2399
Step 405200/1000000 | Loss: 1.9374 | LR: 6.33e-08 | MLM: 1.3798 | CTC: 0.5576
Step 405300/1000000 | Loss: 1.2270 | LR: 6.33e-08 | MLM: 0.8745 | CTC: 0.3525
Step 405400/1000000 | Loss: 2.1162 | LR: 6.33e-08 | MLM: 1.4860 | CTC: 0.6302
Step 405500/1000000 | Loss: 1.6197 | LR: 6.33e-08 | MLM: 1.1863 | CTC: 0.4334
Step 405600/1000000 | Loss: 2.1341 | LR: 6.34e-08 | MLM: 1.6715 | CTC: 0.4626
Step 405700/1000000 | Loss: 1.8157 | LR: 6.34e-08 | MLM: 1.4029 | CTC: 0.4127
Step 405800/1000000 | Loss: 1.5420 | LR: 6.34e-08 | MLM: 1.1474 | CTC: 0.3946
Step 405900/1000000 | Loss: 0.8226 | LR: 6.34e-08 | MLM: 0.6417 | CTC: 0.1809
Step 406000/1000000 | Loss: 0.7866 | LR: 6.34e-08 | MLM: 0.5906 | CTC: 0.1961
Step 406100/1000000 | Loss: 1.2036 | LR: 6.34e-08 | MLM: 0.9839 | CTC: 0.2197
Step 406200/1000000 | Loss: 1.3358 | LR: 6.35e-08 | MLM: 1.0087 | CTC: 0.3271
Step 406300/1000000 | Loss: 1.3314 | LR: 6.35e-08 | MLM: 0.9633 | CTC: 0.3682
Step 406400/1000000 | Loss: 1.4366 | LR: 6.35e-08 | MLM: 1.0788 | CTC: 0.3579
Step 406500/1000000 | Loss: 1.0587 | LR: 6.35e-08 | MLM: 0.8294 | CTC: 0.2293
Step 406600/1000000 | Loss: 2.0289 | LR: 6.35e-08 | MLM: 1.4820 | CTC: 0.5468
Step 406700/1000000 | Loss: 1.2447 | LR: 6.35e-08 | MLM: 0.8950 | CTC: 0.3497
Step 406800/1000000 | Loss: 2.1934 | LR: 6.36e-08 | MLM: 1.6572 | CTC: 0.5362
Step 406900/1000000 | Loss: 1.6386 | LR: 6.36e-08 | MLM: 1.3745 | CTC: 0.2642
Step 407000/1000000 | Loss: 0.9873 | LR: 6.36e-08 | MLM: 0.7372 | CTC: 0.2500
Step 407100/1000000 | Loss: 1.3661 | LR: 6.36e-08 | MLM: 1.1241 | CTC: 0.2421
Step 407200/1000000 | Loss: 0.6436 | LR: 6.36e-08 | MLM: 0.5060 | CTC: 0.1377
Step 407300/1000000 | Loss: 2.0484 | LR: 6.36e-08 | MLM: 1.5543 | CTC: 0.4941
Step 407400/1000000 | Loss: 1.0202 | LR: 6.36e-08 | MLM: 0.7062 | CTC: 0.3140
Step 407500/1000000 | Loss: 0.9359 | LR: 6.37e-08 | MLM: 0.7125 | CTC: 0.2234
Step 407600/1000000 | Loss: 1.8852 | LR: 6.37e-08 | MLM: 1.3395 | CTC: 0.5457
Step 407700/1000000 | Loss: 1.6544 | LR: 6.37e-08 | MLM: 1.2187 | CTC: 0.4358
Step 407800/1000000 | Loss: 0.8097 | LR: 6.37e-08 | MLM: 0.4873 | CTC: 0.3224
Step 407900/1000000 | Loss: 1.1636 | LR: 6.37e-08 | MLM: 0.9040 | CTC: 0.2596
Step 408000/1000000 | Loss: 2.3833 | LR: 6.37e-08 | MLM: 1.7813 | CTC: 0.6020
Step 408100/1000000 | Loss: 1.1734 | LR: 6.38e-08 | MLM: 0.8386 | CTC: 0.3348
Step 408200/1000000 | Loss: 0.1968 | LR: 6.38e-08 | MLM: 0.1454 | CTC: 0.0514
Step 408300/1000000 | Loss: 1.9655 | LR: 6.38e-08 | MLM: 1.3918 | CTC: 0.5737
Step 408400/1000000 | Loss: 2.0100 | LR: 6.38e-08 | MLM: 1.5058 | CTC: 0.5042
Step 408500/1000000 | Loss: 1.5414 | LR: 6.38e-08 | MLM: 1.1584 | CTC: 0.3830
Step 408600/1000000 | Loss: 1.4367 | LR: 6.38e-08 | MLM: 1.0799 | CTC: 0.3568
Step 408700/1000000 | Loss: 1.1974 | LR: 6.38e-08 | MLM: 0.7996 | CTC: 0.3978
Step 408800/1000000 | Loss: 1.1887 | LR: 6.39e-08 | MLM: 0.9068 | CTC: 0.2818
Step 408900/1000000 | Loss: 1.3359 | LR: 6.39e-08 | MLM: 0.9395 | CTC: 0.3964
Step 409000/1000000 | Loss: 1.2989 | LR: 6.39e-08 | MLM: 0.9198 | CTC: 0.3791
Step 409100/1000000 | Loss: 1.8014 | LR: 6.39e-08 | MLM: 1.2923 | CTC: 0.5091
Step 409200/1000000 | Loss: 1.7255 | LR: 6.39e-08 | MLM: 1.4200 | CTC: 0.3054
Step 409300/1000000 | Loss: 0.8261 | LR: 6.39e-08 | MLM: 0.6425 | CTC: 0.1836
Step 409400/1000000 | Loss: 2.1912 | LR: 6.40e-08 | MLM: 1.6422 | CTC: 0.5490
Step 409500/1000000 | Loss: 0.7411 | LR: 6.40e-08 | MLM: 0.6105 | CTC: 0.1306
Step 409600/1000000 | Loss: 1.1074 | LR: 6.40e-08 | MLM: 0.8004 | CTC: 0.3070
Step 409700/1000000 | Loss: 1.4772 | LR: 6.40e-08 | MLM: 1.1314 | CTC: 0.3458
Step 409800/1000000 | Loss: 1.4322 | LR: 6.40e-08 | MLM: 1.0676 | CTC: 0.3646
Step 409900/1000000 | Loss: 1.3632 | LR: 6.40e-08 | MLM: 0.9444 | CTC: 0.4189
Step 410000/1000000 | Loss: 1.6853 | LR: 6.41e-08 | MLM: 1.2558 | CTC: 0.4295
✓ Saved checkpoint to checkpoint_step_410000.t7
Step 410100/1000000 | Loss: 0.7222 | LR: 6.41e-08 | MLM: 0.5263 | CTC: 0.1959
Step 410200/1000000 | Loss: 2.1687 | LR: 6.41e-08 | MLM: 1.6199 | CTC: 0.5488
Step 410300/1000000 | Loss: 0.8302 | LR: 6.41e-08 | MLM: 0.6350 | CTC: 0.1951
Step 410400/1000000 | Loss: 1.4947 | LR: 6.41e-08 | MLM: 1.1029 | CTC: 0.3917
Step 410500/1000000 | Loss: 1.4728 | LR: 6.41e-08 | MLM: 1.1801 | CTC: 0.2927
Step 410600/1000000 | Loss: 1.8956 | LR: 6.41e-08 | MLM: 1.3067 | CTC: 0.5889
Step 410700/1000000 | Loss: 0.3735 | LR: 6.42e-08 | MLM: 0.2800 | CTC: 0.0936
Step 410800/1000000 | Loss: 1.8152 | LR: 6.42e-08 | MLM: 1.4625 | CTC: 0.3528
Step 410900/1000000 | Loss: 2.0225 | LR: 6.42e-08 | MLM: 1.4291 | CTC: 0.5934
Step 411000/1000000 | Loss: 1.7114 | LR: 6.42e-08 | MLM: 1.1552 | CTC: 0.5562
Step 411100/1000000 | Loss: 1.2963 | LR: 6.42e-08 | MLM: 0.9734 | CTC: 0.3229
Step 411200/1000000 | Loss: 0.5923 | LR: 6.42e-08 | MLM: 0.4708 | CTC: 0.1215
Step 411300/1000000 | Loss: 1.2641 | LR: 6.43e-08 | MLM: 0.9035 | CTC: 0.3605
Step 411400/1000000 | Loss: 1.3856 | LR: 6.43e-08 | MLM: 0.9865 | CTC: 0.3991
Step 411500/1000000 | Loss: 1.4749 | LR: 6.43e-08 | MLM: 1.0407 | CTC: 0.4343
Step 411600/1000000 | Loss: 1.5601 | LR: 6.43e-08 | MLM: 0.9336 | CTC: 0.6265
Step 411700/1000000 | Loss: 1.9975 | LR: 6.43e-08 | MLM: 1.5635 | CTC: 0.4339
Step 411800/1000000 | Loss: 0.7683 | LR: 6.43e-08 | MLM: 0.5957 | CTC: 0.1726
Step 411900/1000000 | Loss: 1.8282 | LR: 6.43e-08 | MLM: 1.3632 | CTC: 0.4650
Step 412000/1000000 | Loss: 0.8961 | LR: 6.44e-08 | MLM: 0.6999 | CTC: 0.1962
Step 412100/1000000 | Loss: 1.2920 | LR: 6.44e-08 | MLM: 0.9754 | CTC: 0.3167
Step 412200/1000000 | Loss: 0.5770 | LR: 6.44e-08 | MLM: 0.4297 | CTC: 0.1473
Step 412300/1000000 | Loss: 1.0086 | LR: 6.44e-08 | MLM: 0.7389 | CTC: 0.2697
Step 412400/1000000 | Loss: 0.9613 | LR: 6.44e-08 | MLM: 0.6343 | CTC: 0.3270
Step 412500/1000000 | Loss: 0.6588 | LR: 6.44e-08 | MLM: 0.4176 | CTC: 0.2412
Step 412600/1000000 | Loss: 1.2523 | LR: 6.45e-08 | MLM: 0.8840 | CTC: 0.3682
Step 412700/1000000 | Loss: 0.7875 | LR: 6.45e-08 | MLM: 0.5944 | CTC: 0.1931
Step 412800/1000000 | Loss: 1.4270 | LR: 6.45e-08 | MLM: 1.1824 | CTC: 0.2446
Step 412900/1000000 | Loss: 1.5328 | LR: 6.45e-08 | MLM: 1.2227 | CTC: 0.3101
Step 413000/1000000 | Loss: 1.6417 | LR: 6.45e-08 | MLM: 1.1684 | CTC: 0.4733
Step 413100/1000000 | Loss: 1.4199 | LR: 6.45e-08 | MLM: 0.9716 | CTC: 0.4483
Step 413200/1000000 | Loss: 1.8696 | LR: 6.46e-08 | MLM: 1.2498 | CTC: 0.6198
Step 413300/1000000 | Loss: 1.2109 | LR: 6.46e-08 | MLM: 0.9896 | CTC: 0.2213
Step 413400/1000000 | Loss: 0.8772 | LR: 6.46e-08 | MLM: 0.6039 | CTC: 0.2734
Step 413500/1000000 | Loss: 0.9581 | LR: 6.46e-08 | MLM: 0.7528 | CTC: 0.2053
Step 413600/1000000 | Loss: 1.0516 | LR: 6.46e-08 | MLM: 0.7507 | CTC: 0.3009
Step 413700/1000000 | Loss: 1.4161 | LR: 6.46e-08 | MLM: 1.1286 | CTC: 0.2875
Step 413800/1000000 | Loss: 2.0889 | LR: 6.46e-08 | MLM: 1.5385 | CTC: 0.5504
Step 413900/1000000 | Loss: 1.4389 | LR: 6.47e-08 | MLM: 1.0954 | CTC: 0.3434
Step 414000/1000000 | Loss: 1.8097 | LR: 6.47e-08 | MLM: 1.3410 | CTC: 0.4686
Step 414100/1000000 | Loss: 1.7949 | LR: 6.47e-08 | MLM: 1.4541 | CTC: 0.3408
Step 414200/1000000 | Loss: 1.0892 | LR: 6.47e-08 | MLM: 0.7018 | CTC: 0.3874
Step 414300/1000000 | Loss: 1.0599 | LR: 6.47e-08 | MLM: 0.7805 | CTC: 0.2793
Step 414400/1000000 | Loss: 1.1578 | LR: 6.47e-08 | MLM: 0.8440 | CTC: 0.3139
Step 414500/1000000 | Loss: 1.4348 | LR: 6.48e-08 | MLM: 1.1016 | CTC: 0.3331
Step 414600/1000000 | Loss: 2.3165 | LR: 6.48e-08 | MLM: 1.6050 | CTC: 0.7115
Step 414700/1000000 | Loss: 0.5665 | LR: 6.48e-08 | MLM: 0.4156 | CTC: 0.1509
Step 414800/1000000 | Loss: 2.1831 | LR: 6.48e-08 | MLM: 1.7196 | CTC: 0.4636
Step 414900/1000000 | Loss: 1.8412 | LR: 6.48e-08 | MLM: 1.3916 | CTC: 0.4496
Step 415000/1000000 | Loss: 0.8068 | LR: 6.48e-08 | MLM: 0.6035 | CTC: 0.2034
✓ Saved checkpoint to checkpoint_step_415000.t7
Step 415100/1000000 | Loss: 1.3380 | LR: 6.48e-08 | MLM: 0.9718 | CTC: 0.3662
Step 415200/1000000 | Loss: 0.9294 | LR: 6.49e-08 | MLM: 0.7066 | CTC: 0.2228
Step 415300/1000000 | Loss: 1.7183 | LR: 6.49e-08 | MLM: 1.2458 | CTC: 0.4724
Step 415400/1000000 | Loss: 0.9089 | LR: 6.49e-08 | MLM: 0.6932 | CTC: 0.2157
Step 415500/1000000 | Loss: 2.6308 | LR: 6.49e-08 | MLM: 1.8911 | CTC: 0.7397
Step 415600/1000000 | Loss: 2.0503 | LR: 6.49e-08 | MLM: 1.5942 | CTC: 0.4560
Step 415700/1000000 | Loss: 1.7119 | LR: 6.49e-08 | MLM: 1.2649 | CTC: 0.4470
Step 415800/1000000 | Loss: 2.0853 | LR: 6.50e-08 | MLM: 1.4711 | CTC: 0.6142
Step 415900/1000000 | Loss: 1.9037 | LR: 6.50e-08 | MLM: 1.3767 | CTC: 0.5270
Step 416000/1000000 | Loss: 0.8659 | LR: 6.50e-08 | MLM: 0.5563 | CTC: 0.3096
Step 416100/1000000 | Loss: 1.1216 | LR: 6.50e-08 | MLM: 0.8464 | CTC: 0.2752
Step 416200/1000000 | Loss: 1.0188 | LR: 6.50e-08 | MLM: 0.7138 | CTC: 0.3050
Step 416300/1000000 | Loss: 0.9234 | LR: 6.50e-08 | MLM: 0.6838 | CTC: 0.2396
Step 416400/1000000 | Loss: 1.8232 | LR: 6.51e-08 | MLM: 1.4670 | CTC: 0.3562
Step 416500/1000000 | Loss: 2.1726 | LR: 6.51e-08 | MLM: 1.5757 | CTC: 0.5969
Step 416600/1000000 | Loss: 1.3331 | LR: 6.51e-08 | MLM: 0.8899 | CTC: 0.4431
Step 416700/1000000 | Loss: 0.8838 | LR: 6.51e-08 | MLM: 0.6510 | CTC: 0.2328
Step 416800/1000000 | Loss: 1.1032 | LR: 6.51e-08 | MLM: 0.8889 | CTC: 0.2144
Step 416900/1000000 | Loss: 1.8508 | LR: 6.51e-08 | MLM: 1.3173 | CTC: 0.5335
Step 417000/1000000 | Loss: 1.3263 | LR: 6.51e-08 | MLM: 1.0123 | CTC: 0.3140
Step 417100/1000000 | Loss: 0.4090 | LR: 6.52e-08 | MLM: 0.2332 | CTC: 0.1758
Step 417200/1000000 | Loss: 1.0949 | LR: 6.52e-08 | MLM: 0.8001 | CTC: 0.2949
Step 417300/1000000 | Loss: 1.6196 | LR: 6.52e-08 | MLM: 1.2485 | CTC: 0.3711
Step 417400/1000000 | Loss: 0.3463 | LR: 6.52e-08 | MLM: 0.2493 | CTC: 0.0970
Step 417500/1000000 | Loss: 1.7236 | LR: 6.52e-08 | MLM: 1.4103 | CTC: 0.3133
Step 417600/1000000 | Loss: 1.2647 | LR: 6.52e-08 | MLM: 0.9256 | CTC: 0.3390
Step 417700/1000000 | Loss: 1.3585 | LR: 6.53e-08 | MLM: 1.0528 | CTC: 0.3057
Step 417800/1000000 | Loss: 0.9002 | LR: 6.53e-08 | MLM: 0.5660 | CTC: 0.3342
Step 417900/1000000 | Loss: 1.4529 | LR: 6.53e-08 | MLM: 0.9874 | CTC: 0.4655
Step 418000/1000000 | Loss: 1.4475 | LR: 6.53e-08 | MLM: 1.1050 | CTC: 0.3425
Step 418100/1000000 | Loss: 2.0556 | LR: 6.53e-08 | MLM: 1.5324 | CTC: 0.5232
Step 418200/1000000 | Loss: 1.9611 | LR: 6.53e-08 | MLM: 1.4596 | CTC: 0.5015
Step 418300/1000000 | Loss: 0.8703 | LR: 6.53e-08 | MLM: 0.6523 | CTC: 0.2180
Step 418400/1000000 | Loss: 1.0060 | LR: 6.54e-08 | MLM: 0.7686 | CTC: 0.2374
Step 418500/1000000 | Loss: 1.0465 | LR: 6.54e-08 | MLM: 0.7745 | CTC: 0.2720
Step 418600/1000000 | Loss: 1.2475 | LR: 6.54e-08 | MLM: 0.8869 | CTC: 0.3606
Step 418700/1000000 | Loss: 1.4360 | LR: 6.54e-08 | MLM: 0.9815 | CTC: 0.4544
Step 418800/1000000 | Loss: 1.2740 | LR: 6.54e-08 | MLM: 0.8896 | CTC: 0.3844
Step 418900/1000000 | Loss: 1.0537 | LR: 6.54e-08 | MLM: 0.6975 | CTC: 0.3562
Step 419000/1000000 | Loss: 0.9276 | LR: 6.55e-08 | MLM: 0.6661 | CTC: 0.2615
Step 419100/1000000 | Loss: 0.7918 | LR: 6.55e-08 | MLM: 0.5435 | CTC: 0.2483
Step 419200/1000000 | Loss: 0.9392 | LR: 6.55e-08 | MLM: 0.6015 | CTC: 0.3377
Step 419300/1000000 | Loss: 1.9571 | LR: 6.55e-08 | MLM: 1.6153 | CTC: 0.3417
Step 419400/1000000 | Loss: 1.1853 | LR: 6.55e-08 | MLM: 0.9493 | CTC: 0.2360
Step 419500/1000000 | Loss: 0.0263 | LR: 6.55e-08 | MLM: 0.0081 | CTC: 0.0182
Step 419600/1000000 | Loss: 1.1465 | LR: 6.56e-08 | MLM: 0.8333 | CTC: 0.3132
Step 419700/1000000 | Loss: 1.7076 | LR: 6.56e-08 | MLM: 1.2211 | CTC: 0.4865
Step 419800/1000000 | Loss: 1.5929 | LR: 6.56e-08 | MLM: 1.0297 | CTC: 0.5632
Step 419900/1000000 | Loss: 1.1631 | LR: 6.56e-08 | MLM: 0.9083 | CTC: 0.2549
Step 420000/1000000 | Loss: 1.5581 | LR: 6.56e-08 | MLM: 1.1605 | CTC: 0.3976
✓ Saved checkpoint to checkpoint_step_420000.t7
Step 420100/1000000 | Loss: 1.0452 | LR: 6.56e-08 | MLM: 0.7546 | CTC: 0.2906
Step 420200/1000000 | Loss: 0.8347 | LR: 6.56e-08 | MLM: 0.5350 | CTC: 0.2997
Step 420300/1000000 | Loss: 1.3744 | LR: 6.57e-08 | MLM: 1.0524 | CTC: 0.3220
Step 420400/1000000 | Loss: 0.8028 | LR: 6.57e-08 | MLM: 0.5325 | CTC: 0.2703
Step 420500/1000000 | Loss: 1.3521 | LR: 6.57e-08 | MLM: 1.0441 | CTC: 0.3081
Step 420600/1000000 | Loss: 0.7558 | LR: 6.57e-08 | MLM: 0.5432 | CTC: 0.2126
Step 420700/1000000 | Loss: 1.0651 | LR: 6.57e-08 | MLM: 0.7712 | CTC: 0.2939
Step 420800/1000000 | Loss: 1.3523 | LR: 6.57e-08 | MLM: 0.9973 | CTC: 0.3550
Step 420900/1000000 | Loss: 1.2313 | LR: 6.58e-08 | MLM: 0.9316 | CTC: 0.2997
Step 421000/1000000 | Loss: 0.7688 | LR: 6.58e-08 | MLM: 0.5538 | CTC: 0.2151
Step 421100/1000000 | Loss: 1.9749 | LR: 6.58e-08 | MLM: 1.3696 | CTC: 0.6053
Step 421200/1000000 | Loss: 0.5341 | LR: 6.58e-08 | MLM: 0.3565 | CTC: 0.1777
Step 421300/1000000 | Loss: 1.7875 | LR: 6.58e-08 | MLM: 1.3858 | CTC: 0.4017
Step 421400/1000000 | Loss: 0.0537 | LR: 6.58e-08 | MLM: 0.0071 | CTC: 0.0466
Step 421500/1000000 | Loss: 0.9083 | LR: 6.58e-08 | MLM: 0.6468 | CTC: 0.2616
Step 421600/1000000 | Loss: 0.9459 | LR: 6.59e-08 | MLM: 0.6740 | CTC: 0.2719
Step 421700/1000000 | Loss: 1.7774 | LR: 6.59e-08 | MLM: 1.3457 | CTC: 0.4317
Step 421800/1000000 | Loss: 1.1763 | LR: 6.59e-08 | MLM: 0.7729 | CTC: 0.4034
Step 421900/1000000 | Loss: 1.2632 | LR: 6.59e-08 | MLM: 0.9373 | CTC: 0.3260
Step 422000/1000000 | Loss: 0.3161 | LR: 6.59e-08 | MLM: 0.2151 | CTC: 0.1010
Step 422100/1000000 | Loss: 1.3556 | LR: 6.59e-08 | MLM: 1.0367 | CTC: 0.3189
Step 422200/1000000 | Loss: 0.6955 | LR: 6.60e-08 | MLM: 0.5263 | CTC: 0.1692
Step 422300/1000000 | Loss: 0.6068 | LR: 6.60e-08 | MLM: 0.4784 | CTC: 0.1284
Step 422400/1000000 | Loss: 1.4786 | LR: 6.60e-08 | MLM: 1.1073 | CTC: 0.3714
Step 422500/1000000 | Loss: 1.7043 | LR: 6.60e-08 | MLM: 1.3068 | CTC: 0.3975
Step 422600/1000000 | Loss: 1.5951 | LR: 6.60e-08 | MLM: 1.2401 | CTC: 0.3551
Step 422700/1000000 | Loss: 1.0951 | LR: 6.60e-08 | MLM: 0.7835 | CTC: 0.3116
Step 422800/1000000 | Loss: 1.9967 | LR: 6.61e-08 | MLM: 1.4883 | CTC: 0.5084
Step 422900/1000000 | Loss: 1.3279 | LR: 6.61e-08 | MLM: 1.0167 | CTC: 0.3111
Step 423000/1000000 | Loss: 1.3891 | LR: 6.61e-08 | MLM: 1.0329 | CTC: 0.3562
Step 423100/1000000 | Loss: 1.4662 | LR: 6.61e-08 | MLM: 1.1485 | CTC: 0.3176
Step 423200/1000000 | Loss: 0.9502 | LR: 6.61e-08 | MLM: 0.6662 | CTC: 0.2839
Step 423300/1000000 | Loss: 1.9535 | LR: 6.61e-08 | MLM: 1.5218 | CTC: 0.4318
Step 423400/1000000 | Loss: 1.6130 | LR: 6.61e-08 | MLM: 1.1763 | CTC: 0.4367
Step 423500/1000000 | Loss: 0.3821 | LR: 6.62e-08 | MLM: 0.2917 | CTC: 0.0904
Step 423600/1000000 | Loss: 1.3839 | LR: 6.62e-08 | MLM: 1.0595 | CTC: 0.3244
Step 423700/1000000 | Loss: 1.2889 | LR: 6.62e-08 | MLM: 0.9229 | CTC: 0.3660
Step 423800/1000000 | Loss: 0.4680 | LR: 6.62e-08 | MLM: 0.3588 | CTC: 0.1093
Step 423900/1000000 | Loss: 1.0260 | LR: 6.62e-08 | MLM: 0.7847 | CTC: 0.2413
Step 424000/1000000 | Loss: 1.6514 | LR: 6.63e-08 | MLM: 1.2607 | CTC: 0.3908
Step 424100/1000000 | Loss: 1.8798 | LR: 6.63e-08 | MLM: 1.3242 | CTC: 0.5556
Step 424200/1000000 | Loss: 1.0047 | LR: 6.63e-08 | MLM: 0.7885 | CTC: 0.2161
Step 424300/1000000 | Loss: 1.8583 | LR: 6.63e-08 | MLM: 1.3375 | CTC: 0.5209
Step 424400/1000000 | Loss: 0.8839 | LR: 6.63e-08 | MLM: 0.6936 | CTC: 0.1903
Step 424500/1000000 | Loss: 1.8100 | LR: 6.63e-08 | MLM: 1.3030 | CTC: 0.5070
Step 424600/1000000 | Loss: 1.1115 | LR: 6.63e-08 | MLM: 0.8112 | CTC: 0.3004
Step 424700/1000000 | Loss: 1.5333 | LR: 6.63e-08 | MLM: 1.0502 | CTC: 0.4831
Step 424800/1000000 | Loss: 1.8132 | LR: 6.64e-08 | MLM: 1.4165 | CTC: 0.3967
Step 424900/1000000 | Loss: 1.3084 | LR: 6.64e-08 | MLM: 0.9307 | CTC: 0.3777
Step 425000/1000000 | Loss: 1.4260 | LR: 6.64e-08 | MLM: 1.1027 | CTC: 0.3233
✓ Saved checkpoint to checkpoint_step_425000.t7
Step 425100/1000000 | Loss: 0.4709 | LR: 6.64e-08 | MLM: 0.3135 | CTC: 0.1575
Step 425200/1000000 | Loss: 1.1494 | LR: 6.64e-08 | MLM: 0.8867 | CTC: 0.2627
Step 425300/1000000 | Loss: 1.7050 | LR: 6.64e-08 | MLM: 1.2953 | CTC: 0.4097
Step 425400/1000000 | Loss: 0.7626 | LR: 6.65e-08 | MLM: 0.5323 | CTC: 0.2303
Step 425500/1000000 | Loss: 1.1622 | LR: 6.65e-08 | MLM: 0.8320 | CTC: 0.3302
Step 425600/1000000 | Loss: 1.8529 | LR: 6.65e-08 | MLM: 1.3034 | CTC: 0.5495
Step 425700/1000000 | Loss: 0.5865 | LR: 6.65e-08 | MLM: 0.4212 | CTC: 0.1653
Step 425800/1000000 | Loss: 1.5894 | LR: 6.65e-08 | MLM: 1.1753 | CTC: 0.4141
Step 425900/1000000 | Loss: 0.8653 | LR: 6.65e-08 | MLM: 0.6600 | CTC: 0.2053
Step 426000/1000000 | Loss: 0.8001 | LR: 6.66e-08 | MLM: 0.5942 | CTC: 0.2059
Step 426100/1000000 | Loss: 1.4144 | LR: 6.66e-08 | MLM: 1.0840 | CTC: 0.3304
Step 426200/1000000 | Loss: 1.0352 | LR: 6.66e-08 | MLM: 0.6961 | CTC: 0.3390
Step 426300/1000000 | Loss: 2.0793 | LR: 6.66e-08 | MLM: 1.6071 | CTC: 0.4722
Step 426400/1000000 | Loss: 0.2551 | LR: 6.66e-08 | MLM: 0.1758 | CTC: 0.0793
Step 426500/1000000 | Loss: 1.4167 | LR: 6.66e-08 | MLM: 1.0718 | CTC: 0.3450
Step 426600/1000000 | Loss: 1.9646 | LR: 6.66e-08 | MLM: 1.4698 | CTC: 0.4948
Step 426700/1000000 | Loss: 1.7329 | LR: 6.67e-08 | MLM: 1.2636 | CTC: 0.4693
Step 426800/1000000 | Loss: 1.6282 | LR: 6.67e-08 | MLM: 1.2187 | CTC: 0.4094
Step 426900/1000000 | Loss: 1.0916 | LR: 6.67e-08 | MLM: 0.8792 | CTC: 0.2124
Step 427000/1000000 | Loss: 1.2693 | LR: 6.67e-08 | MLM: 0.9822 | CTC: 0.2871
Step 427100/1000000 | Loss: 1.4369 | LR: 6.67e-08 | MLM: 1.0720 | CTC: 0.3649
Step 427200/1000000 | Loss: 1.3530 | LR: 6.67e-08 | MLM: 1.0264 | CTC: 0.3266
Step 427300/1000000 | Loss: 1.9507 | LR: 6.68e-08 | MLM: 1.3424 | CTC: 0.6083
Step 427400/1000000 | Loss: 1.5203 | LR: 6.68e-08 | MLM: 1.2905 | CTC: 0.2298
Step 427500/1000000 | Loss: 1.5784 | LR: 6.68e-08 | MLM: 1.2028 | CTC: 0.3756
Step 427600/1000000 | Loss: 1.8486 | LR: 6.68e-08 | MLM: 1.3695 | CTC: 0.4791
Step 427700/1000000 | Loss: 2.1476 | LR: 6.68e-08 | MLM: 1.6489 | CTC: 0.4987
Step 427800/1000000 | Loss: 1.5871 | LR: 6.68e-08 | MLM: 1.1945 | CTC: 0.3926
Step 427900/1000000 | Loss: 1.9053 | LR: 6.68e-08 | MLM: 1.4172 | CTC: 0.4881
Step 428000/1000000 | Loss: 1.5359 | LR: 6.69e-08 | MLM: 1.2150 | CTC: 0.3210
Step 428100/1000000 | Loss: 1.4506 | LR: 6.69e-08 | MLM: 1.1183 | CTC: 0.3323
Step 428200/1000000 | Loss: 1.9497 | LR: 6.69e-08 | MLM: 1.4568 | CTC: 0.4929
Step 428300/1000000 | Loss: 1.3848 | LR: 6.69e-08 | MLM: 0.9169 | CTC: 0.4679
Step 428400/1000000 | Loss: 1.5618 | LR: 6.69e-08 | MLM: 1.1864 | CTC: 0.3754
Step 428500/1000000 | Loss: 1.2731 | LR: 6.70e-08 | MLM: 0.9177 | CTC: 0.3555
Step 428600/1000000 | Loss: 1.1504 | LR: 6.70e-08 | MLM: 0.8247 | CTC: 0.3257
Step 428700/1000000 | Loss: 0.9031 | LR: 6.70e-08 | MLM: 0.6694 | CTC: 0.2337
Step 428800/1000000 | Loss: 1.8802 | LR: 6.70e-08 | MLM: 1.2432 | CTC: 0.6370
Step 428900/1000000 | Loss: 1.3855 | LR: 6.70e-08 | MLM: 0.9722 | CTC: 0.4133
Step 429000/1000000 | Loss: 1.0404 | LR: 6.70e-08 | MLM: 0.8541 | CTC: 0.1863
Step 429100/1000000 | Loss: 0.9213 | LR: 6.70e-08 | MLM: 0.6913 | CTC: 0.2300
Step 429200/1000000 | Loss: 0.5614 | LR: 6.71e-08 | MLM: 0.4151 | CTC: 0.1463
Step 429300/1000000 | Loss: 1.0894 | LR: 6.71e-08 | MLM: 0.7403 | CTC: 0.3491
Step 429400/1000000 | Loss: 0.9375 | LR: 6.71e-08 | MLM: 0.7429 | CTC: 0.1946
Step 429500/1000000 | Loss: 0.9175 | LR: 6.71e-08 | MLM: 0.6989 | CTC: 0.2186
Step 429600/1000000 | Loss: 0.9383 | LR: 6.71e-08 | MLM: 0.7670 | CTC: 0.1713
Step 429700/1000000 | Loss: 1.5009 | LR: 6.71e-08 | MLM: 1.1568 | CTC: 0.3441
Step 429800/1000000 | Loss: 0.7991 | LR: 6.71e-08 | MLM: 0.6207 | CTC: 0.1783
Step 429900/1000000 | Loss: 1.7912 | LR: 6.72e-08 | MLM: 1.3281 | CTC: 0.4632
Step 430000/1000000 | Loss: 0.8319 | LR: 6.72e-08 | MLM: 0.5206 | CTC: 0.3112
✓ Saved checkpoint to checkpoint_step_430000.t7
Step 430100/1000000 | Loss: 1.7999 | LR: 6.72e-08 | MLM: 1.3042 | CTC: 0.4958
Step 430200/1000000 | Loss: 1.6386 | LR: 6.72e-08 | MLM: 1.2393 | CTC: 0.3992
Step 430300/1000000 | Loss: 2.2168 | LR: 6.72e-08 | MLM: 1.5579 | CTC: 0.6590
Step 430400/1000000 | Loss: 0.9195 | LR: 6.72e-08 | MLM: 0.6604 | CTC: 0.2591
Step 430500/1000000 | Loss: 0.4444 | LR: 6.73e-08 | MLM: 0.3222 | CTC: 0.1222
Step 430600/1000000 | Loss: 1.2338 | LR: 6.73e-08 | MLM: 0.9359 | CTC: 0.2979
Step 430700/1000000 | Loss: 0.7778 | LR: 6.73e-08 | MLM: 0.5599 | CTC: 0.2178
Step 430800/1000000 | Loss: 0.2804 | LR: 6.73e-08 | MLM: 0.2353 | CTC: 0.0450
Step 430900/1000000 | Loss: 1.1329 | LR: 6.73e-08 | MLM: 0.8530 | CTC: 0.2798
Step 431000/1000000 | Loss: 0.6013 | LR: 6.73e-08 | MLM: 0.4784 | CTC: 0.1229
Step 431100/1000000 | Loss: 1.1233 | LR: 6.73e-08 | MLM: 0.8013 | CTC: 0.3219
Step 431200/1000000 | Loss: 0.7694 | LR: 6.74e-08 | MLM: 0.5401 | CTC: 0.2293
Step 431300/1000000 | Loss: 0.6921 | LR: 6.74e-08 | MLM: 0.4957 | CTC: 0.1964
Step 431400/1000000 | Loss: 1.3487 | LR: 6.74e-08 | MLM: 1.0280 | CTC: 0.3207
Step 431500/1000000 | Loss: 1.5788 | LR: 6.74e-08 | MLM: 1.1286 | CTC: 0.4502
Step 431600/1000000 | Loss: 1.7345 | LR: 6.74e-08 | MLM: 1.2394 | CTC: 0.4951
Step 431700/1000000 | Loss: 0.6789 | LR: 6.74e-08 | MLM: 0.5159 | CTC: 0.1630
Step 431800/1000000 | Loss: 2.0692 | LR: 6.75e-08 | MLM: 1.5818 | CTC: 0.4874
Step 431900/1000000 | Loss: 1.3689 | LR: 6.75e-08 | MLM: 1.0864 | CTC: 0.2825
Step 432000/1000000 | Loss: 1.8519 | LR: 6.75e-08 | MLM: 1.3521 | CTC: 0.4998
Step 432100/1000000 | Loss: 0.6854 | LR: 6.75e-08 | MLM: 0.4775 | CTC: 0.2080
Step 432200/1000000 | Loss: 2.2425 | LR: 6.75e-08 | MLM: 1.7197 | CTC: 0.5229
Step 432300/1000000 | Loss: 1.8144 | LR: 6.75e-08 | MLM: 1.3636 | CTC: 0.4507
Step 432400/1000000 | Loss: 1.4722 | LR: 6.76e-08 | MLM: 1.1390 | CTC: 0.3332
Step 432500/1000000 | Loss: 1.2358 | LR: 6.76e-08 | MLM: 0.9557 | CTC: 0.2800
Step 432600/1000000 | Loss: 1.8055 | LR: 6.76e-08 | MLM: 1.4142 | CTC: 0.3913
Step 432700/1000000 | Loss: 1.2147 | LR: 6.76e-08 | MLM: 0.9121 | CTC: 0.3026
Step 432800/1000000 | Loss: 0.8262 | LR: 6.76e-08 | MLM: 0.5508 | CTC: 0.2755
Step 432900/1000000 | Loss: 0.1634 | LR: 6.76e-08 | MLM: 0.0776 | CTC: 0.0858
Step 433000/1000000 | Loss: 1.6206 | LR: 6.77e-08 | MLM: 1.1712 | CTC: 0.4494
Step 433100/1000000 | Loss: 1.6193 | LR: 6.77e-08 | MLM: 1.1961 | CTC: 0.4232
Step 433200/1000000 | Loss: 1.6435 | LR: 6.77e-08 | MLM: 1.1625 | CTC: 0.4810
Step 433300/1000000 | Loss: 0.6022 | LR: 6.77e-08 | MLM: 0.4976 | CTC: 0.1047
Step 433400/1000000 | Loss: 1.8076 | LR: 6.77e-08 | MLM: 1.3175 | CTC: 0.4901
Step 433500/1000000 | Loss: 0.5970 | LR: 6.77e-08 | MLM: 0.4263 | CTC: 0.1707
Step 433600/1000000 | Loss: 1.6888 | LR: 6.77e-08 | MLM: 1.1818 | CTC: 0.5071
Step 433700/1000000 | Loss: 1.5609 | LR: 6.78e-08 | MLM: 1.1938 | CTC: 0.3671
Step 433800/1000000 | Loss: 1.4068 | LR: 6.78e-08 | MLM: 1.0234 | CTC: 0.3834
Step 433900/1000000 | Loss: 1.7266 | LR: 6.78e-08 | MLM: 1.3606 | CTC: 0.3660
Step 434000/1000000 | Loss: 1.4289 | LR: 6.78e-08 | MLM: 1.1242 | CTC: 0.3047
Step 434100/1000000 | Loss: 1.9933 | LR: 6.78e-08 | MLM: 1.5154 | CTC: 0.4779
Step 434200/1000000 | Loss: 1.5438 | LR: 6.78e-08 | MLM: 1.0973 | CTC: 0.4465
Step 434300/1000000 | Loss: 0.8759 | LR: 6.79e-08 | MLM: 0.6488 | CTC: 0.2271
Step 434400/1000000 | Loss: 1.3009 | LR: 6.79e-08 | MLM: 0.9816 | CTC: 0.3194
Step 434500/1000000 | Loss: 1.1151 | LR: 6.79e-08 | MLM: 0.8931 | CTC: 0.2221
Step 434600/1000000 | Loss: 1.2132 | LR: 6.79e-08 | MLM: 0.9513 | CTC: 0.2619
Step 434700/1000000 | Loss: 1.4512 | LR: 6.79e-08 | MLM: 1.0333 | CTC: 0.4179
Step 434800/1000000 | Loss: 2.1964 | LR: 6.79e-08 | MLM: 1.7127 | CTC: 0.4837
Step 434900/1000000 | Loss: 1.2124 | LR: 6.79e-08 | MLM: 0.8816 | CTC: 0.3308
Step 435000/1000000 | Loss: 1.0567 | LR: 6.80e-08 | MLM: 0.7642 | CTC: 0.2925
✓ Saved checkpoint to checkpoint_step_435000.t7
Step 435100/1000000 | Loss: 2.2587 | LR: 6.80e-08 | MLM: 1.7328 | CTC: 0.5259
Step 435200/1000000 | Loss: 2.3501 | LR: 6.80e-08 | MLM: 1.8541 | CTC: 0.4960
Step 435300/1000000 | Loss: 0.6775 | LR: 6.80e-08 | MLM: 0.4605 | CTC: 0.2169
Step 435400/1000000 | Loss: 1.0639 | LR: 6.80e-08 | MLM: 0.7333 | CTC: 0.3307
Step 435500/1000000 | Loss: 0.9883 | LR: 6.80e-08 | MLM: 0.6615 | CTC: 0.3269
Step 435600/1000000 | Loss: 1.7666 | LR: 6.81e-08 | MLM: 1.3028 | CTC: 0.4639
Step 435700/1000000 | Loss: 1.9845 | LR: 6.81e-08 | MLM: 1.5070 | CTC: 0.4776
Step 435800/1000000 | Loss: 1.5051 | LR: 6.81e-08 | MLM: 1.0636 | CTC: 0.4415
Step 435900/1000000 | Loss: 1.4019 | LR: 6.81e-08 | MLM: 1.0988 | CTC: 0.3031
Step 436000/1000000 | Loss: 1.5143 | LR: 6.81e-08 | MLM: 1.0504 | CTC: 0.4639
Step 436100/1000000 | Loss: 1.6440 | LR: 6.81e-08 | MLM: 1.1877 | CTC: 0.4563
Step 436200/1000000 | Loss: 1.5395 | LR: 6.81e-08 | MLM: 1.0464 | CTC: 0.4930
Step 436300/1000000 | Loss: 1.2688 | LR: 6.82e-08 | MLM: 0.9522 | CTC: 0.3166
Step 436400/1000000 | Loss: 1.1330 | LR: 6.82e-08 | MLM: 0.8427 | CTC: 0.2903
Step 436500/1000000 | Loss: 1.4573 | LR: 6.82e-08 | MLM: 1.1023 | CTC: 0.3550
Step 436600/1000000 | Loss: 1.5995 | LR: 6.82e-08 | MLM: 1.1337 | CTC: 0.4658
Step 436700/1000000 | Loss: 1.6176 | LR: 6.82e-08 | MLM: 1.1672 | CTC: 0.4504
Step 436800/1000000 | Loss: 1.0286 | LR: 6.82e-08 | MLM: 0.7842 | CTC: 0.2444
Step 436900/1000000 | Loss: 0.9500 | LR: 6.83e-08 | MLM: 0.7722 | CTC: 0.1778
Step 437000/1000000 | Loss: 0.9019 | LR: 6.83e-08 | MLM: 0.6859 | CTC: 0.2161
Step 437100/1000000 | Loss: 0.8129 | LR: 6.83e-08 | MLM: 0.6124 | CTC: 0.2005
Step 437200/1000000 | Loss: 0.7055 | LR: 6.83e-08 | MLM: 0.5101 | CTC: 0.1954
Step 437300/1000000 | Loss: 1.2049 | LR: 6.83e-08 | MLM: 0.8229 | CTC: 0.3820
Step 437400/1000000 | Loss: 0.8609 | LR: 6.83e-08 | MLM: 0.6031 | CTC: 0.2578
Step 437500/1000000 | Loss: 0.9328 | LR: 6.83e-08 | MLM: 0.6871 | CTC: 0.2457
Step 437600/1000000 | Loss: 0.8795 | LR: 6.84e-08 | MLM: 0.6673 | CTC: 0.2122
Step 437700/1000000 | Loss: 1.2030 | LR: 6.84e-08 | MLM: 0.9296 | CTC: 0.2734
Step 437800/1000000 | Loss: 1.5672 | LR: 6.84e-08 | MLM: 1.1557 | CTC: 0.4115
Step 437900/1000000 | Loss: 1.0232 | LR: 6.84e-08 | MLM: 0.7188 | CTC: 0.3045
Step 438000/1000000 | Loss: 1.5714 | LR: 6.84e-08 | MLM: 1.1360 | CTC: 0.4353
Step 438100/1000000 | Loss: 1.7012 | LR: 6.84e-08 | MLM: 1.3222 | CTC: 0.3789
Step 438200/1000000 | Loss: 1.4786 | LR: 6.85e-08 | MLM: 1.0938 | CTC: 0.3848
Step 438300/1000000 | Loss: 2.2730 | LR: 6.85e-08 | MLM: 1.6291 | CTC: 0.6439
Step 438400/1000000 | Loss: 1.6119 | LR: 6.85e-08 | MLM: 1.1907 | CTC: 0.4212
Step 438500/1000000 | Loss: 0.6095 | LR: 6.85e-08 | MLM: 0.4375 | CTC: 0.1721
Step 438600/1000000 | Loss: 1.4593 | LR: 6.85e-08 | MLM: 1.0466 | CTC: 0.4127
Step 438700/1000000 | Loss: 0.9964 | LR: 6.85e-08 | MLM: 0.7016 | CTC: 0.2948
Step 438800/1000000 | Loss: 0.8642 | LR: 6.86e-08 | MLM: 0.5984 | CTC: 0.2658
Step 438900/1000000 | Loss: 1.5162 | LR: 6.86e-08 | MLM: 1.1201 | CTC: 0.3961
Step 439000/1000000 | Loss: 1.1912 | LR: 6.86e-08 | MLM: 0.8204 | CTC: 0.3708
Step 439100/1000000 | Loss: 1.8292 | LR: 6.86e-08 | MLM: 1.2741 | CTC: 0.5551
Step 439200/1000000 | Loss: 1.4237 | LR: 6.86e-08 | MLM: 1.1505 | CTC: 0.2732
Step 439300/1000000 | Loss: 1.1031 | LR: 6.86e-08 | MLM: 0.7970 | CTC: 0.3061
Step 439400/1000000 | Loss: 0.5834 | LR: 6.86e-08 | MLM: 0.4274 | CTC: 0.1560
Step 439500/1000000 | Loss: 1.8613 | LR: 6.87e-08 | MLM: 1.3348 | CTC: 0.5265
Step 439600/1000000 | Loss: 1.7826 | LR: 6.87e-08 | MLM: 1.2973 | CTC: 0.4854
Step 439700/1000000 | Loss: 1.6113 | LR: 6.87e-08 | MLM: 1.1574 | CTC: 0.4539
Step 439800/1000000 | Loss: 1.7954 | LR: 6.87e-08 | MLM: 1.2507 | CTC: 0.5446
Step 439900/1000000 | Loss: 1.4133 | LR: 6.87e-08 | MLM: 1.0662 | CTC: 0.3471
Step 440000/1000000 | Loss: 1.2006 | LR: 6.88e-08 | MLM: 0.8749 | CTC: 0.3257
✓ Saved checkpoint to checkpoint_step_440000.t7
Step 440100/1000000 | Loss: 0.7516 | LR: 6.88e-08 | MLM: 0.5453 | CTC: 0.2063
Step 440200/1000000 | Loss: 1.0564 | LR: 6.88e-08 | MLM: 0.7412 | CTC: 0.3152
Step 440300/1000000 | Loss: 1.5223 | LR: 6.88e-08 | MLM: 1.0442 | CTC: 0.4781
Step 440400/1000000 | Loss: 0.4793 | LR: 6.88e-08 | MLM: 0.3416 | CTC: 0.1376
Step 440500/1000000 | Loss: 2.1658 | LR: 6.88e-08 | MLM: 1.6166 | CTC: 0.5492
Step 440600/1000000 | Loss: 0.7576 | LR: 6.88e-08 | MLM: 0.5670 | CTC: 0.1906
Step 440700/1000000 | Loss: 1.1552 | LR: 6.88e-08 | MLM: 0.7215 | CTC: 0.4337
Step 440800/1000000 | Loss: 1.3814 | LR: 6.89e-08 | MLM: 1.0581 | CTC: 0.3233
Step 440900/1000000 | Loss: 1.6294 | LR: 6.89e-08 | MLM: 1.1194 | CTC: 0.5101
Step 441000/1000000 | Loss: 1.2464 | LR: 6.89e-08 | MLM: 0.9093 | CTC: 0.3371
Step 441100/1000000 | Loss: 1.6541 | LR: 6.89e-08 | MLM: 1.2566 | CTC: 0.3975
Step 441200/1000000 | Loss: 1.6726 | LR: 6.89e-08 | MLM: 1.2147 | CTC: 0.4579
Step 441300/1000000 | Loss: 0.7929 | LR: 6.89e-08 | MLM: 0.6016 | CTC: 0.1913
Step 441400/1000000 | Loss: 0.8565 | LR: 6.90e-08 | MLM: 0.5773 | CTC: 0.2792
Step 441500/1000000 | Loss: 1.0018 | LR: 6.90e-08 | MLM: 0.7671 | CTC: 0.2347
Step 441600/1000000 | Loss: 0.3785 | LR: 6.90e-08 | MLM: 0.2639 | CTC: 0.1146
Step 441700/1000000 | Loss: 1.3190 | LR: 6.90e-08 | MLM: 0.9102 | CTC: 0.4088
Step 441800/1000000 | Loss: 0.7506 | LR: 6.90e-08 | MLM: 0.4938 | CTC: 0.2568
Step 441900/1000000 | Loss: 1.6149 | LR: 6.90e-08 | MLM: 1.0794 | CTC: 0.5355
Step 442000/1000000 | Loss: 1.0222 | LR: 6.91e-08 | MLM: 0.7616 | CTC: 0.2606
Step 442100/1000000 | Loss: 0.8461 | LR: 6.91e-08 | MLM: 0.6241 | CTC: 0.2220
Step 442200/1000000 | Loss: 0.3952 | LR: 6.91e-08 | MLM: 0.2625 | CTC: 0.1327
Step 442300/1000000 | Loss: 1.5826 | LR: 6.91e-08 | MLM: 1.2008 | CTC: 0.3817
Step 442400/1000000 | Loss: 1.1016 | LR: 6.91e-08 | MLM: 0.8288 | CTC: 0.2728
Step 442500/1000000 | Loss: 0.2598 | LR: 6.91e-08 | MLM: 0.1474 | CTC: 0.1124
Step 442600/1000000 | Loss: 1.4898 | LR: 6.91e-08 | MLM: 1.1472 | CTC: 0.3426
Step 442700/1000000 | Loss: 1.6976 | LR: 6.92e-08 | MLM: 1.2723 | CTC: 0.4253
Step 442800/1000000 | Loss: 1.6135 | LR: 6.92e-08 | MLM: 1.2359 | CTC: 0.3776
Step 442900/1000000 | Loss: 1.1318 | LR: 6.92e-08 | MLM: 0.8761 | CTC: 0.2557
Step 443000/1000000 | Loss: 2.1217 | LR: 6.92e-08 | MLM: 1.6033 | CTC: 0.5184
Step 443100/1000000 | Loss: 0.8329 | LR: 6.92e-08 | MLM: 0.6388 | CTC: 0.1941
Step 443200/1000000 | Loss: 2.3478 | LR: 6.93e-08 | MLM: 1.7875 | CTC: 0.5603
Step 443300/1000000 | Loss: 0.3579 | LR: 6.93e-08 | MLM: 0.2598 | CTC: 0.0980
Step 443400/1000000 | Loss: 0.7572 | LR: 6.93e-08 | MLM: 0.5687 | CTC: 0.1885
Step 443500/1000000 | Loss: 1.5747 | LR: 6.93e-08 | MLM: 1.2076 | CTC: 0.3671
Step 443600/1000000 | Loss: 1.4483 | LR: 6.93e-08 | MLM: 1.0681 | CTC: 0.3802
Step 443700/1000000 | Loss: 0.3004 | LR: 6.93e-08 | MLM: 0.1327 | CTC: 0.1676
Step 443800/1000000 | Loss: 1.4442 | LR: 6.93e-08 | MLM: 1.0512 | CTC: 0.3929
Step 443900/1000000 | Loss: 1.4380 | LR: 6.93e-08 | MLM: 1.0923 | CTC: 0.3457
Step 444000/1000000 | Loss: 0.5900 | LR: 6.94e-08 | MLM: 0.4412 | CTC: 0.1488
Step 444100/1000000 | Loss: 1.6370 | LR: 6.94e-08 | MLM: 1.1826 | CTC: 0.4543
Step 444200/1000000 | Loss: 1.7584 | LR: 6.94e-08 | MLM: 1.3386 | CTC: 0.4198
Step 444300/1000000 | Loss: 1.8598 | LR: 6.94e-08 | MLM: 1.4006 | CTC: 0.4592
Step 444400/1000000 | Loss: 1.9625 | LR: 6.94e-08 | MLM: 1.3541 | CTC: 0.6084
Step 444500/1000000 | Loss: 1.5816 | LR: 6.95e-08 | MLM: 1.0969 | CTC: 0.4847
Step 444600/1000000 | Loss: 1.1588 | LR: 6.95e-08 | MLM: 0.9427 | CTC: 0.2161
Step 444700/1000000 | Loss: 1.5162 | LR: 6.95e-08 | MLM: 1.2046 | CTC: 0.3117
Step 444800/1000000 | Loss: 0.9816 | LR: 6.95e-08 | MLM: 0.6122 | CTC: 0.3693
Step 444900/1000000 | Loss: 0.8481 | LR: 6.95e-08 | MLM: 0.6003 | CTC: 0.2479
Step 445000/1000000 | Loss: 0.1791 | LR: 6.95e-08 | MLM: 0.0708 | CTC: 0.1083
✓ Saved checkpoint to checkpoint_step_445000.t7
Step 445100/1000000 | Loss: 1.6643 | LR: 6.95e-08 | MLM: 1.2133 | CTC: 0.4510
Step 445200/1000000 | Loss: 0.6824 | LR: 6.96e-08 | MLM: 0.4529 | CTC: 0.2295
Step 445300/1000000 | Loss: 0.2365 | LR: 6.96e-08 | MLM: 0.1567 | CTC: 0.0799
Step 445400/1000000 | Loss: 2.2557 | LR: 6.96e-08 | MLM: 1.7526 | CTC: 0.5031
Step 445500/1000000 | Loss: 1.5645 | LR: 6.96e-08 | MLM: 1.1341 | CTC: 0.4304
Step 445600/1000000 | Loss: 0.2067 | LR: 6.96e-08 | MLM: 0.1317 | CTC: 0.0750
Step 445700/1000000 | Loss: 1.3415 | LR: 6.96e-08 | MLM: 1.0119 | CTC: 0.3296
Step 445800/1000000 | Loss: 1.2316 | LR: 6.96e-08 | MLM: 0.8944 | CTC: 0.3372
Step 445900/1000000 | Loss: 1.1992 | LR: 6.97e-08 | MLM: 0.8767 | CTC: 0.3225
Step 446000/1000000 | Loss: 2.4887 | LR: 6.97e-08 | MLM: 1.6836 | CTC: 0.8051
Step 446100/1000000 | Loss: 1.8100 | LR: 6.97e-08 | MLM: 1.2702 | CTC: 0.5398
Step 446200/1000000 | Loss: 1.5581 | LR: 6.97e-08 | MLM: 1.1335 | CTC: 0.4245
Step 446300/1000000 | Loss: 0.6212 | LR: 6.97e-08 | MLM: 0.4450 | CTC: 0.1762
Step 446400/1000000 | Loss: 0.6490 | LR: 6.97e-08 | MLM: 0.4144 | CTC: 0.2346
Step 446500/1000000 | Loss: 0.6522 | LR: 6.98e-08 | MLM: 0.5394 | CTC: 0.1128
Step 446600/1000000 | Loss: 1.1111 | LR: 6.98e-08 | MLM: 0.6933 | CTC: 0.4178
Step 446700/1000000 | Loss: 0.6096 | LR: 6.98e-08 | MLM: 0.4838 | CTC: 0.1258
Step 446800/1000000 | Loss: 1.0995 | LR: 6.98e-08 | MLM: 0.8455 | CTC: 0.2540
Step 446900/1000000 | Loss: 1.6717 | LR: 6.98e-08 | MLM: 1.2735 | CTC: 0.3982
Step 447000/1000000 | Loss: 1.0086 | LR: 6.98e-08 | MLM: 0.7553 | CTC: 0.2532
Step 447100/1000000 | Loss: 0.2098 | LR: 6.98e-08 | MLM: 0.1354 | CTC: 0.0745
Step 447200/1000000 | Loss: 1.4718 | LR: 6.99e-08 | MLM: 1.1793 | CTC: 0.2925
Step 447300/1000000 | Loss: 1.5069 | LR: 6.99e-08 | MLM: 1.1554 | CTC: 0.3515
Step 447400/1000000 | Loss: 1.0343 | LR: 6.99e-08 | MLM: 0.7698 | CTC: 0.2645
Step 447500/1000000 | Loss: 1.4443 | LR: 6.99e-08 | MLM: 1.0197 | CTC: 0.4246
Step 447600/1000000 | Loss: 1.3107 | LR: 6.99e-08 | MLM: 0.9895 | CTC: 0.3211
Step 447700/1000000 | Loss: 0.4654 | LR: 7.00e-08 | MLM: 0.3612 | CTC: 0.1042
Step 447800/1000000 | Loss: 1.0603 | LR: 7.00e-08 | MLM: 0.8248 | CTC: 0.2355
Step 447900/1000000 | Loss: 1.5968 | LR: 7.00e-08 | MLM: 1.0976 | CTC: 0.4992
Step 448000/1000000 | Loss: 0.5654 | LR: 7.00e-08 | MLM: 0.4541 | CTC: 0.1113
Step 448100/1000000 | Loss: 1.1434 | LR: 7.00e-08 | MLM: 0.7344 | CTC: 0.4090
Step 448200/1000000 | Loss: 0.8253 | LR: 7.00e-08 | MLM: 0.6015 | CTC: 0.2238
Step 448300/1000000 | Loss: 1.9088 | LR: 7.00e-08 | MLM: 1.4692 | CTC: 0.4396
Step 448400/1000000 | Loss: 2.1347 | LR: 7.01e-08 | MLM: 1.6198 | CTC: 0.5149
Step 448500/1000000 | Loss: 0.8590 | LR: 7.01e-08 | MLM: 0.6912 | CTC: 0.1677
Step 448600/1000000 | Loss: 0.3847 | LR: 7.01e-08 | MLM: 0.2249 | CTC: 0.1597
Step 448700/1000000 | Loss: 0.6774 | LR: 7.01e-08 | MLM: 0.4313 | CTC: 0.2461
Step 448800/1000000 | Loss: 0.4057 | LR: 7.01e-08 | MLM: 0.2125 | CTC: 0.1931
Step 448900/1000000 | Loss: 2.5529 | LR: 7.01e-08 | MLM: 1.8655 | CTC: 0.6874
Step 449000/1000000 | Loss: 1.5079 | LR: 7.02e-08 | MLM: 1.2161 | CTC: 0.2918
Step 449100/1000000 | Loss: 1.6652 | LR: 7.02e-08 | MLM: 1.2256 | CTC: 0.4396
Step 449200/1000000 | Loss: 1.1895 | LR: 7.02e-08 | MLM: 0.9135 | CTC: 0.2760
Step 449300/1000000 | Loss: 1.6782 | LR: 7.02e-08 | MLM: 1.2082 | CTC: 0.4701
Step 449400/1000000 | Loss: 1.1908 | LR: 7.02e-08 | MLM: 0.9338 | CTC: 0.2570
Step 449500/1000000 | Loss: 0.8139 | LR: 7.02e-08 | MLM: 0.6287 | CTC: 0.1852
Step 449600/1000000 | Loss: 1.6814 | LR: 7.02e-08 | MLM: 1.2626 | CTC: 0.4188
Step 449700/1000000 | Loss: 1.6759 | LR: 7.03e-08 | MLM: 1.2504 | CTC: 0.4255
Step 449800/1000000 | Loss: 1.4636 | LR: 7.03e-08 | MLM: 1.1150 | CTC: 0.3487
Step 449900/1000000 | Loss: 1.5641 | LR: 7.03e-08 | MLM: 1.1270 | CTC: 0.4370
Step 450000/1000000 | Loss: 1.5244 | LR: 7.03e-08 | MLM: 1.1098 | CTC: 0.4147
✓ Saved checkpoint to checkpoint_step_450000.t7
Step 450100/1000000 | Loss: 1.3703 | LR: 7.03e-08 | MLM: 1.0185 | CTC: 0.3518
Step 450200/1000000 | Loss: 1.4826 | LR: 7.03e-08 | MLM: 1.2331 | CTC: 0.2495
Step 450300/1000000 | Loss: 1.1353 | LR: 7.04e-08 | MLM: 0.9057 | CTC: 0.2296
Step 450400/1000000 | Loss: 1.1558 | LR: 7.04e-08 | MLM: 0.8864 | CTC: 0.2695
Step 450500/1000000 | Loss: 0.3284 | LR: 7.04e-08 | MLM: 0.2599 | CTC: 0.0685
Step 450600/1000000 | Loss: 1.2735 | LR: 7.04e-08 | MLM: 0.8390 | CTC: 0.4345
Step 450700/1000000 | Loss: 0.6916 | LR: 7.04e-08 | MLM: 0.5204 | CTC: 0.1712
Step 450800/1000000 | Loss: 1.4366 | LR: 7.04e-08 | MLM: 1.1303 | CTC: 0.3064
Step 450900/1000000 | Loss: 1.6560 | LR: 7.04e-08 | MLM: 1.3340 | CTC: 0.3220
Step 451000/1000000 | Loss: 1.2787 | LR: 7.05e-08 | MLM: 1.0404 | CTC: 0.2383
Step 451100/1000000 | Loss: 1.1724 | LR: 7.05e-08 | MLM: 0.8717 | CTC: 0.3007
Step 451200/1000000 | Loss: 1.5297 | LR: 7.05e-08 | MLM: 1.2407 | CTC: 0.2890
Step 451300/1000000 | Loss: 1.4069 | LR: 7.05e-08 | MLM: 1.1429 | CTC: 0.2640
Step 451400/1000000 | Loss: 0.0291 | LR: 7.05e-08 | MLM: 0.0026 | CTC: 0.0265
Step 451500/1000000 | Loss: 0.7153 | LR: 7.05e-08 | MLM: 0.5258 | CTC: 0.1894
Step 451600/1000000 | Loss: 1.1348 | LR: 7.06e-08 | MLM: 0.7797 | CTC: 0.3551
Step 451700/1000000 | Loss: 1.0540 | LR: 7.06e-08 | MLM: 0.7703 | CTC: 0.2837
Step 451800/1000000 | Loss: 2.0036 | LR: 7.06e-08 | MLM: 1.5155 | CTC: 0.4881
Step 451900/1000000 | Loss: 1.5368 | LR: 7.06e-08 | MLM: 1.0892 | CTC: 0.4476
Step 452000/1000000 | Loss: 2.0725 | LR: 7.06e-08 | MLM: 1.5632 | CTC: 0.5093
Step 452100/1000000 | Loss: 0.8544 | LR: 7.06e-08 | MLM: 0.5776 | CTC: 0.2768
Step 452200/1000000 | Loss: 1.5673 | LR: 7.07e-08 | MLM: 1.0695 | CTC: 0.4978
Step 452300/1000000 | Loss: 0.9938 | LR: 7.07e-08 | MLM: 0.7309 | CTC: 0.2629
Step 452400/1000000 | Loss: 0.8183 | LR: 7.07e-08 | MLM: 0.6632 | CTC: 0.1551
Step 452500/1000000 | Loss: 1.8283 | LR: 7.07e-08 | MLM: 1.3327 | CTC: 0.4955
Step 452600/1000000 | Loss: 1.4745 | LR: 7.07e-08 | MLM: 1.0991 | CTC: 0.3753
Step 452700/1000000 | Loss: 0.8341 | LR: 7.07e-08 | MLM: 0.5518 | CTC: 0.2823
Step 452800/1000000 | Loss: 1.6520 | LR: 7.07e-08 | MLM: 1.2810 | CTC: 0.3710
Step 452900/1000000 | Loss: 0.7461 | LR: 7.08e-08 | MLM: 0.5273 | CTC: 0.2187
Step 453000/1000000 | Loss: 1.2166 | LR: 7.08e-08 | MLM: 0.9874 | CTC: 0.2291
Step 453100/1000000 | Loss: 1.4965 | LR: 7.08e-08 | MLM: 1.1880 | CTC: 0.3084
Step 453200/1000000 | Loss: 1.3154 | LR: 7.08e-08 | MLM: 0.9761 | CTC: 0.3393
Step 453300/1000000 | Loss: 1.6473 | LR: 7.08e-08 | MLM: 1.1802 | CTC: 0.4671
Step 453400/1000000 | Loss: 2.0231 | LR: 7.08e-08 | MLM: 1.5505 | CTC: 0.4726
Step 453500/1000000 | Loss: 1.1398 | LR: 7.09e-08 | MLM: 0.8385 | CTC: 0.3013
Step 453600/1000000 | Loss: 0.6634 | LR: 7.09e-08 | MLM: 0.4969 | CTC: 0.1665
Step 453700/1000000 | Loss: 1.0699 | LR: 7.09e-08 | MLM: 0.7223 | CTC: 0.3476
Step 453800/1000000 | Loss: 1.8490 | LR: 7.09e-08 | MLM: 1.4521 | CTC: 0.3969
Step 453900/1000000 | Loss: 1.8284 | LR: 7.09e-08 | MLM: 1.3764 | CTC: 0.4520
Step 454000/1000000 | Loss: 1.5304 | LR: 7.09e-08 | MLM: 1.2025 | CTC: 0.3279
Step 454100/1000000 | Loss: 0.5300 | LR: 7.09e-08 | MLM: 0.3191 | CTC: 0.2108
Step 454200/1000000 | Loss: 2.1331 | LR: 7.10e-08 | MLM: 1.7405 | CTC: 0.3926
Step 454300/1000000 | Loss: 1.5430 | LR: 7.10e-08 | MLM: 1.2753 | CTC: 0.2677
Step 454400/1000000 | Loss: 1.3834 | LR: 7.10e-08 | MLM: 1.0668 | CTC: 0.3166
Step 454500/1000000 | Loss: 0.5872 | LR: 7.10e-08 | MLM: 0.4245 | CTC: 0.1626
Step 454600/1000000 | Loss: 1.9539 | LR: 7.10e-08 | MLM: 1.4900 | CTC: 0.4639
Step 454700/1000000 | Loss: 1.5339 | LR: 7.10e-08 | MLM: 1.1729 | CTC: 0.3610
Step 454800/1000000 | Loss: 1.7589 | LR: 7.11e-08 | MLM: 1.2731 | CTC: 0.4858
Step 454900/1000000 | Loss: 1.6205 | LR: 7.11e-08 | MLM: 1.1546 | CTC: 0.4659
Step 455000/1000000 | Loss: 1.3704 | LR: 7.11e-08 | MLM: 0.7861 | CTC: 0.5842
✓ Saved checkpoint to checkpoint_step_455000.t7
Step 455100/1000000 | Loss: 1.1600 | LR: 7.11e-08 | MLM: 0.9155 | CTC: 0.2445
Step 455200/1000000 | Loss: 0.8087 | LR: 7.11e-08 | MLM: 0.5677 | CTC: 0.2410
Step 455300/1000000 | Loss: 2.0925 | LR: 7.11e-08 | MLM: 1.5363 | CTC: 0.5561
Step 455400/1000000 | Loss: 2.4446 | LR: 7.11e-08 | MLM: 1.6970 | CTC: 0.7475
Step 455500/1000000 | Loss: 1.0172 | LR: 7.12e-08 | MLM: 0.7849 | CTC: 0.2323
Step 455600/1000000 | Loss: 0.0460 | LR: 7.12e-08 | MLM: 0.0023 | CTC: 0.0437
Step 455700/1000000 | Loss: 1.8248 | LR: 7.12e-08 | MLM: 1.4397 | CTC: 0.3852
Step 455800/1000000 | Loss: 1.3035 | LR: 7.12e-08 | MLM: 1.0128 | CTC: 0.2907
Step 455900/1000000 | Loss: 1.4697 | LR: 7.12e-08 | MLM: 1.1073 | CTC: 0.3624
Step 456000/1000000 | Loss: 1.5493 | LR: 7.12e-08 | MLM: 1.1052 | CTC: 0.4440
Step 456100/1000000 | Loss: 1.2412 | LR: 7.13e-08 | MLM: 0.8654 | CTC: 0.3759
Step 456200/1000000 | Loss: 1.3546 | LR: 7.13e-08 | MLM: 1.0618 | CTC: 0.2928
Step 456300/1000000 | Loss: 1.6105 | LR: 7.13e-08 | MLM: 1.1935 | CTC: 0.4170
Step 456400/1000000 | Loss: 1.9110 | LR: 7.13e-08 | MLM: 1.6050 | CTC: 0.3060
Step 456500/1000000 | Loss: 1.1061 | LR: 7.13e-08 | MLM: 0.8338 | CTC: 0.2723
Step 456600/1000000 | Loss: 1.7981 | LR: 7.13e-08 | MLM: 1.4291 | CTC: 0.3690
Step 456700/1000000 | Loss: 1.7834 | LR: 7.14e-08 | MLM: 1.3901 | CTC: 0.3933
Step 456800/1000000 | Loss: 1.2793 | LR: 7.14e-08 | MLM: 0.9448 | CTC: 0.3345
Step 456900/1000000 | Loss: 0.7372 | LR: 7.14e-08 | MLM: 0.5526 | CTC: 0.1846
Step 457000/1000000 | Loss: 1.3640 | LR: 7.14e-08 | MLM: 0.9978 | CTC: 0.3663
Step 457100/1000000 | Loss: 0.9041 | LR: 7.14e-08 | MLM: 0.7014 | CTC: 0.2026
Step 457200/1000000 | Loss: 1.5197 | LR: 7.14e-08 | MLM: 1.0771 | CTC: 0.4426
Step 457300/1000000 | Loss: 1.9135 | LR: 7.14e-08 | MLM: 1.4380 | CTC: 0.4754
Step 457400/1000000 | Loss: 0.7997 | LR: 7.15e-08 | MLM: 0.5702 | CTC: 0.2294
Step 457500/1000000 | Loss: 1.2044 | LR: 7.15e-08 | MLM: 0.9230 | CTC: 0.2814
Step 457600/1000000 | Loss: 1.1263 | LR: 7.15e-08 | MLM: 0.8272 | CTC: 0.2991
Step 457700/1000000 | Loss: 1.0704 | LR: 7.15e-08 | MLM: 0.6696 | CTC: 0.4008
Step 457800/1000000 | Loss: 1.0822 | LR: 7.15e-08 | MLM: 0.8545 | CTC: 0.2277
Step 457900/1000000 | Loss: 0.9083 | LR: 7.15e-08 | MLM: 0.6976 | CTC: 0.2107
Step 458000/1000000 | Loss: 1.5644 | LR: 7.16e-08 | MLM: 1.2818 | CTC: 0.2827
Step 458100/1000000 | Loss: 1.7451 | LR: 7.16e-08 | MLM: 1.2976 | CTC: 0.4475
Step 458200/1000000 | Loss: 1.2235 | LR: 7.16e-08 | MLM: 0.8715 | CTC: 0.3520
Step 458300/1000000 | Loss: 0.8468 | LR: 7.16e-08 | MLM: 0.5511 | CTC: 0.2957
Step 458400/1000000 | Loss: 0.9422 | LR: 7.16e-08 | MLM: 0.7100 | CTC: 0.2322
Step 458500/1000000 | Loss: 1.2412 | LR: 7.16e-08 | MLM: 0.8177 | CTC: 0.4236
Step 458600/1000000 | Loss: 0.6180 | LR: 7.16e-08 | MLM: 0.4481 | CTC: 0.1700
Step 458700/1000000 | Loss: 1.2092 | LR: 7.17e-08 | MLM: 0.9568 | CTC: 0.2525
Step 458800/1000000 | Loss: 1.8431 | LR: 7.17e-08 | MLM: 1.3359 | CTC: 0.5072
Step 458900/1000000 | Loss: 1.7637 | LR: 7.17e-08 | MLM: 1.3822 | CTC: 0.3815
Step 459000/1000000 | Loss: 1.3811 | LR: 7.17e-08 | MLM: 1.0634 | CTC: 0.3177
Step 459100/1000000 | Loss: 2.2587 | LR: 7.17e-08 | MLM: 1.6460 | CTC: 0.6127
Step 459200/1000000 | Loss: 0.5962 | LR: 7.18e-08 | MLM: 0.4199 | CTC: 0.1763
Step 459300/1000000 | Loss: 1.8767 | LR: 7.18e-08 | MLM: 1.3996 | CTC: 0.4771
Step 459400/1000000 | Loss: 0.9578 | LR: 7.18e-08 | MLM: 0.6285 | CTC: 0.3293
Step 459500/1000000 | Loss: 1.4717 | LR: 7.18e-08 | MLM: 1.0928 | CTC: 0.3790
Step 459600/1000000 | Loss: 1.6424 | LR: 7.18e-08 | MLM: 1.1605 | CTC: 0.4819
Step 459700/1000000 | Loss: 0.3105 | LR: 7.18e-08 | MLM: 0.2691 | CTC: 0.0414
Step 459800/1000000 | Loss: 1.5050 | LR: 7.18e-08 | MLM: 1.1241 | CTC: 0.3809
Step 459900/1000000 | Loss: 0.9091 | LR: 7.18e-08 | MLM: 0.6450 | CTC: 0.2641
Step 460000/1000000 | Loss: 0.8347 | LR: 7.19e-08 | MLM: 0.6455 | CTC: 0.1892
✓ Saved checkpoint to checkpoint_step_460000.t7
Step 460100/1000000 | Loss: 0.9699 | LR: 7.19e-08 | MLM: 0.7329 | CTC: 0.2370
Step 460200/1000000 | Loss: 0.8364 | LR: 7.19e-08 | MLM: 0.6427 | CTC: 0.1938
Step 460300/1000000 | Loss: 1.6205 | LR: 7.19e-08 | MLM: 1.1995 | CTC: 0.4210
Step 460400/1000000 | Loss: 1.5277 | LR: 7.19e-08 | MLM: 1.1813 | CTC: 0.3463
Step 460500/1000000 | Loss: 0.1532 | LR: 7.20e-08 | MLM: 0.0987 | CTC: 0.0545
Step 460600/1000000 | Loss: 1.0466 | LR: 7.20e-08 | MLM: 0.6909 | CTC: 0.3557
Step 460700/1000000 | Loss: 1.1522 | LR: 7.20e-08 | MLM: 0.9875 | CTC: 0.1648
Step 460800/1000000 | Loss: 1.2664 | LR: 7.20e-08 | MLM: 0.9551 | CTC: 0.3113
Step 460900/1000000 | Loss: 0.5713 | LR: 7.20e-08 | MLM: 0.4021 | CTC: 0.1692
Step 461000/1000000 | Loss: 1.6746 | LR: 7.20e-08 | MLM: 1.2508 | CTC: 0.4238
Step 461100/1000000 | Loss: 2.1125 | LR: 7.20e-08 | MLM: 1.5378 | CTC: 0.5747
Step 461200/1000000 | Loss: 1.4166 | LR: 7.21e-08 | MLM: 1.0701 | CTC: 0.3466
Step 461300/1000000 | Loss: 0.3352 | LR: 7.21e-08 | MLM: 0.2222 | CTC: 0.1130
Step 461400/1000000 | Loss: 1.4492 | LR: 7.21e-08 | MLM: 1.0245 | CTC: 0.4247
Step 461500/1000000 | Loss: 1.9511 | LR: 7.21e-08 | MLM: 1.4748 | CTC: 0.4763
Step 461600/1000000 | Loss: 0.8641 | LR: 7.21e-08 | MLM: 0.6677 | CTC: 0.1964
Step 461700/1000000 | Loss: 0.9568 | LR: 7.21e-08 | MLM: 0.7043 | CTC: 0.2525
Step 461800/1000000 | Loss: 1.7791 | LR: 7.21e-08 | MLM: 1.3449 | CTC: 0.4342
Step 461900/1000000 | Loss: 0.5515 | LR: 7.22e-08 | MLM: 0.4286 | CTC: 0.1229
Step 462000/1000000 | Loss: 1.6616 | LR: 7.22e-08 | MLM: 1.2243 | CTC: 0.4373
Step 462100/1000000 | Loss: 0.5803 | LR: 7.22e-08 | MLM: 0.4261 | CTC: 0.1542
Step 462200/1000000 | Loss: 2.0159 | LR: 7.22e-08 | MLM: 1.6239 | CTC: 0.3920
Step 462300/1000000 | Loss: 1.3589 | LR: 7.22e-08 | MLM: 0.9492 | CTC: 0.4098
Step 462400/1000000 | Loss: 0.3042 | LR: 7.23e-08 | MLM: 0.2364 | CTC: 0.0678
Step 462500/1000000 | Loss: 0.5735 | LR: 7.23e-08 | MLM: 0.4440 | CTC: 0.1295
Step 462600/1000000 | Loss: 1.3488 | LR: 7.23e-08 | MLM: 0.9880 | CTC: 0.3607
Step 462700/1000000 | Loss: 1.0355 | LR: 7.23e-08 | MLM: 0.7363 | CTC: 0.2993
Step 462800/1000000 | Loss: 1.2632 | LR: 7.23e-08 | MLM: 0.9990 | CTC: 0.2642
Step 462900/1000000 | Loss: 0.7181 | LR: 7.23e-08 | MLM: 0.4207 | CTC: 0.2974
Step 463000/1000000 | Loss: 1.1509 | LR: 7.23e-08 | MLM: 0.8242 | CTC: 0.3266
Step 463100/1000000 | Loss: 1.5635 | LR: 7.23e-08 | MLM: 0.9746 | CTC: 0.5890
Step 463200/1000000 | Loss: 0.5058 | LR: 7.24e-08 | MLM: 0.2280 | CTC: 0.2778
Step 463300/1000000 | Loss: 1.4523 | LR: 7.24e-08 | MLM: 1.1610 | CTC: 0.2913
Step 463400/1000000 | Loss: 1.2465 | LR: 7.24e-08 | MLM: 0.9430 | CTC: 0.3035
Step 463500/1000000 | Loss: 2.2999 | LR: 7.24e-08 | MLM: 1.7806 | CTC: 0.5193
Step 463600/1000000 | Loss: 0.9290 | LR: 7.24e-08 | MLM: 0.6507 | CTC: 0.2782
Step 463700/1000000 | Loss: 1.6718 | LR: 7.25e-08 | MLM: 1.2875 | CTC: 0.3843
Step 463800/1000000 | Loss: 0.8062 | LR: 7.25e-08 | MLM: 0.5769 | CTC: 0.2294
Step 463900/1000000 | Loss: 1.7397 | LR: 7.25e-08 | MLM: 1.2944 | CTC: 0.4452
Step 464000/1000000 | Loss: 0.8958 | LR: 7.25e-08 | MLM: 0.6673 | CTC: 0.2285
Step 464100/1000000 | Loss: 1.8973 | LR: 7.25e-08 | MLM: 1.4339 | CTC: 0.4635
Step 464200/1000000 | Loss: 2.1826 | LR: 7.25e-08 | MLM: 1.6103 | CTC: 0.5723
Step 464300/1000000 | Loss: 1.6035 | LR: 7.25e-08 | MLM: 1.1974 | CTC: 0.4062
Step 464400/1000000 | Loss: 0.8826 | LR: 7.26e-08 | MLM: 0.6306 | CTC: 0.2520
Step 464500/1000000 | Loss: 1.0851 | LR: 7.26e-08 | MLM: 0.8788 | CTC: 0.2063
Step 464600/1000000 | Loss: 1.3456 | LR: 7.26e-08 | MLM: 0.9353 | CTC: 0.4104
Step 464700/1000000 | Loss: 1.3846 | LR: 7.26e-08 | MLM: 0.9590 | CTC: 0.4256
Step 464800/1000000 | Loss: 1.4515 | LR: 7.26e-08 | MLM: 1.1135 | CTC: 0.3380
Step 464900/1000000 | Loss: 1.2663 | LR: 7.26e-08 | MLM: 0.8993 | CTC: 0.3670
Step 465000/1000000 | Loss: 1.2530 | LR: 7.27e-08 | MLM: 0.9195 | CTC: 0.3335
✓ Saved checkpoint to checkpoint_step_465000.t7
Step 465100/1000000 | Loss: 1.3591 | LR: 7.27e-08 | MLM: 1.0413 | CTC: 0.3178
Step 465200/1000000 | Loss: 1.4110 | LR: 7.27e-08 | MLM: 0.9956 | CTC: 0.4154
Step 465300/1000000 | Loss: 1.2210 | LR: 7.27e-08 | MLM: 0.8408 | CTC: 0.3803
Step 465400/1000000 | Loss: 0.6227 | LR: 7.27e-08 | MLM: 0.4191 | CTC: 0.2035
Step 465500/1000000 | Loss: 1.6154 | LR: 7.27e-08 | MLM: 1.0145 | CTC: 0.6010
Step 465600/1000000 | Loss: 1.4157 | LR: 7.27e-08 | MLM: 1.1047 | CTC: 0.3111
Step 465700/1000000 | Loss: 1.8286 | LR: 7.28e-08 | MLM: 1.2306 | CTC: 0.5980
Step 465800/1000000 | Loss: 0.7904 | LR: 7.28e-08 | MLM: 0.5988 | CTC: 0.1916
Step 465900/1000000 | Loss: 1.3685 | LR: 7.28e-08 | MLM: 1.0404 | CTC: 0.3281
Step 466000/1000000 | Loss: 1.3850 | LR: 7.28e-08 | MLM: 0.9715 | CTC: 0.4135
Step 466100/1000000 | Loss: 2.5710 | LR: 7.28e-08 | MLM: 1.9301 | CTC: 0.6409
Step 466200/1000000 | Loss: 1.5640 | LR: 7.28e-08 | MLM: 1.1574 | CTC: 0.4066
Step 466300/1000000 | Loss: 0.8628 | LR: 7.28e-08 | MLM: 0.6567 | CTC: 0.2061
Step 466400/1000000 | Loss: 0.6409 | LR: 7.29e-08 | MLM: 0.4840 | CTC: 0.1569
Step 466500/1000000 | Loss: 1.6555 | LR: 7.29e-08 | MLM: 1.0375 | CTC: 0.6180
Step 466600/1000000 | Loss: 0.8457 | LR: 7.29e-08 | MLM: 0.6006 | CTC: 0.2451
Step 466700/1000000 | Loss: 1.7645 | LR: 7.29e-08 | MLM: 1.2910 | CTC: 0.4735
Step 466800/1000000 | Loss: 0.9719 | LR: 7.29e-08 | MLM: 0.7044 | CTC: 0.2675
Step 466900/1000000 | Loss: 1.6073 | LR: 7.30e-08 | MLM: 1.2531 | CTC: 0.3542
Step 467000/1000000 | Loss: 1.2348 | LR: 7.30e-08 | MLM: 0.9506 | CTC: 0.2842
Step 467100/1000000 | Loss: 0.4596 | LR: 7.30e-08 | MLM: 0.3370 | CTC: 0.1226
Step 467200/1000000 | Loss: 0.7498 | LR: 7.30e-08 | MLM: 0.5262 | CTC: 0.2236
Step 467300/1000000 | Loss: 1.4573 | LR: 7.30e-08 | MLM: 1.0886 | CTC: 0.3687
Step 467400/1000000 | Loss: 1.6968 | LR: 7.30e-08 | MLM: 1.2758 | CTC: 0.4210
Step 467500/1000000 | Loss: 2.3544 | LR: 7.30e-08 | MLM: 1.7406 | CTC: 0.6137
Step 467600/1000000 | Loss: 0.8403 | LR: 7.31e-08 | MLM: 0.6614 | CTC: 0.1789
Step 467700/1000000 | Loss: 0.5006 | LR: 7.31e-08 | MLM: 0.2852 | CTC: 0.2154
Step 467800/1000000 | Loss: 1.2555 | LR: 7.31e-08 | MLM: 0.8648 | CTC: 0.3907
Step 467900/1000000 | Loss: 2.2328 | LR: 7.31e-08 | MLM: 1.7629 | CTC: 0.4699
Step 468000/1000000 | Loss: 1.3129 | LR: 7.31e-08 | MLM: 0.9436 | CTC: 0.3694
Step 468100/1000000 | Loss: 0.9554 | LR: 7.31e-08 | MLM: 0.7102 | CTC: 0.2452
Step 468200/1000000 | Loss: 1.4170 | LR: 7.32e-08 | MLM: 1.0144 | CTC: 0.4027
Step 468300/1000000 | Loss: 0.7043 | LR: 7.32e-08 | MLM: 0.4872 | CTC: 0.2170
Step 468400/1000000 | Loss: 1.2097 | LR: 7.32e-08 | MLM: 0.9191 | CTC: 0.2907
Step 468500/1000000 | Loss: 0.9780 | LR: 7.32e-08 | MLM: 0.7316 | CTC: 0.2464
Step 468600/1000000 | Loss: 1.2515 | LR: 7.32e-08 | MLM: 0.9930 | CTC: 0.2585
Step 468700/1000000 | Loss: 1.1215 | LR: 7.32e-08 | MLM: 0.8760 | CTC: 0.2455
Step 468800/1000000 | Loss: 0.7650 | LR: 7.32e-08 | MLM: 0.5675 | CTC: 0.1974
Step 468900/1000000 | Loss: 1.1411 | LR: 7.33e-08 | MLM: 0.8279 | CTC: 0.3132
Step 469000/1000000 | Loss: 2.0881 | LR: 7.33e-08 | MLM: 1.6206 | CTC: 0.4675
Step 469100/1000000 | Loss: 1.3933 | LR: 7.33e-08 | MLM: 1.0115 | CTC: 0.3818
Step 469200/1000000 | Loss: 1.1097 | LR: 7.33e-08 | MLM: 0.7545 | CTC: 0.3553
Step 469300/1000000 | Loss: 1.6151 | LR: 7.33e-08 | MLM: 1.1398 | CTC: 0.4753
Step 469400/1000000 | Loss: 1.5305 | LR: 7.33e-08 | MLM: 1.0490 | CTC: 0.4815
Step 469500/1000000 | Loss: 1.2246 | LR: 7.34e-08 | MLM: 0.8932 | CTC: 0.3314
Step 469600/1000000 | Loss: 1.8148 | LR: 7.34e-08 | MLM: 1.3472 | CTC: 0.4676
Step 469700/1000000 | Loss: 2.0156 | LR: 7.34e-08 | MLM: 1.5485 | CTC: 0.4671
Step 469800/1000000 | Loss: 0.7042 | LR: 7.34e-08 | MLM: 0.5362 | CTC: 0.1680
Step 469900/1000000 | Loss: 1.6200 | LR: 7.34e-08 | MLM: 1.2728 | CTC: 0.3472
Step 470000/1000000 | Loss: 0.6468 | LR: 7.34e-08 | MLM: 0.4789 | CTC: 0.1679
✓ Saved checkpoint to checkpoint_step_470000.t7
Step 470100/1000000 | Loss: 0.7636 | LR: 7.34e-08 | MLM: 0.5636 | CTC: 0.2000
Step 470200/1000000 | Loss: 1.1096 | LR: 7.35e-08 | MLM: 0.7812 | CTC: 0.3284
Step 470300/1000000 | Loss: 1.8397 | LR: 7.35e-08 | MLM: 1.3840 | CTC: 0.4557
Step 470400/1000000 | Loss: 1.5054 | LR: 7.35e-08 | MLM: 1.2215 | CTC: 0.2838
Step 470500/1000000 | Loss: 0.1084 | LR: 7.35e-08 | MLM: 0.0645 | CTC: 0.0439
Step 470600/1000000 | Loss: 1.8703 | LR: 7.35e-08 | MLM: 1.4225 | CTC: 0.4478
Step 470700/1000000 | Loss: 1.4441 | LR: 7.35e-08 | MLM: 1.1312 | CTC: 0.3129
Step 470800/1000000 | Loss: 1.2737 | LR: 7.36e-08 | MLM: 0.9752 | CTC: 0.2986
Step 470900/1000000 | Loss: 1.5011 | LR: 7.36e-08 | MLM: 1.1055 | CTC: 0.3956
Step 471000/1000000 | Loss: 1.6942 | LR: 7.36e-08 | MLM: 1.3448 | CTC: 0.3494
Step 471100/1000000 | Loss: 0.7806 | LR: 7.36e-08 | MLM: 0.5764 | CTC: 0.2042
Step 471200/1000000 | Loss: 1.5350 | LR: 7.36e-08 | MLM: 1.0916 | CTC: 0.4433
Step 471300/1000000 | Loss: 1.5911 | LR: 7.36e-08 | MLM: 1.2286 | CTC: 0.3625
Step 471400/1000000 | Loss: 0.5052 | LR: 7.37e-08 | MLM: 0.3203 | CTC: 0.1849
Step 471500/1000000 | Loss: 0.8236 | LR: 7.37e-08 | MLM: 0.6027 | CTC: 0.2209
Step 471600/1000000 | Loss: 0.4694 | LR: 7.37e-08 | MLM: 0.3757 | CTC: 0.0937
Step 471700/1000000 | Loss: 1.6105 | LR: 7.37e-08 | MLM: 1.2471 | CTC: 0.3634
Step 471800/1000000 | Loss: 1.5090 | LR: 7.37e-08 | MLM: 1.2064 | CTC: 0.3026
Step 471900/1000000 | Loss: 1.4456 | LR: 7.37e-08 | MLM: 1.1001 | CTC: 0.3454
Step 472000/1000000 | Loss: 2.0874 | LR: 7.37e-08 | MLM: 1.5043 | CTC: 0.5831
Step 472100/1000000 | Loss: 2.5026 | LR: 7.38e-08 | MLM: 1.8194 | CTC: 0.6832
Step 472200/1000000 | Loss: 1.5069 | LR: 7.38e-08 | MLM: 1.0837 | CTC: 0.4232
Step 472300/1000000 | Loss: 1.2134 | LR: 7.38e-08 | MLM: 0.8639 | CTC: 0.3494
Step 472400/1000000 | Loss: 1.1305 | LR: 7.38e-08 | MLM: 0.7974 | CTC: 0.3332
Step 472500/1000000 | Loss: 1.6989 | LR: 7.38e-08 | MLM: 1.2314 | CTC: 0.4676
Step 472600/1000000 | Loss: 0.8189 | LR: 7.38e-08 | MLM: 0.6213 | CTC: 0.1976
Step 472700/1000000 | Loss: 1.1995 | LR: 7.39e-08 | MLM: 0.9305 | CTC: 0.2690
Step 472800/1000000 | Loss: 0.5584 | LR: 7.39e-08 | MLM: 0.3669 | CTC: 0.1915
Step 472900/1000000 | Loss: 1.5559 | LR: 7.39e-08 | MLM: 1.2046 | CTC: 0.3513
Step 473000/1000000 | Loss: 1.6699 | LR: 7.39e-08 | MLM: 1.2299 | CTC: 0.4400
Step 473100/1000000 | Loss: 0.4321 | LR: 7.39e-08 | MLM: 0.3207 | CTC: 0.1114
Step 473200/1000000 | Loss: 1.4922 | LR: 7.39e-08 | MLM: 1.0832 | CTC: 0.4091
Step 473300/1000000 | Loss: 1.0087 | LR: 7.39e-08 | MLM: 0.7304 | CTC: 0.2783
Step 473400/1000000 | Loss: 0.6137 | LR: 7.40e-08 | MLM: 0.3624 | CTC: 0.2513
Step 473500/1000000 | Loss: 1.5793 | LR: 7.40e-08 | MLM: 1.1640 | CTC: 0.4153
Step 473600/1000000 | Loss: 1.9290 | LR: 7.40e-08 | MLM: 1.5295 | CTC: 0.3995
Step 473700/1000000 | Loss: 1.5018 | LR: 7.40e-08 | MLM: 1.1843 | CTC: 0.3175
Step 473800/1000000 | Loss: 1.5702 | LR: 7.40e-08 | MLM: 1.1816 | CTC: 0.3886
Step 473900/1000000 | Loss: 0.6478 | LR: 7.40e-08 | MLM: 0.4739 | CTC: 0.1739
Step 474000/1000000 | Loss: 1.4497 | LR: 7.41e-08 | MLM: 1.0642 | CTC: 0.3855
Step 474100/1000000 | Loss: 0.8655 | LR: 7.41e-08 | MLM: 0.6825 | CTC: 0.1829
Step 474200/1000000 | Loss: 1.3016 | LR: 7.41e-08 | MLM: 0.9377 | CTC: 0.3640
Step 474300/1000000 | Loss: 1.2742 | LR: 7.41e-08 | MLM: 0.8703 | CTC: 0.4039
Step 474400/1000000 | Loss: 1.3116 | LR: 7.41e-08 | MLM: 0.9950 | CTC: 0.3166
Step 474500/1000000 | Loss: 1.8922 | LR: 7.41e-08 | MLM: 1.5058 | CTC: 0.3863
Step 474600/1000000 | Loss: 1.0358 | LR: 7.41e-08 | MLM: 0.8208 | CTC: 0.2149
Step 474700/1000000 | Loss: 2.1468 | LR: 7.42e-08 | MLM: 1.5902 | CTC: 0.5565
Step 474800/1000000 | Loss: 1.1388 | LR: 7.42e-08 | MLM: 0.8365 | CTC: 0.3023
Step 474900/1000000 | Loss: 0.2192 | LR: 7.42e-08 | MLM: 0.1222 | CTC: 0.0970
Step 475000/1000000 | Loss: 2.0208 | LR: 7.42e-08 | MLM: 1.4531 | CTC: 0.5677
✓ Saved checkpoint to checkpoint_step_475000.t7
Step 475100/1000000 | Loss: 1.7301 | LR: 7.42e-08 | MLM: 1.2540 | CTC: 0.4761
Step 475200/1000000 | Loss: 1.2003 | LR: 7.43e-08 | MLM: 0.9378 | CTC: 0.2625
Step 475300/1000000 | Loss: 1.4244 | LR: 7.43e-08 | MLM: 1.0789 | CTC: 0.3455
Step 475400/1000000 | Loss: 1.8980 | LR: 7.43e-08 | MLM: 1.4268 | CTC: 0.4712
Step 475500/1000000 | Loss: 2.0007 | LR: 7.43e-08 | MLM: 1.4562 | CTC: 0.5445
Step 475600/1000000 | Loss: 0.9930 | LR: 7.43e-08 | MLM: 0.7424 | CTC: 0.2506
Step 475700/1000000 | Loss: 1.8223 | LR: 7.43e-08 | MLM: 1.2853 | CTC: 0.5370
Step 475800/1000000 | Loss: 0.8082 | LR: 7.43e-08 | MLM: 0.5548 | CTC: 0.2534
Step 475900/1000000 | Loss: 0.4162 | LR: 7.44e-08 | MLM: 0.2735 | CTC: 0.1427
Step 476000/1000000 | Loss: 1.7949 | LR: 7.44e-08 | MLM: 1.4194 | CTC: 0.3754
Step 476100/1000000 | Loss: 1.7081 | LR: 7.44e-08 | MLM: 1.3858 | CTC: 0.3223
Step 476200/1000000 | Loss: 1.0595 | LR: 7.44e-08 | MLM: 0.7842 | CTC: 0.2753
Step 476300/1000000 | Loss: 1.8364 | LR: 7.44e-08 | MLM: 1.2696 | CTC: 0.5668
Step 476400/1000000 | Loss: 1.0288 | LR: 7.44e-08 | MLM: 0.7943 | CTC: 0.2345
Step 476500/1000000 | Loss: 1.7222 | LR: 7.45e-08 | MLM: 1.2608 | CTC: 0.4614
Step 476600/1000000 | Loss: 0.6387 | LR: 7.45e-08 | MLM: 0.4323 | CTC: 0.2064
Step 476700/1000000 | Loss: 1.4584 | LR: 7.45e-08 | MLM: 1.0806 | CTC: 0.3777
Step 476800/1000000 | Loss: 0.8671 | LR: 7.45e-08 | MLM: 0.6177 | CTC: 0.2494
Step 476900/1000000 | Loss: 1.6457 | LR: 7.45e-08 | MLM: 1.2139 | CTC: 0.4319
Step 477000/1000000 | Loss: 2.0000 | LR: 7.45e-08 | MLM: 1.5149 | CTC: 0.4851
Step 477100/1000000 | Loss: 0.5774 | LR: 7.45e-08 | MLM: 0.4088 | CTC: 0.1685
Step 477200/1000000 | Loss: 1.2203 | LR: 7.46e-08 | MLM: 0.8595 | CTC: 0.3608
Step 477300/1000000 | Loss: 1.4658 | LR: 7.46e-08 | MLM: 1.1307 | CTC: 0.3351
Step 477400/1000000 | Loss: 1.0655 | LR: 7.46e-08 | MLM: 0.8008 | CTC: 0.2647
Step 477500/1000000 | Loss: 1.0530 | LR: 7.46e-08 | MLM: 0.8398 | CTC: 0.2131
Step 477600/1000000 | Loss: 0.9280 | LR: 7.46e-08 | MLM: 0.7250 | CTC: 0.2030
Step 477700/1000000 | Loss: 0.9728 | LR: 7.46e-08 | MLM: 0.7264 | CTC: 0.2463
Step 477800/1000000 | Loss: 0.7976 | LR: 7.46e-08 | MLM: 0.6319 | CTC: 0.1657
Step 477900/1000000 | Loss: 0.7672 | LR: 7.47e-08 | MLM: 0.5330 | CTC: 0.2342
Step 478000/1000000 | Loss: 1.3134 | LR: 7.47e-08 | MLM: 0.9755 | CTC: 0.3379
Step 478100/1000000 | Loss: 1.9589 | LR: 7.47e-08 | MLM: 1.4957 | CTC: 0.4631
Step 478200/1000000 | Loss: 0.4651 | LR: 7.47e-08 | MLM: 0.3753 | CTC: 0.0897
Step 478300/1000000 | Loss: 1.0622 | LR: 7.47e-08 | MLM: 0.7870 | CTC: 0.2753
Step 478400/1000000 | Loss: 2.0326 | LR: 7.48e-08 | MLM: 1.4951 | CTC: 0.5375
Step 478500/1000000 | Loss: 1.6870 | LR: 7.48e-08 | MLM: 1.2551 | CTC: 0.4319
Step 478600/1000000 | Loss: 1.7709 | LR: 7.48e-08 | MLM: 1.2112 | CTC: 0.5597
Step 478700/1000000 | Loss: 2.0292 | LR: 7.48e-08 | MLM: 1.1183 | CTC: 0.9109
Step 478800/1000000 | Loss: 1.2165 | LR: 7.48e-08 | MLM: 0.9149 | CTC: 0.3016
Step 478900/1000000 | Loss: 1.3873 | LR: 7.48e-08 | MLM: 1.0241 | CTC: 0.3631
Step 479000/1000000 | Loss: 1.6722 | LR: 7.48e-08 | MLM: 1.2084 | CTC: 0.4637
Step 479100/1000000 | Loss: 0.6505 | LR: 7.48e-08 | MLM: 0.4686 | CTC: 0.1819
Step 479200/1000000 | Loss: 0.7151 | LR: 7.49e-08 | MLM: 0.4994 | CTC: 0.2156
Step 479300/1000000 | Loss: 1.4135 | LR: 7.49e-08 | MLM: 1.0675 | CTC: 0.3461
Step 479400/1000000 | Loss: 1.2823 | LR: 7.49e-08 | MLM: 1.0211 | CTC: 0.2611
Step 479500/1000000 | Loss: 1.1674 | LR: 7.49e-08 | MLM: 0.9035 | CTC: 0.2638
Step 479600/1000000 | Loss: 1.1675 | LR: 7.49e-08 | MLM: 0.9325 | CTC: 0.2351
Step 479700/1000000 | Loss: 1.9310 | LR: 7.50e-08 | MLM: 1.4386 | CTC: 0.4924
Step 479800/1000000 | Loss: 1.7490 | LR: 7.50e-08 | MLM: 1.2172 | CTC: 0.5318
Step 479900/1000000 | Loss: 0.4139 | LR: 7.50e-08 | MLM: 0.2568 | CTC: 0.1571
Step 480000/1000000 | Loss: 1.7724 | LR: 7.50e-08 | MLM: 1.2496 | CTC: 0.5227
✓ Saved checkpoint to checkpoint_step_480000.t7
Step 480100/1000000 | Loss: 1.5116 | LR: 7.50e-08 | MLM: 1.1510 | CTC: 0.3605
Step 480200/1000000 | Loss: 2.2081 | LR: 7.50e-08 | MLM: 1.6632 | CTC: 0.5449
Step 480300/1000000 | Loss: 0.9029 | LR: 7.50e-08 | MLM: 0.6937 | CTC: 0.2093
Step 480400/1000000 | Loss: 1.4549 | LR: 7.51e-08 | MLM: 0.9229 | CTC: 0.5320
Step 480500/1000000 | Loss: 1.5127 | LR: 7.51e-08 | MLM: 1.1825 | CTC: 0.3302
Step 480600/1000000 | Loss: 1.5110 | LR: 7.51e-08 | MLM: 1.1042 | CTC: 0.4068
Step 480700/1000000 | Loss: 1.0891 | LR: 7.51e-08 | MLM: 0.7138 | CTC: 0.3754
Step 480800/1000000 | Loss: 1.2243 | LR: 7.51e-08 | MLM: 0.9554 | CTC: 0.2689
Step 480900/1000000 | Loss: 1.4545 | LR: 7.51e-08 | MLM: 1.0746 | CTC: 0.3799
Step 481000/1000000 | Loss: 1.3860 | LR: 7.51e-08 | MLM: 0.9561 | CTC: 0.4299
Step 481100/1000000 | Loss: 0.9933 | LR: 7.52e-08 | MLM: 0.7842 | CTC: 0.2091
Step 481200/1000000 | Loss: 1.3356 | LR: 7.52e-08 | MLM: 0.9925 | CTC: 0.3431
Step 481300/1000000 | Loss: 1.7547 | LR: 7.52e-08 | MLM: 1.1255 | CTC: 0.6292
Step 481400/1000000 | Loss: 2.0328 | LR: 7.52e-08 | MLM: 1.5002 | CTC: 0.5326
Step 481500/1000000 | Loss: 1.2534 | LR: 7.52e-08 | MLM: 0.9434 | CTC: 0.3100
Step 481600/1000000 | Loss: 1.8601 | LR: 7.52e-08 | MLM: 1.4154 | CTC: 0.4447
Step 481700/1000000 | Loss: 1.5475 | LR: 7.53e-08 | MLM: 1.2213 | CTC: 0.3262
Step 481800/1000000 | Loss: 1.0169 | LR: 7.53e-08 | MLM: 0.7988 | CTC: 0.2181
Step 481900/1000000 | Loss: 1.2297 | LR: 7.53e-08 | MLM: 0.9197 | CTC: 0.3101
Step 482000/1000000 | Loss: 1.5691 | LR: 7.53e-08 | MLM: 1.2623 | CTC: 0.3067
Step 482100/1000000 | Loss: 1.9883 | LR: 7.53e-08 | MLM: 1.4820 | CTC: 0.5063
Step 482200/1000000 | Loss: 0.6224 | LR: 7.53e-08 | MLM: 0.4455 | CTC: 0.1769
Step 482300/1000000 | Loss: 1.3902 | LR: 7.53e-08 | MLM: 1.0204 | CTC: 0.3698
Step 482400/1000000 | Loss: 0.0883 | LR: 7.54e-08 | MLM: 0.0412 | CTC: 0.0471
Step 482500/1000000 | Loss: 1.2015 | LR: 7.54e-08 | MLM: 0.8748 | CTC: 0.3268
Step 482600/1000000 | Loss: 1.9209 | LR: 7.54e-08 | MLM: 1.3929 | CTC: 0.5281
Step 482700/1000000 | Loss: 1.4931 | LR: 7.54e-08 | MLM: 1.1791 | CTC: 0.3140
Step 482800/1000000 | Loss: 1.4803 | LR: 7.54e-08 | MLM: 1.0627 | CTC: 0.4176
Step 482900/1000000 | Loss: 1.4680 | LR: 7.54e-08 | MLM: 1.2078 | CTC: 0.2602
Step 483000/1000000 | Loss: 2.2581 | LR: 7.55e-08 | MLM: 1.7178 | CTC: 0.5402
Step 483100/1000000 | Loss: 1.6816 | LR: 7.55e-08 | MLM: 1.3775 | CTC: 0.3041
Step 483200/1000000 | Loss: 1.1227 | LR: 7.55e-08 | MLM: 0.8364 | CTC: 0.2863
Step 483300/1000000 | Loss: 1.4266 | LR: 7.55e-08 | MLM: 1.1238 | CTC: 0.3029
Step 483400/1000000 | Loss: 0.9217 | LR: 7.55e-08 | MLM: 0.6538 | CTC: 0.2678
Step 483500/1000000 | Loss: 0.6496 | LR: 7.55e-08 | MLM: 0.4208 | CTC: 0.2287
Step 483600/1000000 | Loss: 0.7368 | LR: 7.56e-08 | MLM: 0.5394 | CTC: 0.1974
Step 483700/1000000 | Loss: 1.0129 | LR: 7.56e-08 | MLM: 0.7799 | CTC: 0.2330
Step 483800/1000000 | Loss: 1.0261 | LR: 7.56e-08 | MLM: 0.7393 | CTC: 0.2867
Step 483900/1000000 | Loss: 2.4351 | LR: 7.56e-08 | MLM: 1.7241 | CTC: 0.7110
Step 484000/1000000 | Loss: 1.1286 | LR: 7.56e-08 | MLM: 0.8294 | CTC: 0.2991
Step 484100/1000000 | Loss: 1.3368 | LR: 7.56e-08 | MLM: 1.0608 | CTC: 0.2760
Step 484200/1000000 | Loss: 0.6548 | LR: 7.56e-08 | MLM: 0.5350 | CTC: 0.1198
Step 484300/1000000 | Loss: 1.3442 | LR: 7.57e-08 | MLM: 0.9385 | CTC: 0.4058
Step 484400/1000000 | Loss: 0.2976 | LR: 7.57e-08 | MLM: 0.2093 | CTC: 0.0883
Step 484500/1000000 | Loss: 0.6838 | LR: 7.57e-08 | MLM: 0.5108 | CTC: 0.1729
Step 484600/1000000 | Loss: 0.7777 | LR: 7.57e-08 | MLM: 0.5706 | CTC: 0.2070
Step 484700/1000000 | Loss: 1.8849 | LR: 7.57e-08 | MLM: 1.4418 | CTC: 0.4432
Step 484800/1000000 | Loss: 1.0109 | LR: 7.57e-08 | MLM: 0.7360 | CTC: 0.2749
Step 484900/1000000 | Loss: 1.4814 | LR: 7.58e-08 | MLM: 1.1580 | CTC: 0.3234
Step 485000/1000000 | Loss: 1.2305 | LR: 7.58e-08 | MLM: 0.9033 | CTC: 0.3272
✓ Saved checkpoint to checkpoint_step_485000.t7
Step 485100/1000000 | Loss: 0.8781 | LR: 7.58e-08 | MLM: 0.6303 | CTC: 0.2478
Step 485200/1000000 | Loss: 0.9170 | LR: 7.58e-08 | MLM: 0.6810 | CTC: 0.2360
Step 485300/1000000 | Loss: 1.2258 | LR: 7.58e-08 | MLM: 0.8908 | CTC: 0.3350
Step 485400/1000000 | Loss: 0.1772 | LR: 7.58e-08 | MLM: 0.0983 | CTC: 0.0789
Step 485500/1000000 | Loss: 1.9072 | LR: 7.58e-08 | MLM: 1.3816 | CTC: 0.5256
Step 485600/1000000 | Loss: 0.8946 | LR: 7.59e-08 | MLM: 0.6862 | CTC: 0.2084
Step 485700/1000000 | Loss: 0.9109 | LR: 7.59e-08 | MLM: 0.6761 | CTC: 0.2348
Step 485800/1000000 | Loss: 1.5940 | LR: 7.59e-08 | MLM: 1.2090 | CTC: 0.3850
Step 485900/1000000 | Loss: 1.1976 | LR: 7.59e-08 | MLM: 0.9112 | CTC: 0.2864
Step 486000/1000000 | Loss: 0.7419 | LR: 7.59e-08 | MLM: 0.5755 | CTC: 0.1664
Step 486100/1000000 | Loss: 1.0941 | LR: 7.59e-08 | MLM: 0.7490 | CTC: 0.3451
Step 486200/1000000 | Loss: 1.2481 | LR: 7.60e-08 | MLM: 0.9159 | CTC: 0.3322
Step 486300/1000000 | Loss: 0.8515 | LR: 7.60e-08 | MLM: 0.5964 | CTC: 0.2551
Step 486400/1000000 | Loss: 2.0906 | LR: 7.60e-08 | MLM: 1.5842 | CTC: 0.5064
Step 486500/1000000 | Loss: 1.8252 | LR: 7.60e-08 | MLM: 1.4180 | CTC: 0.4073
Step 486600/1000000 | Loss: 0.1381 | LR: 7.60e-08 | MLM: 0.0882 | CTC: 0.0499
Step 486700/1000000 | Loss: 2.0466 | LR: 7.60e-08 | MLM: 1.5651 | CTC: 0.4815
Step 486800/1000000 | Loss: 1.1607 | LR: 7.61e-08 | MLM: 0.8355 | CTC: 0.3252
Step 486900/1000000 | Loss: 0.6074 | LR: 7.61e-08 | MLM: 0.4287 | CTC: 0.1787
Step 487000/1000000 | Loss: 1.3278 | LR: 7.61e-08 | MLM: 0.9787 | CTC: 0.3491
Step 487100/1000000 | Loss: 0.4093 | LR: 7.61e-08 | MLM: 0.2671 | CTC: 0.1422
Step 487200/1000000 | Loss: 0.9859 | LR: 7.61e-08 | MLM: 0.7271 | CTC: 0.2589
Step 487300/1000000 | Loss: 1.4065 | LR: 7.61e-08 | MLM: 1.0700 | CTC: 0.3365
Step 487400/1000000 | Loss: 1.2575 | LR: 7.61e-08 | MLM: 1.0169 | CTC: 0.2407
Step 487500/1000000 | Loss: 1.0357 | LR: 7.62e-08 | MLM: 0.6987 | CTC: 0.3369
Step 487600/1000000 | Loss: 1.0641 | LR: 7.62e-08 | MLM: 0.8232 | CTC: 0.2409
Step 487700/1000000 | Loss: 1.1533 | LR: 7.62e-08 | MLM: 0.8338 | CTC: 0.3195
Step 487800/1000000 | Loss: 0.5686 | LR: 7.62e-08 | MLM: 0.4499 | CTC: 0.1187
Step 487900/1000000 | Loss: 1.3390 | LR: 7.62e-08 | MLM: 1.0131 | CTC: 0.3259
Step 488000/1000000 | Loss: 1.4769 | LR: 7.62e-08 | MLM: 1.2182 | CTC: 0.2587
Step 488100/1000000 | Loss: 1.7893 | LR: 7.63e-08 | MLM: 1.4050 | CTC: 0.3843
Step 488200/1000000 | Loss: 1.0698 | LR: 7.63e-08 | MLM: 0.7769 | CTC: 0.2928
Step 488300/1000000 | Loss: 1.2560 | LR: 7.63e-08 | MLM: 1.0064 | CTC: 0.2497
Step 488400/1000000 | Loss: 0.7481 | LR: 7.63e-08 | MLM: 0.5318 | CTC: 0.2163
Step 488500/1000000 | Loss: 1.5404 | LR: 7.63e-08 | MLM: 1.2821 | CTC: 0.2583
Step 488600/1000000 | Loss: 1.0130 | LR: 7.63e-08 | MLM: 0.7609 | CTC: 0.2521
Step 488700/1000000 | Loss: 0.4479 | LR: 7.63e-08 | MLM: 0.3060 | CTC: 0.1419
Step 488800/1000000 | Loss: 1.6020 | LR: 7.64e-08 | MLM: 1.2309 | CTC: 0.3711
Step 488900/1000000 | Loss: 0.6223 | LR: 7.64e-08 | MLM: 0.4652 | CTC: 0.1571
Step 489000/1000000 | Loss: 1.6557 | LR: 7.64e-08 | MLM: 1.2576 | CTC: 0.3981
Step 489100/1000000 | Loss: 0.4527 | LR: 7.64e-08 | MLM: 0.3640 | CTC: 0.0888
Step 489200/1000000 | Loss: 1.1086 | LR: 7.64e-08 | MLM: 0.7847 | CTC: 0.3239
Step 489300/1000000 | Loss: 0.0830 | LR: 7.64e-08 | MLM: 0.0012 | CTC: 0.0817
Step 489400/1000000 | Loss: 2.1111 | LR: 7.65e-08 | MLM: 1.6633 | CTC: 0.4478
Step 489500/1000000 | Loss: 1.4128 | LR: 7.65e-08 | MLM: 1.0070 | CTC: 0.4058
Step 489600/1000000 | Loss: 0.5725 | LR: 7.65e-08 | MLM: 0.4133 | CTC: 0.1592
Step 489700/1000000 | Loss: 1.9066 | LR: 7.65e-08 | MLM: 1.4451 | CTC: 0.4615
Step 489800/1000000 | Loss: 0.6283 | LR: 7.65e-08 | MLM: 0.4955 | CTC: 0.1328
Step 489900/1000000 | Loss: 1.4655 | LR: 7.65e-08 | MLM: 1.1245 | CTC: 0.3410
Step 490000/1000000 | Loss: 1.4661 | LR: 7.66e-08 | MLM: 1.0393 | CTC: 0.4268
✓ Saved checkpoint to checkpoint_step_490000.t7
Step 490100/1000000 | Loss: 1.5595 | LR: 7.66e-08 | MLM: 1.1923 | CTC: 0.3672
Step 490200/1000000 | Loss: 1.5906 | LR: 7.66e-08 | MLM: 1.0929 | CTC: 0.4977
Step 490300/1000000 | Loss: 0.8416 | LR: 7.66e-08 | MLM: 0.6367 | CTC: 0.2049
Step 490400/1000000 | Loss: 0.8214 | LR: 7.66e-08 | MLM: 0.5798 | CTC: 0.2416
Step 490500/1000000 | Loss: 1.6145 | LR: 7.66e-08 | MLM: 1.2384 | CTC: 0.3761
Step 490600/1000000 | Loss: 1.5524 | LR: 7.66e-08 | MLM: 1.1579 | CTC: 0.3945
Step 490700/1000000 | Loss: 1.0156 | LR: 7.67e-08 | MLM: 0.7047 | CTC: 0.3109
Step 490800/1000000 | Loss: 1.0025 | LR: 7.67e-08 | MLM: 0.7705 | CTC: 0.2320
Step 490900/1000000 | Loss: 0.6516 | LR: 7.67e-08 | MLM: 0.4254 | CTC: 0.2263
Step 491000/1000000 | Loss: 1.5641 | LR: 7.67e-08 | MLM: 1.0656 | CTC: 0.4986
Step 491100/1000000 | Loss: 1.8078 | LR: 7.67e-08 | MLM: 1.2637 | CTC: 0.5441
Step 491200/1000000 | Loss: 1.1785 | LR: 7.67e-08 | MLM: 0.8309 | CTC: 0.3476
Step 491300/1000000 | Loss: 1.6115 | LR: 7.68e-08 | MLM: 1.1943 | CTC: 0.4171
Step 491400/1000000 | Loss: 1.7645 | LR: 7.68e-08 | MLM: 1.2809 | CTC: 0.4836
Step 491500/1000000 | Loss: 1.2165 | LR: 7.68e-08 | MLM: 0.9092 | CTC: 0.3073
Step 491600/1000000 | Loss: 1.4861 | LR: 7.68e-08 | MLM: 0.9945 | CTC: 0.4917
Step 491700/1000000 | Loss: 1.0402 | LR: 7.68e-08 | MLM: 0.7867 | CTC: 0.2535
Step 491800/1000000 | Loss: 0.9065 | LR: 7.68e-08 | MLM: 0.6429 | CTC: 0.2635
Step 491900/1000000 | Loss: 1.0418 | LR: 7.68e-08 | MLM: 0.7855 | CTC: 0.2562
Step 492000/1000000 | Loss: 1.1444 | LR: 7.69e-08 | MLM: 0.8383 | CTC: 0.3060
Step 492100/1000000 | Loss: 1.8200 | LR: 7.69e-08 | MLM: 1.4687 | CTC: 0.3513
Step 492200/1000000 | Loss: 1.4828 | LR: 7.69e-08 | MLM: 1.1225 | CTC: 0.3602
Step 492300/1000000 | Loss: 2.1857 | LR: 7.69e-08 | MLM: 1.6916 | CTC: 0.4942
Step 492400/1000000 | Loss: 1.8264 | LR: 7.69e-08 | MLM: 1.4634 | CTC: 0.3630
Step 492500/1000000 | Loss: 1.9892 | LR: 7.69e-08 | MLM: 1.4099 | CTC: 0.5793
Step 492600/1000000 | Loss: 1.1705 | LR: 7.70e-08 | MLM: 0.8954 | CTC: 0.2751
Step 492700/1000000 | Loss: 1.1088 | LR: 7.70e-08 | MLM: 0.8042 | CTC: 0.3046
Step 492800/1000000 | Loss: 2.2640 | LR: 7.70e-08 | MLM: 1.7721 | CTC: 0.4919
Step 492900/1000000 | Loss: 0.9286 | LR: 7.70e-08 | MLM: 0.6854 | CTC: 0.2432
Step 493000/1000000 | Loss: 1.7859 | LR: 7.70e-08 | MLM: 1.3513 | CTC: 0.4345
Step 493100/1000000 | Loss: 0.7926 | LR: 7.70e-08 | MLM: 0.6265 | CTC: 0.1661
Step 493200/1000000 | Loss: 1.1800 | LR: 7.71e-08 | MLM: 0.9600 | CTC: 0.2200
Step 493300/1000000 | Loss: 1.5516 | LR: 7.71e-08 | MLM: 1.1802 | CTC: 0.3714
Step 493400/1000000 | Loss: 1.3784 | LR: 7.71e-08 | MLM: 0.9846 | CTC: 0.3938
Step 493500/1000000 | Loss: 1.8222 | LR: 7.71e-08 | MLM: 1.2437 | CTC: 0.5786
Step 493600/1000000 | Loss: 1.8114 | LR: 7.71e-08 | MLM: 1.3207 | CTC: 0.4907
Step 493700/1000000 | Loss: 0.4987 | LR: 7.71e-08 | MLM: 0.3743 | CTC: 0.1245
Step 493800/1000000 | Loss: 1.3783 | LR: 7.71e-08 | MLM: 1.0958 | CTC: 0.2825
Step 493900/1000000 | Loss: 0.9731 | LR: 7.72e-08 | MLM: 0.7184 | CTC: 0.2547
Step 494000/1000000 | Loss: 1.7696 | LR: 7.72e-08 | MLM: 1.3335 | CTC: 0.4361
Step 494100/1000000 | Loss: 1.8598 | LR: 7.72e-08 | MLM: 1.3770 | CTC: 0.4827
Step 494200/1000000 | Loss: 1.4626 | LR: 7.72e-08 | MLM: 1.0975 | CTC: 0.3651
Step 494300/1000000 | Loss: 1.9813 | LR: 7.72e-08 | MLM: 1.3758 | CTC: 0.6055
Step 494400/1000000 | Loss: 1.0157 | LR: 7.72e-08 | MLM: 0.7238 | CTC: 0.2919
Step 494500/1000000 | Loss: 1.4943 | LR: 7.73e-08 | MLM: 1.0182 | CTC: 0.4761
Step 494600/1000000 | Loss: 1.8499 | LR: 7.73e-08 | MLM: 1.2898 | CTC: 0.5601
Step 494700/1000000 | Loss: 2.2302 | LR: 7.73e-08 | MLM: 1.6949 | CTC: 0.5353
Step 494800/1000000 | Loss: 1.1881 | LR: 7.73e-08 | MLM: 0.8535 | CTC: 0.3347
Step 494900/1000000 | Loss: 1.5804 | LR: 7.73e-08 | MLM: 1.2044 | CTC: 0.3760
Step 495000/1000000 | Loss: 1.2674 | LR: 7.73e-08 | MLM: 0.9259 | CTC: 0.3415
✓ Saved checkpoint to checkpoint_step_495000.t7
Step 495100/1000000 | Loss: 1.4506 | LR: 7.73e-08 | MLM: 1.1225 | CTC: 0.3281
Step 495200/1000000 | Loss: 2.2497 | LR: 7.74e-08 | MLM: 1.7946 | CTC: 0.4551
Step 495300/1000000 | Loss: 0.8887 | LR: 7.74e-08 | MLM: 0.6905 | CTC: 0.1982
Step 495400/1000000 | Loss: 1.3846 | LR: 7.74e-08 | MLM: 1.0527 | CTC: 0.3320
Step 495500/1000000 | Loss: 1.9860 | LR: 7.74e-08 | MLM: 1.5012 | CTC: 0.4848
Step 495600/1000000 | Loss: 1.5905 | LR: 7.74e-08 | MLM: 1.2055 | CTC: 0.3850
Step 495700/1000000 | Loss: 1.3648 | LR: 7.74e-08 | MLM: 0.9947 | CTC: 0.3702
Step 495800/1000000 | Loss: 1.8395 | LR: 7.75e-08 | MLM: 1.3458 | CTC: 0.4937
Step 495900/1000000 | Loss: 1.9015 | LR: 7.75e-08 | MLM: 1.4466 | CTC: 0.4549
Step 496000/1000000 | Loss: 1.8264 | LR: 7.75e-08 | MLM: 1.3307 | CTC: 0.4957
Step 496100/1000000 | Loss: 0.8965 | LR: 7.75e-08 | MLM: 0.5753 | CTC: 0.3212
Step 496200/1000000 | Loss: 1.3666 | LR: 7.75e-08 | MLM: 1.0295 | CTC: 0.3371
Step 496300/1000000 | Loss: 1.4383 | LR: 7.75e-08 | MLM: 1.1367 | CTC: 0.3016
Step 496400/1000000 | Loss: 1.0893 | LR: 7.76e-08 | MLM: 0.8302 | CTC: 0.2591
Step 496500/1000000 | Loss: 1.2290 | LR: 7.76e-08 | MLM: 0.9471 | CTC: 0.2820
Step 496600/1000000 | Loss: 1.9011 | LR: 7.76e-08 | MLM: 1.3961 | CTC: 0.5050
Step 496700/1000000 | Loss: 1.7495 | LR: 7.76e-08 | MLM: 1.2259 | CTC: 0.5236
Step 496800/1000000 | Loss: 1.3842 | LR: 7.76e-08 | MLM: 1.0971 | CTC: 0.2871
Step 496900/1000000 | Loss: 0.5365 | LR: 7.76e-08 | MLM: 0.4119 | CTC: 0.1246
Step 497000/1000000 | Loss: 1.4657 | LR: 7.76e-08 | MLM: 1.0987 | CTC: 0.3670
Step 497100/1000000 | Loss: 1.0095 | LR: 7.77e-08 | MLM: 0.7994 | CTC: 0.2101
Step 497200/1000000 | Loss: 0.9677 | LR: 7.77e-08 | MLM: 0.7870 | CTC: 0.1807
Step 497300/1000000 | Loss: 1.1152 | LR: 7.77e-08 | MLM: 0.7869 | CTC: 0.3284
Step 497400/1000000 | Loss: 0.3186 | LR: 7.77e-08 | MLM: 0.1982 | CTC: 0.1204
Step 497500/1000000 | Loss: 1.4898 | LR: 7.77e-08 | MLM: 1.0784 | CTC: 0.4114
Step 497600/1000000 | Loss: 1.9822 | LR: 7.77e-08 | MLM: 1.4400 | CTC: 0.5422
Step 497700/1000000 | Loss: 1.1747 | LR: 7.78e-08 | MLM: 0.8830 | CTC: 0.2917
Step 497800/1000000 | Loss: 1.6114 | LR: 7.78e-08 | MLM: 1.1836 | CTC: 0.4278
Step 497900/1000000 | Loss: 2.0005 | LR: 7.78e-08 | MLM: 1.5071 | CTC: 0.4934
Step 498000/1000000 | Loss: 0.7335 | LR: 7.78e-08 | MLM: 0.5282 | CTC: 0.2052
Step 498100/1000000 | Loss: 0.8548 | LR: 7.78e-08 | MLM: 0.5954 | CTC: 0.2593
Step 498200/1000000 | Loss: 0.9345 | LR: 7.78e-08 | MLM: 0.7038 | CTC: 0.2307
Step 498300/1000000 | Loss: 1.5904 | LR: 7.78e-08 | MLM: 1.2302 | CTC: 0.3602
Step 498400/1000000 | Loss: 0.9324 | LR: 7.79e-08 | MLM: 0.7039 | CTC: 0.2286
Step 498500/1000000 | Loss: 0.9395 | LR: 7.79e-08 | MLM: 0.7577 | CTC: 0.1818
Step 498600/1000000 | Loss: 0.8814 | LR: 7.79e-08 | MLM: 0.7137 | CTC: 0.1677
Step 498700/1000000 | Loss: 1.2242 | LR: 7.79e-08 | MLM: 0.8645 | CTC: 0.3597
Step 498800/1000000 | Loss: 1.3206 | LR: 7.79e-08 | MLM: 1.0116 | CTC: 0.3091
Step 498900/1000000 | Loss: 1.9783 | LR: 7.79e-08 | MLM: 1.5516 | CTC: 0.4266
Step 499000/1000000 | Loss: 1.2378 | LR: 7.80e-08 | MLM: 0.9736 | CTC: 0.2642
Step 499100/1000000 | Loss: 0.9482 | LR: 7.80e-08 | MLM: 0.6285 | CTC: 0.3197
Step 499200/1000000 | Loss: 1.6385 | LR: 7.80e-08 | MLM: 1.1818 | CTC: 0.4567
Step 499300/1000000 | Loss: 1.5902 | LR: 7.80e-08 | MLM: 1.1568 | CTC: 0.4334
Step 499400/1000000 | Loss: 0.5191 | LR: 7.80e-08 | MLM: 0.3839 | CTC: 0.1352
Step 499500/1000000 | Loss: 1.6057 | LR: 7.80e-08 | MLM: 1.2158 | CTC: 0.3898
Step 499600/1000000 | Loss: 1.4456 | LR: 7.81e-08 | MLM: 1.1166 | CTC: 0.3290
Step 499700/1000000 | Loss: 0.5249 | LR: 7.81e-08 | MLM: 0.3569 | CTC: 0.1680
Step 499800/1000000 | Loss: 0.2816 | LR: 7.81e-08 | MLM: 0.2200 | CTC: 0.0616
Step 499900/1000000 | Loss: 0.3896 | LR: 7.81e-08 | MLM: 0.2383 | CTC: 0.1513
Step 500000/1000000 | Loss: 1.2781 | LR: 7.81e-08 | MLM: 0.9278 | CTC: 0.3504
✓ Saved checkpoint to checkpoint_step_500000.t7
Step 500100/1000000 | Loss: 1.6022 | LR: 7.81e-08 | MLM: 1.1712 | CTC: 0.4310
Step 500200/1000000 | Loss: 1.4894 | LR: 7.81e-08 | MLM: 1.1927 | CTC: 0.2967
Step 500300/1000000 | Loss: 1.3142 | LR: 7.82e-08 | MLM: 0.9172 | CTC: 0.3970
Step 500400/1000000 | Loss: 0.9625 | LR: 7.82e-08 | MLM: 0.7528 | CTC: 0.2097
Step 500500/1000000 | Loss: 1.2265 | LR: 7.82e-08 | MLM: 1.0171 | CTC: 0.2094
Step 500600/1000000 | Loss: 1.2385 | LR: 7.82e-08 | MLM: 0.9214 | CTC: 0.3171
Step 500700/1000000 | Loss: 0.9140 | LR: 7.82e-08 | MLM: 0.6173 | CTC: 0.2967
Step 500800/1000000 | Loss: 1.0776 | LR: 7.82e-08 | MLM: 0.8102 | CTC: 0.2674
Step 500900/1000000 | Loss: 0.8473 | LR: 7.83e-08 | MLM: 0.6515 | CTC: 0.1959
Step 501000/1000000 | Loss: 1.8532 | LR: 7.83e-08 | MLM: 1.3784 | CTC: 0.4747
Step 501100/1000000 | Loss: 1.0112 | LR: 7.83e-08 | MLM: 0.8381 | CTC: 0.1731
Step 501200/1000000 | Loss: 0.9495 | LR: 7.83e-08 | MLM: 0.6736 | CTC: 0.2758
Step 501300/1000000 | Loss: 0.7952 | LR: 7.83e-08 | MLM: 0.5988 | CTC: 0.1964
Step 501400/1000000 | Loss: 0.6184 | LR: 7.83e-08 | MLM: 0.4609 | CTC: 0.1574
Step 501500/1000000 | Loss: 1.0650 | LR: 7.83e-08 | MLM: 0.8549 | CTC: 0.2101
Step 501600/1000000 | Loss: 1.7581 | LR: 7.84e-08 | MLM: 1.3159 | CTC: 0.4422
Step 501700/1000000 | Loss: 1.3643 | LR: 7.84e-08 | MLM: 0.9848 | CTC: 0.3795
Step 501800/1000000 | Loss: 0.4688 | LR: 7.84e-08 | MLM: 0.3417 | CTC: 0.1271
Step 501900/1000000 | Loss: 1.9992 | LR: 7.84e-08 | MLM: 1.4772 | CTC: 0.5220
Step 502000/1000000 | Loss: 1.9035 | LR: 7.84e-08 | MLM: 1.3773 | CTC: 0.5261
Step 502100/1000000 | Loss: 1.0432 | LR: 7.84e-08 | MLM: 0.8235 | CTC: 0.2197
Step 502200/1000000 | Loss: 0.9370 | LR: 7.85e-08 | MLM: 0.7104 | CTC: 0.2267
Step 502300/1000000 | Loss: 0.8888 | LR: 7.85e-08 | MLM: 0.7004 | CTC: 0.1884
Step 502400/1000000 | Loss: 1.4985 | LR: 7.85e-08 | MLM: 1.2090 | CTC: 0.2895
Step 502500/1000000 | Loss: 1.3264 | LR: 7.85e-08 | MLM: 1.0620 | CTC: 0.2644
Step 502600/1000000 | Loss: 1.3565 | LR: 7.85e-08 | MLM: 1.0431 | CTC: 0.3135
Step 502700/1000000 | Loss: 0.5930 | LR: 7.85e-08 | MLM: 0.4663 | CTC: 0.1267
Step 502800/1000000 | Loss: 1.5707 | LR: 7.86e-08 | MLM: 1.0787 | CTC: 0.4920
Step 502900/1000000 | Loss: 1.8940 | LR: 7.86e-08 | MLM: 1.4717 | CTC: 0.4223
Step 503000/1000000 | Loss: 1.0476 | LR: 7.86e-08 | MLM: 0.7915 | CTC: 0.2561
Step 503100/1000000 | Loss: 1.1470 | LR: 7.86e-08 | MLM: 0.8098 | CTC: 0.3372
Step 503200/1000000 | Loss: 1.0844 | LR: 7.86e-08 | MLM: 0.8334 | CTC: 0.2509
Step 503300/1000000 | Loss: 1.0341 | LR: 7.86e-08 | MLM: 0.7528 | CTC: 0.2813
Step 503400/1000000 | Loss: 0.4344 | LR: 7.86e-08 | MLM: 0.3083 | CTC: 0.1260
Step 503500/1000000 | Loss: 1.3630 | LR: 7.87e-08 | MLM: 0.9969 | CTC: 0.3661
Step 503600/1000000 | Loss: 1.3707 | LR: 7.87e-08 | MLM: 1.1404 | CTC: 0.2303
Step 503700/1000000 | Loss: 0.9806 | LR: 7.87e-08 | MLM: 0.7333 | CTC: 0.2472
Step 503800/1000000 | Loss: 1.3888 | LR: 7.87e-08 | MLM: 1.0483 | CTC: 0.3404
Step 503900/1000000 | Loss: 1.7736 | LR: 7.87e-08 | MLM: 1.2750 | CTC: 0.4985
Step 504000/1000000 | Loss: 2.2084 | LR: 7.88e-08 | MLM: 1.6348 | CTC: 0.5737
Step 504100/1000000 | Loss: 1.5436 | LR: 7.88e-08 | MLM: 1.1489 | CTC: 0.3947
Step 504200/1000000 | Loss: 1.6769 | LR: 7.88e-08 | MLM: 1.2067 | CTC: 0.4703
Step 504300/1000000 | Loss: 1.7836 | LR: 7.88e-08 | MLM: 1.3584 | CTC: 0.4251
Step 504400/1000000 | Loss: 1.3547 | LR: 7.88e-08 | MLM: 0.9806 | CTC: 0.3741
Step 504500/1000000 | Loss: 2.1241 | LR: 7.88e-08 | MLM: 1.5897 | CTC: 0.5343
Step 504600/1000000 | Loss: 1.7362 | LR: 7.88e-08 | MLM: 1.2765 | CTC: 0.4597
Step 504700/1000000 | Loss: 1.5166 | LR: 7.88e-08 | MLM: 1.1873 | CTC: 0.3293
Step 504800/1000000 | Loss: 0.3456 | LR: 7.89e-08 | MLM: 0.2186 | CTC: 0.1270
Step 504900/1000000 | Loss: 1.0616 | LR: 7.89e-08 | MLM: 0.7779 | CTC: 0.2837
Step 505000/1000000 | Loss: 1.6456 | LR: 7.89e-08 | MLM: 1.1913 | CTC: 0.4543
✓ Saved checkpoint to checkpoint_step_505000.t7
Step 505100/1000000 | Loss: 0.5200 | LR: 7.89e-08 | MLM: 0.3491 | CTC: 0.1710
Step 505200/1000000 | Loss: 1.3939 | LR: 7.89e-08 | MLM: 1.0619 | CTC: 0.3321
Step 505300/1000000 | Loss: 1.2825 | LR: 7.89e-08 | MLM: 1.0324 | CTC: 0.2501
Step 505400/1000000 | Loss: 0.5077 | LR: 7.90e-08 | MLM: 0.3875 | CTC: 0.1202
Step 505500/1000000 | Loss: 1.3381 | LR: 7.90e-08 | MLM: 0.8444 | CTC: 0.4936
Step 505600/1000000 | Loss: 1.4763 | LR: 7.90e-08 | MLM: 1.1058 | CTC: 0.3705
Step 505700/1000000 | Loss: 1.2392 | LR: 7.90e-08 | MLM: 0.8714 | CTC: 0.3678
Step 505800/1000000 | Loss: 1.8157 | LR: 7.90e-08 | MLM: 1.2757 | CTC: 0.5400
Step 505900/1000000 | Loss: 1.4164 | LR: 7.90e-08 | MLM: 1.1047 | CTC: 0.3117
Step 506000/1000000 | Loss: 1.2138 | LR: 7.91e-08 | MLM: 0.9910 | CTC: 0.2228
Step 506100/1000000 | Loss: 1.1101 | LR: 7.91e-08 | MLM: 0.8586 | CTC: 0.2515
Step 506200/1000000 | Loss: 1.5483 | LR: 7.91e-08 | MLM: 1.2669 | CTC: 0.2814
Step 506300/1000000 | Loss: 0.5221 | LR: 7.91e-08 | MLM: 0.3958 | CTC: 0.1263
Step 506400/1000000 | Loss: 1.9566 | LR: 7.91e-08 | MLM: 1.5681 | CTC: 0.3885
Step 506500/1000000 | Loss: 0.8341 | LR: 7.91e-08 | MLM: 0.5956 | CTC: 0.2385
Step 506600/1000000 | Loss: 1.8127 | LR: 7.91e-08 | MLM: 1.2447 | CTC: 0.5679
Step 506700/1000000 | Loss: 1.3101 | LR: 7.92e-08 | MLM: 0.9277 | CTC: 0.3824
Step 506800/1000000 | Loss: 1.7924 | LR: 7.92e-08 | MLM: 1.2948 | CTC: 0.4976
Step 506900/1000000 | Loss: 2.2892 | LR: 7.92e-08 | MLM: 1.7191 | CTC: 0.5700
Step 507000/1000000 | Loss: 1.7626 | LR: 7.92e-08 | MLM: 1.3909 | CTC: 0.3717
Step 507100/1000000 | Loss: 0.5788 | LR: 7.92e-08 | MLM: 0.3785 | CTC: 0.2004
Step 507200/1000000 | Loss: 0.7967 | LR: 7.92e-08 | MLM: 0.5921 | CTC: 0.2046
Step 507300/1000000 | Loss: 0.8287 | LR: 7.93e-08 | MLM: 0.6257 | CTC: 0.2029
Step 507400/1000000 | Loss: 1.8673 | LR: 7.93e-08 | MLM: 1.4889 | CTC: 0.3784
Step 507500/1000000 | Loss: 1.6909 | LR: 7.93e-08 | MLM: 1.1424 | CTC: 0.5485
Step 507600/1000000 | Loss: 1.2887 | LR: 7.93e-08 | MLM: 0.8878 | CTC: 0.4009
Step 507700/1000000 | Loss: 1.0007 | LR: 7.93e-08 | MLM: 0.7438 | CTC: 0.2569
Step 507800/1000000 | Loss: 0.9373 | LR: 7.93e-08 | MLM: 0.7440 | CTC: 0.1933
Step 507900/1000000 | Loss: 1.9652 | LR: 7.93e-08 | MLM: 1.4061 | CTC: 0.5591
Step 508000/1000000 | Loss: 1.3288 | LR: 7.94e-08 | MLM: 0.9573 | CTC: 0.3715
Step 508100/1000000 | Loss: 1.3947 | LR: 7.94e-08 | MLM: 1.0365 | CTC: 0.3583
Step 508200/1000000 | Loss: 0.5036 | LR: 7.94e-08 | MLM: 0.4090 | CTC: 0.0946
Step 508300/1000000 | Loss: 0.1178 | LR: 7.94e-08 | MLM: 0.0810 | CTC: 0.0367
Step 508400/1000000 | Loss: 1.8129 | LR: 7.94e-08 | MLM: 1.2849 | CTC: 0.5280
Step 508500/1000000 | Loss: 1.4656 | LR: 7.95e-08 | MLM: 1.1247 | CTC: 0.3409
Step 508600/1000000 | Loss: 1.3801 | LR: 7.95e-08 | MLM: 0.8457 | CTC: 0.5344
Step 508700/1000000 | Loss: 1.8718 | LR: 7.95e-08 | MLM: 1.1689 | CTC: 0.7030
Step 508800/1000000 | Loss: 1.0279 | LR: 7.95e-08 | MLM: 0.7810 | CTC: 0.2468
Step 508900/1000000 | Loss: 1.4525 | LR: 7.95e-08 | MLM: 1.1204 | CTC: 0.3320
Step 509000/1000000 | Loss: 1.6474 | LR: 7.95e-08 | MLM: 1.1726 | CTC: 0.4748
Step 509100/1000000 | Loss: 1.2750 | LR: 7.95e-08 | MLM: 1.0296 | CTC: 0.2454
Step 509200/1000000 | Loss: 1.3077 | LR: 7.96e-08 | MLM: 0.8994 | CTC: 0.4083
Step 509300/1000000 | Loss: 0.6720 | LR: 7.96e-08 | MLM: 0.4574 | CTC: 0.2146
Step 509400/1000000 | Loss: 0.9911 | LR: 7.96e-08 | MLM: 0.7779 | CTC: 0.2133
Step 509500/1000000 | Loss: 1.6447 | LR: 7.96e-08 | MLM: 1.2566 | CTC: 0.3881
Step 509600/1000000 | Loss: 0.6520 | LR: 7.96e-08 | MLM: 0.4440 | CTC: 0.2080
Step 509700/1000000 | Loss: 1.9659 | LR: 7.96e-08 | MLM: 1.4839 | CTC: 0.4820
Step 509800/1000000 | Loss: 0.3321 | LR: 7.96e-08 | MLM: 0.2387 | CTC: 0.0934
Step 509900/1000000 | Loss: 1.5760 | LR: 7.97e-08 | MLM: 1.1769 | CTC: 0.3991
Step 510000/1000000 | Loss: 0.9924 | LR: 7.97e-08 | MLM: 0.8005 | CTC: 0.1920
✓ Saved checkpoint to checkpoint_step_510000.t7
Step 510100/1000000 | Loss: 1.3690 | LR: 7.97e-08 | MLM: 1.0863 | CTC: 0.2828
Step 510200/1000000 | Loss: 0.6050 | LR: 7.97e-08 | MLM: 0.3929 | CTC: 0.2120
Step 510300/1000000 | Loss: 1.6369 | LR: 7.97e-08 | MLM: 1.2758 | CTC: 0.3610
Step 510400/1000000 | Loss: 1.7974 | LR: 7.97e-08 | MLM: 1.2970 | CTC: 0.5005
Step 510500/1000000 | Loss: 1.2917 | LR: 7.98e-08 | MLM: 0.9017 | CTC: 0.3900
Step 510600/1000000 | Loss: 0.9737 | LR: 7.98e-08 | MLM: 0.7352 | CTC: 0.2385
Step 510700/1000000 | Loss: 0.9238 | LR: 7.98e-08 | MLM: 0.7025 | CTC: 0.2213
Step 510800/1000000 | Loss: 0.8429 | LR: 7.98e-08 | MLM: 0.7278 | CTC: 0.1151
Step 510900/1000000 | Loss: 0.8788 | LR: 7.98e-08 | MLM: 0.6610 | CTC: 0.2177
Step 511000/1000000 | Loss: 1.5790 | LR: 7.98e-08 | MLM: 1.2655 | CTC: 0.3135
Step 511100/1000000 | Loss: 2.2525 | LR: 7.98e-08 | MLM: 1.7082 | CTC: 0.5444
Step 511200/1000000 | Loss: 1.3316 | LR: 7.99e-08 | MLM: 0.9858 | CTC: 0.3458
Step 511300/1000000 | Loss: 2.7835 | LR: 7.99e-08 | MLM: 1.9963 | CTC: 0.7873
Step 511400/1000000 | Loss: 0.7445 | LR: 7.99e-08 | MLM: 0.5277 | CTC: 0.2168
Step 511500/1000000 | Loss: 1.7231 | LR: 7.99e-08 | MLM: 1.2235 | CTC: 0.4995
Step 511600/1000000 | Loss: 1.0498 | LR: 7.99e-08 | MLM: 0.7531 | CTC: 0.2967
Step 511700/1000000 | Loss: 1.7110 | LR: 7.99e-08 | MLM: 1.2861 | CTC: 0.4249
Step 511800/1000000 | Loss: 1.6721 | LR: 8.00e-08 | MLM: 1.2309 | CTC: 0.4412
Step 511900/1000000 | Loss: 1.6399 | LR: 8.00e-08 | MLM: 1.1083 | CTC: 0.5315
Step 512000/1000000 | Loss: 1.0421 | LR: 8.00e-08 | MLM: 0.7542 | CTC: 0.2879
Step 512100/1000000 | Loss: 1.8609 | LR: 8.00e-08 | MLM: 1.3701 | CTC: 0.4908
Step 512200/1000000 | Loss: 1.4027 | LR: 8.00e-08 | MLM: 1.0637 | CTC: 0.3389
Step 512300/1000000 | Loss: 1.0897 | LR: 8.00e-08 | MLM: 0.8740 | CTC: 0.2157
Step 512400/1000000 | Loss: 0.8536 | LR: 8.01e-08 | MLM: 0.5548 | CTC: 0.2988
Step 512500/1000000 | Loss: 1.2847 | LR: 8.01e-08 | MLM: 0.9254 | CTC: 0.3593
Step 512600/1000000 | Loss: 1.4533 | LR: 8.01e-08 | MLM: 1.0976 | CTC: 0.3557
Step 512700/1000000 | Loss: 1.4736 | LR: 8.01e-08 | MLM: 1.0945 | CTC: 0.3790
Step 512800/1000000 | Loss: 2.3831 | LR: 8.01e-08 | MLM: 1.8901 | CTC: 0.4930
Step 512900/1000000 | Loss: 1.5830 | LR: 8.01e-08 | MLM: 1.1169 | CTC: 0.4661
Step 513000/1000000 | Loss: 1.5285 | LR: 8.01e-08 | MLM: 1.0866 | CTC: 0.4418
Step 513100/1000000 | Loss: 1.2029 | LR: 8.02e-08 | MLM: 0.8335 | CTC: 0.3694
Step 513200/1000000 | Loss: 1.2985 | LR: 8.02e-08 | MLM: 1.0060 | CTC: 0.2925
Step 513300/1000000 | Loss: 1.5199 | LR: 8.02e-08 | MLM: 1.1123 | CTC: 0.4075
Step 513400/1000000 | Loss: 1.6601 | LR: 8.02e-08 | MLM: 1.2680 | CTC: 0.3922
Step 513500/1000000 | Loss: 0.7771 | LR: 8.02e-08 | MLM: 0.5867 | CTC: 0.1904
Step 513600/1000000 | Loss: 1.9525 | LR: 8.02e-08 | MLM: 1.5229 | CTC: 0.4296
Step 513700/1000000 | Loss: 0.4669 | LR: 8.03e-08 | MLM: 0.2639 | CTC: 0.2030
Step 513800/1000000 | Loss: 0.0348 | LR: 8.03e-08 | MLM: 0.0186 | CTC: 0.0162
Step 513900/1000000 | Loss: 1.4497 | LR: 8.03e-08 | MLM: 1.1160 | CTC: 0.3337
Step 514000/1000000 | Loss: 1.4990 | LR: 8.03e-08 | MLM: 1.1443 | CTC: 0.3547
Step 514100/1000000 | Loss: 1.9860 | LR: 8.03e-08 | MLM: 1.5266 | CTC: 0.4594
Step 514200/1000000 | Loss: 1.5722 | LR: 8.03e-08 | MLM: 1.2129 | CTC: 0.3593
Step 514300/1000000 | Loss: 1.2952 | LR: 8.04e-08 | MLM: 0.9905 | CTC: 0.3047
Step 514400/1000000 | Loss: 1.1480 | LR: 8.04e-08 | MLM: 0.8384 | CTC: 0.3097
Step 514500/1000000 | Loss: 1.7284 | LR: 8.04e-08 | MLM: 1.3109 | CTC: 0.4175
Step 514600/1000000 | Loss: 0.6899 | LR: 8.04e-08 | MLM: 0.5013 | CTC: 0.1885
Step 514700/1000000 | Loss: 1.4751 | LR: 8.04e-08 | MLM: 1.0389 | CTC: 0.4361
Step 514800/1000000 | Loss: 1.3825 | LR: 8.04e-08 | MLM: 1.0637 | CTC: 0.3187
Step 514900/1000000 | Loss: 0.1673 | LR: 8.04e-08 | MLM: 0.0935 | CTC: 0.0738
Step 515000/1000000 | Loss: 1.1119 | LR: 8.05e-08 | MLM: 0.8107 | CTC: 0.3012
✓ Saved checkpoint to checkpoint_step_515000.t7
Step 515100/1000000 | Loss: 0.9946 | LR: 8.05e-08 | MLM: 0.7151 | CTC: 0.2795
Step 515200/1000000 | Loss: 1.6963 | LR: 8.05e-08 | MLM: 1.2818 | CTC: 0.4145
Step 515300/1000000 | Loss: 2.0705 | LR: 8.05e-08 | MLM: 1.5549 | CTC: 0.5156
Step 515400/1000000 | Loss: 1.1716 | LR: 8.05e-08 | MLM: 0.8791 | CTC: 0.2925
Step 515500/1000000 | Loss: 1.2006 | LR: 8.05e-08 | MLM: 0.8663 | CTC: 0.3343
Step 515600/1000000 | Loss: 1.1968 | LR: 8.06e-08 | MLM: 0.9427 | CTC: 0.2541
Step 515700/1000000 | Loss: 1.5974 | LR: 8.06e-08 | MLM: 1.2140 | CTC: 0.3833
Step 515800/1000000 | Loss: 1.5057 | LR: 8.06e-08 | MLM: 1.0379 | CTC: 0.4678
Step 515900/1000000 | Loss: 1.6382 | LR: 8.06e-08 | MLM: 1.1946 | CTC: 0.4435
Step 516000/1000000 | Loss: 2.0572 | LR: 8.06e-08 | MLM: 1.5394 | CTC: 0.5178
Step 516100/1000000 | Loss: 1.9555 | LR: 8.06e-08 | MLM: 1.2302 | CTC: 0.7253
Step 516200/1000000 | Loss: 2.1709 | LR: 8.06e-08 | MLM: 1.1920 | CTC: 0.9789
Step 516300/1000000 | Loss: 1.2034 | LR: 8.07e-08 | MLM: 0.8672 | CTC: 0.3362
Step 516400/1000000 | Loss: 1.0239 | LR: 8.07e-08 | MLM: 0.7420 | CTC: 0.2819
Step 516500/1000000 | Loss: 1.7911 | LR: 8.07e-08 | MLM: 1.3298 | CTC: 0.4614
Step 516600/1000000 | Loss: 0.4928 | LR: 8.07e-08 | MLM: 0.3269 | CTC: 0.1658
Step 516700/1000000 | Loss: 1.1778 | LR: 8.07e-08 | MLM: 0.8495 | CTC: 0.3283
Step 516800/1000000 | Loss: 0.8590 | LR: 8.07e-08 | MLM: 0.5589 | CTC: 0.3001
Step 516900/1000000 | Loss: 1.5486 | LR: 8.08e-08 | MLM: 1.1663 | CTC: 0.3824
Step 517000/1000000 | Loss: 0.7366 | LR: 8.08e-08 | MLM: 0.5482 | CTC: 0.1883
Step 517100/1000000 | Loss: 1.7338 | LR: 8.08e-08 | MLM: 1.3369 | CTC: 0.3969
Step 517200/1000000 | Loss: 2.5039 | LR: 8.08e-08 | MLM: 1.7763 | CTC: 0.7276
Step 517300/1000000 | Loss: 0.8735 | LR: 8.08e-08 | MLM: 0.7147 | CTC: 0.1588
Step 517400/1000000 | Loss: 1.6136 | LR: 8.08e-08 | MLM: 1.1645 | CTC: 0.4491
Step 517500/1000000 | Loss: 0.7663 | LR: 8.08e-08 | MLM: 0.5559 | CTC: 0.2104
Step 517600/1000000 | Loss: 1.1386 | LR: 8.09e-08 | MLM: 0.8348 | CTC: 0.3037
Step 517700/1000000 | Loss: 0.9909 | LR: 8.09e-08 | MLM: 0.7339 | CTC: 0.2571
Step 517800/1000000 | Loss: 0.9709 | LR: 8.09e-08 | MLM: 0.7103 | CTC: 0.2607
Step 517900/1000000 | Loss: 1.3001 | LR: 8.09e-08 | MLM: 1.0179 | CTC: 0.2822
Step 518000/1000000 | Loss: 0.8249 | LR: 8.09e-08 | MLM: 0.5999 | CTC: 0.2250
Step 518100/1000000 | Loss: 1.6476 | LR: 8.09e-08 | MLM: 1.2808 | CTC: 0.3668
Step 518200/1000000 | Loss: 0.9169 | LR: 8.10e-08 | MLM: 0.6932 | CTC: 0.2237
Step 518300/1000000 | Loss: 2.1848 | LR: 8.10e-08 | MLM: 1.7689 | CTC: 0.4159
Step 518400/1000000 | Loss: 1.8977 | LR: 8.10e-08 | MLM: 1.4368 | CTC: 0.4609
Step 518500/1000000 | Loss: 1.8641 | LR: 8.10e-08 | MLM: 1.4532 | CTC: 0.4109
Step 518600/1000000 | Loss: 1.2652 | LR: 8.10e-08 | MLM: 0.9780 | CTC: 0.2872
Step 518700/1000000 | Loss: 0.6927 | LR: 8.10e-08 | MLM: 0.5662 | CTC: 0.1265
Step 518800/1000000 | Loss: 0.4083 | LR: 8.11e-08 | MLM: 0.2929 | CTC: 0.1154
Step 518900/1000000 | Loss: 1.1131 | LR: 8.11e-08 | MLM: 0.7258 | CTC: 0.3873
Step 519000/1000000 | Loss: 1.5513 | LR: 8.11e-08 | MLM: 1.1831 | CTC: 0.3682
Step 519100/1000000 | Loss: 1.6509 | LR: 8.11e-08 | MLM: 1.1278 | CTC: 0.5232
Step 519200/1000000 | Loss: 1.9392 | LR: 8.11e-08 | MLM: 1.4003 | CTC: 0.5389
Step 519300/1000000 | Loss: 1.2354 | LR: 8.11e-08 | MLM: 0.9612 | CTC: 0.2742
Step 519400/1000000 | Loss: 1.0273 | LR: 8.11e-08 | MLM: 0.7927 | CTC: 0.2346
Step 519500/1000000 | Loss: 0.8054 | LR: 8.12e-08 | MLM: 0.5933 | CTC: 0.2120
Step 519600/1000000 | Loss: 1.2805 | LR: 8.12e-08 | MLM: 0.9533 | CTC: 0.3272
Step 519700/1000000 | Loss: 2.0323 | LR: 8.12e-08 | MLM: 1.6057 | CTC: 0.4265
Step 519800/1000000 | Loss: 1.2491 | LR: 8.12e-08 | MLM: 0.8859 | CTC: 0.3633
Step 519900/1000000 | Loss: 1.3462 | LR: 8.12e-08 | MLM: 0.9869 | CTC: 0.3594
Step 520000/1000000 | Loss: 0.6476 | LR: 8.12e-08 | MLM: 0.3856 | CTC: 0.2620
✓ Saved checkpoint to checkpoint_step_520000.t7
Step 520100/1000000 | Loss: 1.4890 | LR: 8.13e-08 | MLM: 1.1167 | CTC: 0.3723
Step 520200/1000000 | Loss: 1.3988 | LR: 8.13e-08 | MLM: 1.0984 | CTC: 0.3004
Step 520300/1000000 | Loss: 1.9537 | LR: 8.13e-08 | MLM: 1.4099 | CTC: 0.5438
Step 520400/1000000 | Loss: 0.8822 | LR: 8.13e-08 | MLM: 0.5822 | CTC: 0.3000
Step 520500/1000000 | Loss: 1.6061 | LR: 8.13e-08 | MLM: 1.2259 | CTC: 0.3802
Step 520600/1000000 | Loss: 1.5783 | LR: 8.13e-08 | MLM: 1.1665 | CTC: 0.4118
Step 520700/1000000 | Loss: 1.0516 | LR: 8.13e-08 | MLM: 0.7924 | CTC: 0.2592
Step 520800/1000000 | Loss: 1.8976 | LR: 8.14e-08 | MLM: 1.3609 | CTC: 0.5368
Step 520900/1000000 | Loss: 1.9791 | LR: 8.14e-08 | MLM: 1.3916 | CTC: 0.5875
Step 521000/1000000 | Loss: 1.2604 | LR: 8.14e-08 | MLM: 0.9622 | CTC: 0.2982
Step 521100/1000000 | Loss: 1.7678 | LR: 8.14e-08 | MLM: 1.4371 | CTC: 0.3307
Step 521200/1000000 | Loss: 1.6010 | LR: 8.14e-08 | MLM: 1.0802 | CTC: 0.5208
Step 521300/1000000 | Loss: 0.7061 | LR: 8.14e-08 | MLM: 0.5588 | CTC: 0.1473
Step 521400/1000000 | Loss: 1.8816 | LR: 8.15e-08 | MLM: 1.3487 | CTC: 0.5329
Step 521500/1000000 | Loss: 1.9008 | LR: 8.15e-08 | MLM: 1.4597 | CTC: 0.4411
Step 521600/1000000 | Loss: 0.9493 | LR: 8.15e-08 | MLM: 0.6827 | CTC: 0.2667
Step 521700/1000000 | Loss: 0.5080 | LR: 8.15e-08 | MLM: 0.3478 | CTC: 0.1602
Step 521800/1000000 | Loss: 1.8137 | LR: 8.15e-08 | MLM: 1.3079 | CTC: 0.5059
Step 521900/1000000 | Loss: 1.6487 | LR: 8.15e-08 | MLM: 1.2547 | CTC: 0.3939
Step 522000/1000000 | Loss: 2.0788 | LR: 8.16e-08 | MLM: 1.5812 | CTC: 0.4976
Step 522100/1000000 | Loss: 1.6415 | LR: 8.16e-08 | MLM: 1.2737 | CTC: 0.3678
Step 522200/1000000 | Loss: 1.0884 | LR: 8.16e-08 | MLM: 0.7954 | CTC: 0.2930
Step 522300/1000000 | Loss: 1.2233 | LR: 8.16e-08 | MLM: 0.9555 | CTC: 0.2678
Step 522400/1000000 | Loss: 0.5309 | LR: 8.16e-08 | MLM: 0.3900 | CTC: 0.1409
Step 522500/1000000 | Loss: 1.1733 | LR: 8.16e-08 | MLM: 0.8121 | CTC: 0.3612
Step 522600/1000000 | Loss: 1.4124 | LR: 8.16e-08 | MLM: 0.9373 | CTC: 0.4751
Step 522700/1000000 | Loss: 2.1845 | LR: 8.17e-08 | MLM: 1.5932 | CTC: 0.5912
Step 522800/1000000 | Loss: 1.4225 | LR: 8.17e-08 | MLM: 0.9788 | CTC: 0.4437
Step 522900/1000000 | Loss: 1.5700 | LR: 8.17e-08 | MLM: 1.2348 | CTC: 0.3352
Step 523000/1000000 | Loss: 0.8762 | LR: 8.17e-08 | MLM: 0.6145 | CTC: 0.2617
Step 523100/1000000 | Loss: 2.1926 | LR: 8.17e-08 | MLM: 1.6658 | CTC: 0.5268
Step 523200/1000000 | Loss: 0.7038 | LR: 8.18e-08 | MLM: 0.5835 | CTC: 0.1202
Step 523300/1000000 | Loss: 2.4504 | LR: 8.18e-08 | MLM: 2.0506 | CTC: 0.3998
Step 523400/1000000 | Loss: 1.6491 | LR: 8.18e-08 | MLM: 1.2517 | CTC: 0.3974
Step 523500/1000000 | Loss: 0.8403 | LR: 8.18e-08 | MLM: 0.5957 | CTC: 0.2446
Step 523600/1000000 | Loss: 1.1799 | LR: 8.18e-08 | MLM: 0.8451 | CTC: 0.3347
Step 523700/1000000 | Loss: 1.2688 | LR: 8.18e-08 | MLM: 1.0531 | CTC: 0.2157
Step 523800/1000000 | Loss: 0.4123 | LR: 8.18e-08 | MLM: 0.3242 | CTC: 0.0881
Step 523900/1000000 | Loss: 1.6423 | LR: 8.18e-08 | MLM: 1.2515 | CTC: 0.3908
Step 524000/1000000 | Loss: 0.8733 | LR: 8.19e-08 | MLM: 0.6724 | CTC: 0.2009
Step 524100/1000000 | Loss: 0.1428 | LR: 8.19e-08 | MLM: 0.1116 | CTC: 0.0312
Step 524200/1000000 | Loss: 1.2141 | LR: 8.19e-08 | MLM: 0.8818 | CTC: 0.3323
Step 524300/1000000 | Loss: 0.7559 | LR: 8.19e-08 | MLM: 0.4763 | CTC: 0.2796
Step 524400/1000000 | Loss: 0.7068 | LR: 8.19e-08 | MLM: 0.4785 | CTC: 0.2283
Step 524500/1000000 | Loss: 2.0515 | LR: 8.20e-08 | MLM: 1.4783 | CTC: 0.5732
Step 524600/1000000 | Loss: 0.5510 | LR: 8.20e-08 | MLM: 0.4132 | CTC: 0.1378
Step 524700/1000000 | Loss: 1.1960 | LR: 8.20e-08 | MLM: 0.9322 | CTC: 0.2638
Step 524800/1000000 | Loss: 1.0651 | LR: 8.20e-08 | MLM: 0.8140 | CTC: 0.2511
Step 524900/1000000 | Loss: 1.5590 | LR: 8.20e-08 | MLM: 1.1225 | CTC: 0.4365
Step 525000/1000000 | Loss: 1.9311 | LR: 8.20e-08 | MLM: 1.3839 | CTC: 0.5473
✓ Saved checkpoint to checkpoint_step_525000.t7
Step 525100/1000000 | Loss: 1.1515 | LR: 8.20e-08 | MLM: 0.8165 | CTC: 0.3350
Step 525200/1000000 | Loss: 1.2712 | LR: 8.21e-08 | MLM: 0.9293 | CTC: 0.3419
Step 525300/1000000 | Loss: 1.5307 | LR: 8.21e-08 | MLM: 1.2400 | CTC: 0.2907
Step 525400/1000000 | Loss: 1.5470 | LR: 8.21e-08 | MLM: 1.1675 | CTC: 0.3796
Step 525500/1000000 | Loss: 1.9205 | LR: 8.21e-08 | MLM: 1.3737 | CTC: 0.5468
Step 525600/1000000 | Loss: 1.3712 | LR: 8.21e-08 | MLM: 1.0399 | CTC: 0.3313
Step 525700/1000000 | Loss: 1.7734 | LR: 8.21e-08 | MLM: 1.2434 | CTC: 0.5300
Step 525800/1000000 | Loss: 1.8018 | LR: 8.21e-08 | MLM: 1.3713 | CTC: 0.4305
Step 525900/1000000 | Loss: 1.5880 | LR: 8.22e-08 | MLM: 1.1661 | CTC: 0.4219
Step 526000/1000000 | Loss: 1.1411 | LR: 8.22e-08 | MLM: 0.8675 | CTC: 0.2736
Step 526100/1000000 | Loss: 1.9324 | LR: 8.22e-08 | MLM: 1.4534 | CTC: 0.4790
Step 526200/1000000 | Loss: 1.4932 | LR: 8.22e-08 | MLM: 1.1716 | CTC: 0.3217
Step 526300/1000000 | Loss: 1.9634 | LR: 8.22e-08 | MLM: 1.4376 | CTC: 0.5258
Step 526400/1000000 | Loss: 1.8203 | LR: 8.22e-08 | MLM: 1.2504 | CTC: 0.5699
Step 526500/1000000 | Loss: 1.2711 | LR: 8.23e-08 | MLM: 0.9863 | CTC: 0.2848
Step 526600/1000000 | Loss: 1.7336 | LR: 8.23e-08 | MLM: 1.2537 | CTC: 0.4799
Step 526700/1000000 | Loss: 1.1793 | LR: 8.23e-08 | MLM: 0.9024 | CTC: 0.2770
Step 526800/1000000 | Loss: 1.5087 | LR: 8.23e-08 | MLM: 1.1495 | CTC: 0.3592
Step 526900/1000000 | Loss: 1.0943 | LR: 8.23e-08 | MLM: 0.8492 | CTC: 0.2451
Step 527000/1000000 | Loss: 0.6712 | LR: 8.23e-08 | MLM: 0.5139 | CTC: 0.1572
Step 527100/1000000 | Loss: 1.3241 | LR: 8.23e-08 | MLM: 0.9970 | CTC: 0.3271
Step 527200/1000000 | Loss: 0.9339 | LR: 8.24e-08 | MLM: 0.7131 | CTC: 0.2208
Step 527300/1000000 | Loss: 1.7137 | LR: 8.24e-08 | MLM: 1.2765 | CTC: 0.4372
Step 527400/1000000 | Loss: 0.9060 | LR: 8.24e-08 | MLM: 0.6730 | CTC: 0.2329
Step 527500/1000000 | Loss: 1.1539 | LR: 8.24e-08 | MLM: 0.9809 | CTC: 0.1730
Step 527600/1000000 | Loss: 0.4973 | LR: 8.24e-08 | MLM: 0.4068 | CTC: 0.0905
Step 527700/1000000 | Loss: 1.1649 | LR: 8.25e-08 | MLM: 0.8683 | CTC: 0.2966
Step 527800/1000000 | Loss: 1.2425 | LR: 8.25e-08 | MLM: 0.9420 | CTC: 0.3005
Step 527900/1000000 | Loss: 0.8060 | LR: 8.25e-08 | MLM: 0.5706 | CTC: 0.2353
Step 528000/1000000 | Loss: 0.6335 | LR: 8.25e-08 | MLM: 0.4747 | CTC: 0.1588
Step 528100/1000000 | Loss: 0.8508 | LR: 8.25e-08 | MLM: 0.6979 | CTC: 0.1529
Step 528200/1000000 | Loss: 1.2056 | LR: 8.25e-08 | MLM: 0.8973 | CTC: 0.3083
Step 528300/1000000 | Loss: 1.5486 | LR: 8.25e-08 | MLM: 1.2477 | CTC: 0.3009
Step 528400/1000000 | Loss: 0.3587 | LR: 8.26e-08 | MLM: 0.2968 | CTC: 0.0619
Step 528500/1000000 | Loss: 1.2559 | LR: 8.26e-08 | MLM: 0.9893 | CTC: 0.2666
Step 528600/1000000 | Loss: 1.9555 | LR: 8.26e-08 | MLM: 1.4750 | CTC: 0.4804
Step 528700/1000000 | Loss: 1.7505 | LR: 8.26e-08 | MLM: 1.3960 | CTC: 0.3545
Step 528800/1000000 | Loss: 1.0093 | LR: 8.26e-08 | MLM: 0.7561 | CTC: 0.2533
Step 528900/1000000 | Loss: 1.4975 | LR: 8.26e-08 | MLM: 1.1408 | CTC: 0.3567
Step 529000/1000000 | Loss: 1.4902 | LR: 8.27e-08 | MLM: 1.0972 | CTC: 0.3930
Step 529100/1000000 | Loss: 0.2919 | LR: 8.27e-08 | MLM: 0.1731 | CTC: 0.1188
Step 529200/1000000 | Loss: 2.1797 | LR: 8.27e-08 | MLM: 1.6059 | CTC: 0.5738
Step 529300/1000000 | Loss: 1.6466 | LR: 8.27e-08 | MLM: 1.3004 | CTC: 0.3462
Step 529400/1000000 | Loss: 1.2353 | LR: 8.27e-08 | MLM: 0.9777 | CTC: 0.2577
Step 529500/1000000 | Loss: 1.3381 | LR: 8.27e-08 | MLM: 0.9821 | CTC: 0.3559
Step 529600/1000000 | Loss: 1.4264 | LR: 8.27e-08 | MLM: 1.0402 | CTC: 0.3862
Step 529700/1000000 | Loss: 1.5450 | LR: 8.28e-08 | MLM: 1.1718 | CTC: 0.3733
Step 529800/1000000 | Loss: 2.5800 | LR: 8.28e-08 | MLM: 1.9060 | CTC: 0.6739
Step 529900/1000000 | Loss: 2.0172 | LR: 8.28e-08 | MLM: 1.4752 | CTC: 0.5420
Step 530000/1000000 | Loss: 1.5202 | LR: 8.28e-08 | MLM: 1.2368 | CTC: 0.2834
✓ Saved checkpoint to checkpoint_step_530000.t7
Step 530100/1000000 | Loss: 1.8036 | LR: 8.28e-08 | MLM: 1.3553 | CTC: 0.4482
Step 530200/1000000 | Loss: 1.3620 | LR: 8.28e-08 | MLM: 1.0293 | CTC: 0.3328
Step 530300/1000000 | Loss: 1.1703 | LR: 8.29e-08 | MLM: 0.8992 | CTC: 0.2711
Step 530400/1000000 | Loss: 1.4085 | LR: 8.29e-08 | MLM: 1.1293 | CTC: 0.2791
Step 530500/1000000 | Loss: 1.9471 | LR: 8.29e-08 | MLM: 1.5702 | CTC: 0.3769
Step 530600/1000000 | Loss: 0.8863 | LR: 8.29e-08 | MLM: 0.6370 | CTC: 0.2494
Step 530700/1000000 | Loss: 1.7177 | LR: 8.29e-08 | MLM: 1.1686 | CTC: 0.5491
Step 530800/1000000 | Loss: 1.1771 | LR: 8.29e-08 | MLM: 0.9200 | CTC: 0.2571
Step 530900/1000000 | Loss: 1.7850 | LR: 8.29e-08 | MLM: 1.3628 | CTC: 0.4222
Step 531000/1000000 | Loss: 1.7736 | LR: 8.30e-08 | MLM: 1.3503 | CTC: 0.4233
Step 531100/1000000 | Loss: 0.5217 | LR: 8.30e-08 | MLM: 0.3793 | CTC: 0.1425
Step 531200/1000000 | Loss: 1.0696 | LR: 8.30e-08 | MLM: 0.8032 | CTC: 0.2664
Step 531300/1000000 | Loss: 1.1603 | LR: 8.30e-08 | MLM: 0.8198 | CTC: 0.3405
Step 531400/1000000 | Loss: 1.3705 | LR: 8.30e-08 | MLM: 1.0538 | CTC: 0.3167
Step 531500/1000000 | Loss: 0.9454 | LR: 8.30e-08 | MLM: 0.6906 | CTC: 0.2549
Step 531600/1000000 | Loss: 1.0049 | LR: 8.31e-08 | MLM: 0.7021 | CTC: 0.3028
Step 531700/1000000 | Loss: 0.9100 | LR: 8.31e-08 | MLM: 0.6848 | CTC: 0.2251
Step 531800/1000000 | Loss: 0.5707 | LR: 8.31e-08 | MLM: 0.4409 | CTC: 0.1299
Step 531900/1000000 | Loss: 0.5360 | LR: 8.31e-08 | MLM: 0.3722 | CTC: 0.1638
Step 532000/1000000 | Loss: 1.9413 | LR: 8.31e-08 | MLM: 1.3036 | CTC: 0.6376
Step 532100/1000000 | Loss: 2.0266 | LR: 8.31e-08 | MLM: 1.5160 | CTC: 0.5106
Step 532200/1000000 | Loss: 0.4404 | LR: 8.32e-08 | MLM: 0.3475 | CTC: 0.0930
Step 532300/1000000 | Loss: 0.7480 | LR: 8.32e-08 | MLM: 0.5088 | CTC: 0.2392
Step 532400/1000000 | Loss: 1.3061 | LR: 8.32e-08 | MLM: 0.7911 | CTC: 0.5151
Step 532500/1000000 | Loss: 1.7760 | LR: 8.32e-08 | MLM: 1.3909 | CTC: 0.3851
Step 532600/1000000 | Loss: 1.4490 | LR: 8.32e-08 | MLM: 1.0835 | CTC: 0.3656
Step 532700/1000000 | Loss: 1.0000 | LR: 8.32e-08 | MLM: 0.8014 | CTC: 0.1987
Step 532800/1000000 | Loss: 1.2201 | LR: 8.32e-08 | MLM: 0.9335 | CTC: 0.2867
Step 532900/1000000 | Loss: 0.9858 | LR: 8.33e-08 | MLM: 0.7370 | CTC: 0.2488
Step 533000/1000000 | Loss: 0.7801 | LR: 8.33e-08 | MLM: 0.5943 | CTC: 0.1858
Step 533100/1000000 | Loss: 1.6923 | LR: 8.33e-08 | MLM: 1.3711 | CTC: 0.3212
Step 533200/1000000 | Loss: 0.6119 | LR: 8.33e-08 | MLM: 0.4536 | CTC: 0.1583
Step 533300/1000000 | Loss: 0.5838 | LR: 8.33e-08 | MLM: 0.4194 | CTC: 0.1643
Step 533400/1000000 | Loss: 1.5686 | LR: 8.33e-08 | MLM: 1.2137 | CTC: 0.3550
Step 533500/1000000 | Loss: 0.3404 | LR: 8.34e-08 | MLM: 0.1903 | CTC: 0.1501
Step 533600/1000000 | Loss: 1.3312 | LR: 8.34e-08 | MLM: 0.9678 | CTC: 0.3633
Step 533700/1000000 | Loss: 0.6935 | LR: 8.34e-08 | MLM: 0.4747 | CTC: 0.2188
Step 533800/1000000 | Loss: 1.5355 | LR: 8.34e-08 | MLM: 1.1233 | CTC: 0.4122
Step 533900/1000000 | Loss: 1.5100 | LR: 8.34e-08 | MLM: 1.2194 | CTC: 0.2906
Step 534000/1000000 | Loss: 0.8009 | LR: 8.34e-08 | MLM: 0.5279 | CTC: 0.2730
Step 534100/1000000 | Loss: 1.1597 | LR: 8.34e-08 | MLM: 0.8660 | CTC: 0.2938
Step 534200/1000000 | Loss: 2.0305 | LR: 8.35e-08 | MLM: 1.5888 | CTC: 0.4417
Step 534300/1000000 | Loss: 1.5858 | LR: 8.35e-08 | MLM: 1.0638 | CTC: 0.5220
Step 534400/1000000 | Loss: 1.3763 | LR: 8.35e-08 | MLM: 1.0083 | CTC: 0.3680
Step 534500/1000000 | Loss: 1.3448 | LR: 8.35e-08 | MLM: 0.9656 | CTC: 0.3792
Step 534600/1000000 | Loss: 1.5393 | LR: 8.35e-08 | MLM: 1.2251 | CTC: 0.3141
Step 534700/1000000 | Loss: 1.4180 | LR: 8.35e-08 | MLM: 1.0790 | CTC: 0.3390
Step 534800/1000000 | Loss: 0.7038 | LR: 8.36e-08 | MLM: 0.5121 | CTC: 0.1917
Step 534900/1000000 | Loss: 1.6371 | LR: 8.36e-08 | MLM: 1.2620 | CTC: 0.3751
Step 535000/1000000 | Loss: 2.6720 | LR: 8.36e-08 | MLM: 1.8805 | CTC: 0.7915
✓ Saved checkpoint to checkpoint_step_535000.t7
Step 535100/1000000 | Loss: 1.5454 | LR: 8.36e-08 | MLM: 1.1957 | CTC: 0.3497
Step 535200/1000000 | Loss: 0.6988 | LR: 8.36e-08 | MLM: 0.5660 | CTC: 0.1329
Step 535300/1000000 | Loss: 1.0306 | LR: 8.36e-08 | MLM: 0.6866 | CTC: 0.3440
Step 535400/1000000 | Loss: 1.2186 | LR: 8.36e-08 | MLM: 0.9289 | CTC: 0.2898
Step 535500/1000000 | Loss: 1.1256 | LR: 8.37e-08 | MLM: 0.8127 | CTC: 0.3129
Step 535600/1000000 | Loss: 0.4198 | LR: 8.37e-08 | MLM: 0.2656 | CTC: 0.1543
Step 535700/1000000 | Loss: 2.5004 | LR: 8.37e-08 | MLM: 1.7083 | CTC: 0.7921
Step 535800/1000000 | Loss: 0.7877 | LR: 8.37e-08 | MLM: 0.5700 | CTC: 0.2177
Step 535900/1000000 | Loss: 1.5006 | LR: 8.37e-08 | MLM: 1.0896 | CTC: 0.4110
Step 536000/1000000 | Loss: 1.6213 | LR: 8.37e-08 | MLM: 1.1865 | CTC: 0.4348
Step 536100/1000000 | Loss: 1.2611 | LR: 8.38e-08 | MLM: 0.9756 | CTC: 0.2856
Step 536200/1000000 | Loss: 1.2549 | LR: 8.38e-08 | MLM: 0.9655 | CTC: 0.2894
Step 536300/1000000 | Loss: 2.3483 | LR: 8.38e-08 | MLM: 1.8979 | CTC: 0.4504
Step 536400/1000000 | Loss: 1.7662 | LR: 8.38e-08 | MLM: 1.3414 | CTC: 0.4248
Step 536500/1000000 | Loss: 0.6384 | LR: 8.38e-08 | MLM: 0.4410 | CTC: 0.1974
Step 536600/1000000 | Loss: 1.1200 | LR: 8.38e-08 | MLM: 0.7895 | CTC: 0.3305
Step 536700/1000000 | Loss: 1.2839 | LR: 8.38e-08 | MLM: 0.9355 | CTC: 0.3484
Step 536800/1000000 | Loss: 1.7978 | LR: 8.39e-08 | MLM: 1.3122 | CTC: 0.4856
Step 536900/1000000 | Loss: 1.1047 | LR: 8.39e-08 | MLM: 0.8550 | CTC: 0.2497
Step 537000/1000000 | Loss: 1.6844 | LR: 8.39e-08 | MLM: 1.2223 | CTC: 0.4621
Step 537100/1000000 | Loss: 0.2386 | LR: 8.39e-08 | MLM: 0.0749 | CTC: 0.1637
Step 537200/1000000 | Loss: 0.6838 | LR: 8.39e-08 | MLM: 0.4651 | CTC: 0.2187
Step 537300/1000000 | Loss: 0.7073 | LR: 8.39e-08 | MLM: 0.5389 | CTC: 0.1685
Step 537400/1000000 | Loss: 1.1628 | LR: 8.40e-08 | MLM: 0.7975 | CTC: 0.3653
Step 537500/1000000 | Loss: 1.8068 | LR: 8.40e-08 | MLM: 1.4951 | CTC: 0.3116
Step 537600/1000000 | Loss: 0.9816 | LR: 8.40e-08 | MLM: 0.7537 | CTC: 0.2279
Step 537700/1000000 | Loss: 1.0657 | LR: 8.40e-08 | MLM: 0.8345 | CTC: 0.2312
Step 537800/1000000 | Loss: 1.4007 | LR: 8.40e-08 | MLM: 1.1291 | CTC: 0.2716
Step 537900/1000000 | Loss: 1.8810 | LR: 8.40e-08 | MLM: 1.5292 | CTC: 0.3517
Step 538000/1000000 | Loss: 1.4612 | LR: 8.41e-08 | MLM: 1.1257 | CTC: 0.3356
Step 538100/1000000 | Loss: 0.3288 | LR: 8.41e-08 | MLM: 0.2251 | CTC: 0.1038
Step 538200/1000000 | Loss: 0.9449 | LR: 8.41e-08 | MLM: 0.6778 | CTC: 0.2671
Step 538300/1000000 | Loss: 0.5579 | LR: 8.41e-08 | MLM: 0.3379 | CTC: 0.2200
Step 538400/1000000 | Loss: 1.2280 | LR: 8.41e-08 | MLM: 0.9848 | CTC: 0.2431
Step 538500/1000000 | Loss: 1.6015 | LR: 8.41e-08 | MLM: 1.1533 | CTC: 0.4482
Step 538600/1000000 | Loss: 1.1546 | LR: 8.41e-08 | MLM: 0.8761 | CTC: 0.2786
Step 538700/1000000 | Loss: 1.7520 | LR: 8.42e-08 | MLM: 1.2261 | CTC: 0.5259
Step 538800/1000000 | Loss: 1.5703 | LR: 8.42e-08 | MLM: 1.1119 | CTC: 0.4584
Step 538900/1000000 | Loss: 0.4082 | LR: 8.42e-08 | MLM: 0.2959 | CTC: 0.1123
Step 539000/1000000 | Loss: 1.9601 | LR: 8.42e-08 | MLM: 1.4894 | CTC: 0.4708
Step 539100/1000000 | Loss: 1.2891 | LR: 8.42e-08 | MLM: 0.9318 | CTC: 0.3573
Step 539200/1000000 | Loss: 2.3757 | LR: 8.43e-08 | MLM: 1.7518 | CTC: 0.6239
Step 539300/1000000 | Loss: 1.0000 | LR: 8.43e-08 | MLM: 0.7656 | CTC: 0.2344
Step 539400/1000000 | Loss: 1.7789 | LR: 8.43e-08 | MLM: 1.2202 | CTC: 0.5587
Step 539500/1000000 | Loss: 1.6181 | LR: 8.43e-08 | MLM: 1.1980 | CTC: 0.4202
Step 539600/1000000 | Loss: 1.1371 | LR: 8.43e-08 | MLM: 0.9152 | CTC: 0.2219
Step 539700/1000000 | Loss: 2.4637 | LR: 8.43e-08 | MLM: 1.7336 | CTC: 0.7300
Step 539800/1000000 | Loss: 1.0276 | LR: 8.43e-08 | MLM: 0.7160 | CTC: 0.3116
Step 539900/1000000 | Loss: 1.0874 | LR: 8.43e-08 | MLM: 0.7550 | CTC: 0.3324
Step 540000/1000000 | Loss: 1.7038 | LR: 8.44e-08 | MLM: 1.1973 | CTC: 0.5065
✓ Saved checkpoint to checkpoint_step_540000.t7
Step 540100/1000000 | Loss: 0.9720 | LR: 8.44e-08 | MLM: 0.7684 | CTC: 0.2036
Step 540200/1000000 | Loss: 1.6858 | LR: 8.44e-08 | MLM: 1.2778 | CTC: 0.4080
Step 540300/1000000 | Loss: 1.7094 | LR: 8.44e-08 | MLM: 1.3447 | CTC: 0.3646
Step 540400/1000000 | Loss: 0.7858 | LR: 8.44e-08 | MLM: 0.5929 | CTC: 0.1929
Step 540500/1000000 | Loss: 1.0521 | LR: 8.45e-08 | MLM: 0.7967 | CTC: 0.2554
Step 540600/1000000 | Loss: 1.7338 | LR: 8.45e-08 | MLM: 1.2792 | CTC: 0.4546
Step 540700/1000000 | Loss: 1.9796 | LR: 8.45e-08 | MLM: 1.4842 | CTC: 0.4954
Step 540800/1000000 | Loss: 0.6581 | LR: 8.45e-08 | MLM: 0.4019 | CTC: 0.2563
Step 540900/1000000 | Loss: 1.2723 | LR: 8.45e-08 | MLM: 0.9851 | CTC: 0.2871
Step 541000/1000000 | Loss: 0.4859 | LR: 8.45e-08 | MLM: 0.3178 | CTC: 0.1681
Step 541100/1000000 | Loss: 1.7495 | LR: 8.45e-08 | MLM: 1.3506 | CTC: 0.3989
Step 541200/1000000 | Loss: 1.1084 | LR: 8.46e-08 | MLM: 0.8990 | CTC: 0.2095
Step 541300/1000000 | Loss: 1.5459 | LR: 8.46e-08 | MLM: 1.1451 | CTC: 0.4008
Step 541400/1000000 | Loss: 1.4256 | LR: 8.46e-08 | MLM: 1.0619 | CTC: 0.3637
Step 541500/1000000 | Loss: 1.0118 | LR: 8.46e-08 | MLM: 0.7767 | CTC: 0.2352
Step 541600/1000000 | Loss: 1.0961 | LR: 8.46e-08 | MLM: 0.8514 | CTC: 0.2447
Step 541700/1000000 | Loss: 0.6548 | LR: 8.46e-08 | MLM: 0.5006 | CTC: 0.1542
Step 541800/1000000 | Loss: 1.6704 | LR: 8.46e-08 | MLM: 1.0980 | CTC: 0.5724
Step 541900/1000000 | Loss: 1.2764 | LR: 8.47e-08 | MLM: 1.0014 | CTC: 0.2750
Step 542000/1000000 | Loss: 0.9209 | LR: 8.47e-08 | MLM: 0.7657 | CTC: 0.1552
Step 542100/1000000 | Loss: 1.5923 | LR: 8.47e-08 | MLM: 1.1816 | CTC: 0.4108
Step 542200/1000000 | Loss: 0.6869 | LR: 8.47e-08 | MLM: 0.5416 | CTC: 0.1453
Step 542300/1000000 | Loss: 1.8870 | LR: 8.47e-08 | MLM: 1.4155 | CTC: 0.4715
Step 542400/1000000 | Loss: 0.7756 | LR: 8.48e-08 | MLM: 0.5787 | CTC: 0.1969
Step 542500/1000000 | Loss: 2.0775 | LR: 8.48e-08 | MLM: 1.5998 | CTC: 0.4777
Step 542600/1000000 | Loss: 1.0400 | LR: 8.48e-08 | MLM: 0.7768 | CTC: 0.2632
Step 542700/1000000 | Loss: 1.7067 | LR: 8.48e-08 | MLM: 1.1307 | CTC: 0.5759
Step 542800/1000000 | Loss: 0.9268 | LR: 8.48e-08 | MLM: 0.6668 | CTC: 0.2600
Step 542900/1000000 | Loss: 0.6669 | LR: 8.48e-08 | MLM: 0.4578 | CTC: 0.2091
Step 543000/1000000 | Loss: 1.2457 | LR: 8.48e-08 | MLM: 0.8635 | CTC: 0.3822
Step 543100/1000000 | Loss: 1.7710 | LR: 8.48e-08 | MLM: 1.2407 | CTC: 0.5302
Step 543200/1000000 | Loss: 2.2497 | LR: 8.49e-08 | MLM: 1.6792 | CTC: 0.5705
Step 543300/1000000 | Loss: 1.4761 | LR: 8.49e-08 | MLM: 1.0304 | CTC: 0.4457
Step 543400/1000000 | Loss: 2.0898 | LR: 8.49e-08 | MLM: 1.4892 | CTC: 0.6006
Step 543500/1000000 | Loss: 1.3645 | LR: 8.49e-08 | MLM: 0.9754 | CTC: 0.3891
Step 543600/1000000 | Loss: 1.0273 | LR: 8.49e-08 | MLM: 0.6801 | CTC: 0.3472
Step 543700/1000000 | Loss: 1.0459 | LR: 8.50e-08 | MLM: 0.7764 | CTC: 0.2694
Step 543800/1000000 | Loss: 1.1885 | LR: 8.50e-08 | MLM: 0.9053 | CTC: 0.2832
Step 543900/1000000 | Loss: 0.8075 | LR: 8.50e-08 | MLM: 0.6372 | CTC: 0.1703
Step 544000/1000000 | Loss: 0.9072 | LR: 8.50e-08 | MLM: 0.6018 | CTC: 0.3055
Step 544100/1000000 | Loss: 0.8116 | LR: 8.50e-08 | MLM: 0.5830 | CTC: 0.2287
Step 544200/1000000 | Loss: 1.1143 | LR: 8.50e-08 | MLM: 0.7018 | CTC: 0.4126
Step 544300/1000000 | Loss: 2.1313 | LR: 8.50e-08 | MLM: 1.6055 | CTC: 0.5258
Step 544400/1000000 | Loss: 1.4181 | LR: 8.51e-08 | MLM: 1.1078 | CTC: 0.3104
Step 544500/1000000 | Loss: 1.1524 | LR: 8.51e-08 | MLM: 0.8568 | CTC: 0.2956
Step 544600/1000000 | Loss: 1.4366 | LR: 8.51e-08 | MLM: 1.1673 | CTC: 0.2693
Step 544700/1000000 | Loss: 1.1582 | LR: 8.51e-08 | MLM: 0.7989 | CTC: 0.3593
Step 544800/1000000 | Loss: 0.9975 | LR: 8.51e-08 | MLM: 0.7597 | CTC: 0.2379
Step 544900/1000000 | Loss: 0.2274 | LR: 8.51e-08 | MLM: 0.1395 | CTC: 0.0879
Step 545000/1000000 | Loss: 1.4614 | LR: 8.52e-08 | MLM: 1.0554 | CTC: 0.4060
✓ Saved checkpoint to checkpoint_step_545000.t7
Step 545100/1000000 | Loss: 0.7780 | LR: 8.52e-08 | MLM: 0.5786 | CTC: 0.1994
Step 545200/1000000 | Loss: 0.7854 | LR: 8.52e-08 | MLM: 0.5342 | CTC: 0.2512
Step 545300/1000000 | Loss: 0.8385 | LR: 8.52e-08 | MLM: 0.6403 | CTC: 0.1982
Step 545400/1000000 | Loss: 1.3959 | LR: 8.52e-08 | MLM: 1.0525 | CTC: 0.3434
Step 545500/1000000 | Loss: 1.3871 | LR: 8.52e-08 | MLM: 1.0923 | CTC: 0.2948
Step 545600/1000000 | Loss: 1.6664 | LR: 8.52e-08 | MLM: 1.2378 | CTC: 0.4286
Step 545700/1000000 | Loss: 1.3136 | LR: 8.53e-08 | MLM: 0.9724 | CTC: 0.3411
Step 545800/1000000 | Loss: 1.3059 | LR: 8.53e-08 | MLM: 1.0174 | CTC: 0.2885
Step 545900/1000000 | Loss: 1.2195 | LR: 8.53e-08 | MLM: 0.8942 | CTC: 0.3254
Step 546000/1000000 | Loss: 1.9278 | LR: 8.53e-08 | MLM: 1.4624 | CTC: 0.4654
Step 546100/1000000 | Loss: 1.0782 | LR: 8.53e-08 | MLM: 0.7426 | CTC: 0.3356
Step 546200/1000000 | Loss: 1.5883 | LR: 8.53e-08 | MLM: 1.2260 | CTC: 0.3623
Step 546300/1000000 | Loss: 1.6975 | LR: 8.53e-08 | MLM: 1.1714 | CTC: 0.5261
Step 546400/1000000 | Loss: 1.7613 | LR: 8.54e-08 | MLM: 1.4079 | CTC: 0.3535
Step 546500/1000000 | Loss: 1.7135 | LR: 8.54e-08 | MLM: 1.3169 | CTC: 0.3965
Step 546600/1000000 | Loss: 1.5937 | LR: 8.54e-08 | MLM: 1.2578 | CTC: 0.3359
Step 546700/1000000 | Loss: 1.1991 | LR: 8.54e-08 | MLM: 0.9161 | CTC: 0.2829
Step 546800/1000000 | Loss: 0.5657 | LR: 8.54e-08 | MLM: 0.3749 | CTC: 0.1908
Step 546900/1000000 | Loss: 0.4675 | LR: 8.55e-08 | MLM: 0.3266 | CTC: 0.1410
Step 547000/1000000 | Loss: 1.5925 | LR: 8.55e-08 | MLM: 1.1895 | CTC: 0.4030
Step 547100/1000000 | Loss: 1.2139 | LR: 8.55e-08 | MLM: 0.9275 | CTC: 0.2863
Step 547200/1000000 | Loss: 1.1547 | LR: 8.55e-08 | MLM: 0.8979 | CTC: 0.2569
Step 547300/1000000 | Loss: 0.5313 | LR: 8.55e-08 | MLM: 0.4144 | CTC: 0.1170
Step 547400/1000000 | Loss: 1.0340 | LR: 8.55e-08 | MLM: 0.7809 | CTC: 0.2532
Step 547500/1000000 | Loss: 0.8571 | LR: 8.55e-08 | MLM: 0.7132 | CTC: 0.1439
Step 547600/1000000 | Loss: 0.6693 | LR: 8.56e-08 | MLM: 0.4793 | CTC: 0.1900
Step 547700/1000000 | Loss: 0.5713 | LR: 8.56e-08 | MLM: 0.3976 | CTC: 0.1737
Step 547800/1000000 | Loss: 1.1618 | LR: 8.56e-08 | MLM: 0.8026 | CTC: 0.3593
Step 547900/1000000 | Loss: 1.2984 | LR: 8.56e-08 | MLM: 0.9256 | CTC: 0.3728
Step 548000/1000000 | Loss: 1.8181 | LR: 8.56e-08 | MLM: 1.3960 | CTC: 0.4221
Step 548100/1000000 | Loss: 1.0140 | LR: 8.56e-08 | MLM: 0.7045 | CTC: 0.3095
Step 548200/1000000 | Loss: 0.9052 | LR: 8.57e-08 | MLM: 0.6289 | CTC: 0.2763
Step 548300/1000000 | Loss: 0.8729 | LR: 8.57e-08 | MLM: 0.6566 | CTC: 0.2163
Step 548400/1000000 | Loss: 1.5854 | LR: 8.57e-08 | MLM: 1.2957 | CTC: 0.2897
Step 548500/1000000 | Loss: 2.1121 | LR: 8.57e-08 | MLM: 1.5156 | CTC: 0.5965
Step 548600/1000000 | Loss: 1.7836 | LR: 8.57e-08 | MLM: 1.3661 | CTC: 0.4175
Step 548700/1000000 | Loss: 1.4381 | LR: 8.57e-08 | MLM: 1.0389 | CTC: 0.3992
Step 548800/1000000 | Loss: 0.7573 | LR: 8.57e-08 | MLM: 0.5821 | CTC: 0.1752
Step 548900/1000000 | Loss: 0.6724 | LR: 8.58e-08 | MLM: 0.5225 | CTC: 0.1500
Step 549000/1000000 | Loss: 0.9655 | LR: 8.58e-08 | MLM: 0.7280 | CTC: 0.2375
Step 549100/1000000 | Loss: 0.9977 | LR: 8.58e-08 | MLM: 0.7477 | CTC: 0.2500
Step 549200/1000000 | Loss: 1.6121 | LR: 8.58e-08 | MLM: 0.9315 | CTC: 0.6806
Step 549300/1000000 | Loss: 0.6518 | LR: 8.58e-08 | MLM: 0.4430 | CTC: 0.2088
Step 549400/1000000 | Loss: 0.5027 | LR: 8.58e-08 | MLM: 0.3646 | CTC: 0.1381
Step 549500/1000000 | Loss: 1.2379 | LR: 8.59e-08 | MLM: 0.9553 | CTC: 0.2826
Step 549600/1000000 | Loss: 1.1275 | LR: 8.59e-08 | MLM: 0.8492 | CTC: 0.2783
Step 549700/1000000 | Loss: 1.7791 | LR: 8.59e-08 | MLM: 1.4512 | CTC: 0.3278
Step 549800/1000000 | Loss: 0.5750 | LR: 8.59e-08 | MLM: 0.4245 | CTC: 0.1506
Step 549900/1000000 | Loss: 0.5231 | LR: 8.59e-08 | MLM: 0.3840 | CTC: 0.1391
Step 550000/1000000 | Loss: 1.4649 | LR: 8.59e-08 | MLM: 1.0392 | CTC: 0.4257
✓ Saved checkpoint to checkpoint_step_550000.t7
Step 550100/1000000 | Loss: 1.6696 | LR: 8.59e-08 | MLM: 1.2458 | CTC: 0.4238
Step 550200/1000000 | Loss: 0.4150 | LR: 8.60e-08 | MLM: 0.2984 | CTC: 0.1166
Step 550300/1000000 | Loss: 1.5111 | LR: 8.60e-08 | MLM: 0.9851 | CTC: 0.5261
Step 550400/1000000 | Loss: 1.4434 | LR: 8.60e-08 | MLM: 1.0465 | CTC: 0.3969
Step 550500/1000000 | Loss: 0.7000 | LR: 8.60e-08 | MLM: 0.5481 | CTC: 0.1519
Step 550600/1000000 | Loss: 1.1539 | LR: 8.60e-08 | MLM: 0.8784 | CTC: 0.2755
Step 550700/1000000 | Loss: 1.4709 | LR: 8.60e-08 | MLM: 1.1401 | CTC: 0.3308
Step 550800/1000000 | Loss: 1.0053 | LR: 8.61e-08 | MLM: 0.7311 | CTC: 0.2742
Step 550900/1000000 | Loss: 0.3170 | LR: 8.61e-08 | MLM: 0.2114 | CTC: 0.1056
Step 551000/1000000 | Loss: 1.1630 | LR: 8.61e-08 | MLM: 0.9707 | CTC: 0.1922
Step 551100/1000000 | Loss: 1.8774 | LR: 8.61e-08 | MLM: 1.3258 | CTC: 0.5516
Step 551200/1000000 | Loss: 1.3108 | LR: 8.61e-08 | MLM: 0.9774 | CTC: 0.3334
Step 551300/1000000 | Loss: 1.0626 | LR: 8.61e-08 | MLM: 0.7226 | CTC: 0.3400
Step 551400/1000000 | Loss: 1.1414 | LR: 8.62e-08 | MLM: 0.8644 | CTC: 0.2771
Step 551500/1000000 | Loss: 1.3242 | LR: 8.62e-08 | MLM: 0.9516 | CTC: 0.3726
Step 551600/1000000 | Loss: 0.7017 | LR: 8.62e-08 | MLM: 0.4438 | CTC: 0.2579
Step 551700/1000000 | Loss: 1.4756 | LR: 8.62e-08 | MLM: 1.0487 | CTC: 0.4269
Step 551800/1000000 | Loss: 1.3739 | LR: 8.62e-08 | MLM: 1.0164 | CTC: 0.3575
Step 551900/1000000 | Loss: 0.5736 | LR: 8.62e-08 | MLM: 0.4404 | CTC: 0.1332
Step 552000/1000000 | Loss: 1.5429 | LR: 8.62e-08 | MLM: 1.1611 | CTC: 0.3817
Step 552100/1000000 | Loss: 1.5025 | LR: 8.63e-08 | MLM: 1.1714 | CTC: 0.3311
Step 552200/1000000 | Loss: 0.2102 | LR: 8.63e-08 | MLM: 0.1274 | CTC: 0.0828
Step 552300/1000000 | Loss: 0.9587 | LR: 8.63e-08 | MLM: 0.6395 | CTC: 0.3192
Step 552400/1000000 | Loss: 1.0460 | LR: 8.63e-08 | MLM: 0.7304 | CTC: 0.3156
Step 552500/1000000 | Loss: 1.1427 | LR: 8.63e-08 | MLM: 0.7958 | CTC: 0.3469
Step 552600/1000000 | Loss: 2.2900 | LR: 8.63e-08 | MLM: 1.7048 | CTC: 0.5851
Step 552700/1000000 | Loss: 1.8002 | LR: 8.64e-08 | MLM: 1.5075 | CTC: 0.2927
Step 552800/1000000 | Loss: 0.7315 | LR: 8.64e-08 | MLM: 0.5598 | CTC: 0.1717
Step 552900/1000000 | Loss: 0.7344 | LR: 8.64e-08 | MLM: 0.4543 | CTC: 0.2801
Step 553000/1000000 | Loss: 0.8112 | LR: 8.64e-08 | MLM: 0.6173 | CTC: 0.1939
Step 553100/1000000 | Loss: 0.5340 | LR: 8.64e-08 | MLM: 0.4156 | CTC: 0.1184
Step 553200/1000000 | Loss: 1.1437 | LR: 8.64e-08 | MLM: 0.8602 | CTC: 0.2835
Step 553300/1000000 | Loss: 1.7404 | LR: 8.64e-08 | MLM: 1.1876 | CTC: 0.5528
Step 553400/1000000 | Loss: 0.6894 | LR: 8.65e-08 | MLM: 0.5333 | CTC: 0.1561
Step 553500/1000000 | Loss: 1.6167 | LR: 8.65e-08 | MLM: 1.2651 | CTC: 0.3516
Step 553600/1000000 | Loss: 1.1311 | LR: 8.65e-08 | MLM: 0.8513 | CTC: 0.2798
Step 553700/1000000 | Loss: 1.0829 | LR: 8.65e-08 | MLM: 0.7950 | CTC: 0.2879
Step 553800/1000000 | Loss: 1.4174 | LR: 8.65e-08 | MLM: 1.0925 | CTC: 0.3249
Step 553900/1000000 | Loss: 1.6798 | LR: 8.65e-08 | MLM: 1.2724 | CTC: 0.4074
Step 554000/1000000 | Loss: 1.6981 | LR: 8.66e-08 | MLM: 1.3344 | CTC: 0.3637
Step 554100/1000000 | Loss: 1.1577 | LR: 8.66e-08 | MLM: 0.9315 | CTC: 0.2263
Step 554200/1000000 | Loss: 1.4951 | LR: 8.66e-08 | MLM: 1.0616 | CTC: 0.4335
Step 554300/1000000 | Loss: 1.1596 | LR: 8.66e-08 | MLM: 0.8387 | CTC: 0.3209
Step 554400/1000000 | Loss: 1.3580 | LR: 8.66e-08 | MLM: 1.0518 | CTC: 0.3062
Step 554500/1000000 | Loss: 0.8138 | LR: 8.66e-08 | MLM: 0.5856 | CTC: 0.2281
Step 554600/1000000 | Loss: 1.2357 | LR: 8.66e-08 | MLM: 1.0063 | CTC: 0.2293
Step 554700/1000000 | Loss: 1.0665 | LR: 8.67e-08 | MLM: 0.7986 | CTC: 0.2679
Step 554800/1000000 | Loss: 1.1539 | LR: 8.67e-08 | MLM: 0.9416 | CTC: 0.2123
Step 554900/1000000 | Loss: 1.3618 | LR: 8.67e-08 | MLM: 1.0783 | CTC: 0.2835
Step 555000/1000000 | Loss: 1.5577 | LR: 8.67e-08 | MLM: 1.1358 | CTC: 0.4219
✓ Saved checkpoint to checkpoint_step_555000.t7
Step 555100/1000000 | Loss: 1.1117 | LR: 8.67e-08 | MLM: 0.8929 | CTC: 0.2189
Step 555200/1000000 | Loss: 1.5462 | LR: 8.68e-08 | MLM: 1.1853 | CTC: 0.3609
Step 555300/1000000 | Loss: 0.7150 | LR: 8.68e-08 | MLM: 0.5800 | CTC: 0.1349
Step 555400/1000000 | Loss: 1.6356 | LR: 8.68e-08 | MLM: 1.2713 | CTC: 0.3644
Step 555500/1000000 | Loss: 1.3911 | LR: 8.68e-08 | MLM: 1.0702 | CTC: 0.3209
Step 555600/1000000 | Loss: 0.2625 | LR: 8.68e-08 | MLM: 0.1806 | CTC: 0.0819
Step 555700/1000000 | Loss: 1.4567 | LR: 8.68e-08 | MLM: 1.1256 | CTC: 0.3311
Step 555800/1000000 | Loss: 1.5037 | LR: 8.68e-08 | MLM: 1.1550 | CTC: 0.3487
Step 555900/1000000 | Loss: 0.6919 | LR: 8.69e-08 | MLM: 0.5326 | CTC: 0.1593
Step 556000/1000000 | Loss: 1.4700 | LR: 8.69e-08 | MLM: 1.1305 | CTC: 0.3395
Step 556100/1000000 | Loss: 1.0308 | LR: 8.69e-08 | MLM: 0.7384 | CTC: 0.2924
Step 556200/1000000 | Loss: 1.5754 | LR: 8.69e-08 | MLM: 1.1545 | CTC: 0.4209
Step 556300/1000000 | Loss: 1.5640 | LR: 8.69e-08 | MLM: 1.2261 | CTC: 0.3378
Step 556400/1000000 | Loss: 0.8953 | LR: 8.69e-08 | MLM: 0.6618 | CTC: 0.2335
Step 556500/1000000 | Loss: 1.2159 | LR: 8.70e-08 | MLM: 0.9744 | CTC: 0.2415
Step 556600/1000000 | Loss: 0.8524 | LR: 8.70e-08 | MLM: 0.5917 | CTC: 0.2607
Step 556700/1000000 | Loss: 2.1241 | LR: 8.70e-08 | MLM: 1.5668 | CTC: 0.5573
Step 556800/1000000 | Loss: 1.1643 | LR: 8.70e-08 | MLM: 0.9103 | CTC: 0.2540
Step 556900/1000000 | Loss: 1.7670 | LR: 8.70e-08 | MLM: 1.2254 | CTC: 0.5417
Step 557000/1000000 | Loss: 1.7120 | LR: 8.70e-08 | MLM: 1.3264 | CTC: 0.3856
Step 557100/1000000 | Loss: 1.0391 | LR: 8.70e-08 | MLM: 0.8752 | CTC: 0.1639
Step 557200/1000000 | Loss: 1.7198 | LR: 8.71e-08 | MLM: 1.2270 | CTC: 0.4927
Step 557300/1000000 | Loss: 1.9564 | LR: 8.71e-08 | MLM: 1.4646 | CTC: 0.4918
Step 557400/1000000 | Loss: 1.5357 | LR: 8.71e-08 | MLM: 1.1814 | CTC: 0.3542
Step 557500/1000000 | Loss: 1.6274 | LR: 8.71e-08 | MLM: 1.0908 | CTC: 0.5366
Step 557600/1000000 | Loss: 1.5072 | LR: 8.71e-08 | MLM: 1.1079 | CTC: 0.3993
Step 557700/1000000 | Loss: 0.3417 | LR: 8.71e-08 | MLM: 0.2253 | CTC: 0.1164
Step 557800/1000000 | Loss: 2.0316 | LR: 8.71e-08 | MLM: 1.4757 | CTC: 0.5559
Step 557900/1000000 | Loss: 0.5043 | LR: 8.72e-08 | MLM: 0.2830 | CTC: 0.2213
Step 558000/1000000 | Loss: 1.6594 | LR: 8.72e-08 | MLM: 1.2398 | CTC: 0.4195
Step 558100/1000000 | Loss: 1.2529 | LR: 8.72e-08 | MLM: 0.9148 | CTC: 0.3381
Step 558200/1000000 | Loss: 0.7028 | LR: 8.72e-08 | MLM: 0.5203 | CTC: 0.1825
Step 558300/1000000 | Loss: 1.2520 | LR: 8.72e-08 | MLM: 0.8824 | CTC: 0.3696
Step 558400/1000000 | Loss: 1.0240 | LR: 8.73e-08 | MLM: 0.7767 | CTC: 0.2473
Step 558500/1000000 | Loss: 1.3503 | LR: 8.73e-08 | MLM: 0.9559 | CTC: 0.3944
Step 558600/1000000 | Loss: 1.1281 | LR: 8.73e-08 | MLM: 0.8793 | CTC: 0.2488
Step 558700/1000000 | Loss: 0.8519 | LR: 8.73e-08 | MLM: 0.5731 | CTC: 0.2788
Step 558800/1000000 | Loss: 1.5405 | LR: 8.73e-08 | MLM: 1.1437 | CTC: 0.3967
Step 558900/1000000 | Loss: 1.0919 | LR: 8.73e-08 | MLM: 0.8551 | CTC: 0.2368
Step 559000/1000000 | Loss: 2.1217 | LR: 8.73e-08 | MLM: 1.4762 | CTC: 0.6455
Step 559100/1000000 | Loss: 0.2336 | LR: 8.73e-08 | MLM: 0.1139 | CTC: 0.1196
Step 559200/1000000 | Loss: 1.0619 | LR: 8.74e-08 | MLM: 0.8049 | CTC: 0.2570
Step 559300/1000000 | Loss: 0.9890 | LR: 8.74e-08 | MLM: 0.7544 | CTC: 0.2346
Step 559400/1000000 | Loss: 1.7688 | LR: 8.74e-08 | MLM: 1.3698 | CTC: 0.3990
Step 559500/1000000 | Loss: 0.6283 | LR: 8.74e-08 | MLM: 0.3680 | CTC: 0.2603
Step 559600/1000000 | Loss: 1.2265 | LR: 8.74e-08 | MLM: 0.9035 | CTC: 0.3230
Step 559700/1000000 | Loss: 0.9077 | LR: 8.75e-08 | MLM: 0.6471 | CTC: 0.2606
Step 559800/1000000 | Loss: 1.1017 | LR: 8.75e-08 | MLM: 0.8638 | CTC: 0.2379
Step 559900/1000000 | Loss: 0.8416 | LR: 8.75e-08 | MLM: 0.6408 | CTC: 0.2008
Step 560000/1000000 | Loss: 1.6781 | LR: 8.75e-08 | MLM: 1.2961 | CTC: 0.3821
✓ Saved checkpoint to checkpoint_step_560000.t7
Step 560100/1000000 | Loss: 0.5127 | LR: 8.75e-08 | MLM: 0.3279 | CTC: 0.1847
Step 560200/1000000 | Loss: 1.9349 | LR: 8.75e-08 | MLM: 1.3887 | CTC: 0.5462
Step 560300/1000000 | Loss: 1.4355 | LR: 8.75e-08 | MLM: 1.1201 | CTC: 0.3154
Step 560400/1000000 | Loss: 1.2529 | LR: 8.76e-08 | MLM: 0.8706 | CTC: 0.3822
Step 560500/1000000 | Loss: 1.4143 | LR: 8.76e-08 | MLM: 1.1232 | CTC: 0.2912
Step 560600/1000000 | Loss: 1.1112 | LR: 8.76e-08 | MLM: 0.8128 | CTC: 0.2984
Step 560700/1000000 | Loss: 1.3293 | LR: 8.76e-08 | MLM: 0.9495 | CTC: 0.3798
Step 560800/1000000 | Loss: 1.6490 | LR: 8.76e-08 | MLM: 1.2819 | CTC: 0.3671
Step 560900/1000000 | Loss: 1.3241 | LR: 8.76e-08 | MLM: 1.0326 | CTC: 0.2915
Step 561000/1000000 | Loss: 1.0409 | LR: 8.76e-08 | MLM: 0.7289 | CTC: 0.3121
Step 561100/1000000 | Loss: 0.7548 | LR: 8.77e-08 | MLM: 0.5148 | CTC: 0.2400
Step 561200/1000000 | Loss: 1.1429 | LR: 8.77e-08 | MLM: 0.8192 | CTC: 0.3237
Step 561300/1000000 | Loss: 1.1643 | LR: 8.77e-08 | MLM: 0.9280 | CTC: 0.2363
Step 561400/1000000 | Loss: 1.7355 | LR: 8.77e-08 | MLM: 1.3145 | CTC: 0.4210
Step 561500/1000000 | Loss: 1.5435 | LR: 8.77e-08 | MLM: 1.1776 | CTC: 0.3659
Step 561600/1000000 | Loss: 1.1910 | LR: 8.77e-08 | MLM: 0.9008 | CTC: 0.2902
Step 561700/1000000 | Loss: 1.8259 | LR: 8.78e-08 | MLM: 1.2918 | CTC: 0.5341
Step 561800/1000000 | Loss: 1.9018 | LR: 8.78e-08 | MLM: 1.4720 | CTC: 0.4297
Step 561900/1000000 | Loss: 1.1810 | LR: 8.78e-08 | MLM: 0.9083 | CTC: 0.2727
Step 562000/1000000 | Loss: 1.0632 | LR: 8.78e-08 | MLM: 0.8227 | CTC: 0.2405
Step 562100/1000000 | Loss: 1.0477 | LR: 8.78e-08 | MLM: 0.7645 | CTC: 0.2832
Step 562200/1000000 | Loss: 1.6112 | LR: 8.78e-08 | MLM: 1.1963 | CTC: 0.4149
Step 562300/1000000 | Loss: 1.1076 | LR: 8.78e-08 | MLM: 0.8178 | CTC: 0.2898
Step 562400/1000000 | Loss: 0.7663 | LR: 8.79e-08 | MLM: 0.4772 | CTC: 0.2891
Step 562500/1000000 | Loss: 2.1486 | LR: 8.79e-08 | MLM: 1.6348 | CTC: 0.5138
Step 562600/1000000 | Loss: 1.7782 | LR: 8.79e-08 | MLM: 1.3060 | CTC: 0.4721
Step 562700/1000000 | Loss: 1.3864 | LR: 8.79e-08 | MLM: 1.0188 | CTC: 0.3676
Step 562800/1000000 | Loss: 2.5909 | LR: 8.79e-08 | MLM: 1.9587 | CTC: 0.6322
Step 562900/1000000 | Loss: 1.3817 | LR: 8.79e-08 | MLM: 1.0520 | CTC: 0.3296
Step 563000/1000000 | Loss: 1.1390 | LR: 8.80e-08 | MLM: 0.8625 | CTC: 0.2764
Step 563100/1000000 | Loss: 2.0923 | LR: 8.80e-08 | MLM: 1.5288 | CTC: 0.5634
Step 563200/1000000 | Loss: 1.2850 | LR: 8.80e-08 | MLM: 0.9954 | CTC: 0.2896
Step 563300/1000000 | Loss: 0.8055 | LR: 8.80e-08 | MLM: 0.5769 | CTC: 0.2286
Step 563400/1000000 | Loss: 2.2218 | LR: 8.80e-08 | MLM: 1.5962 | CTC: 0.6256
Step 563500/1000000 | Loss: 1.1057 | LR: 8.80e-08 | MLM: 0.8794 | CTC: 0.2262
Step 563600/1000000 | Loss: 0.7171 | LR: 8.81e-08 | MLM: 0.5475 | CTC: 0.1696
Step 563700/1000000 | Loss: 1.9069 | LR: 8.81e-08 | MLM: 1.4517 | CTC: 0.4551
Step 563800/1000000 | Loss: 1.2469 | LR: 8.81e-08 | MLM: 0.9110 | CTC: 0.3360
Step 563900/1000000 | Loss: 0.6325 | LR: 8.81e-08 | MLM: 0.4133 | CTC: 0.2192
Step 564000/1000000 | Loss: 1.2657 | LR: 8.81e-08 | MLM: 0.9500 | CTC: 0.3157
Step 564100/1000000 | Loss: 1.5310 | LR: 8.81e-08 | MLM: 1.2288 | CTC: 0.3022
Step 564200/1000000 | Loss: 1.2322 | LR: 8.81e-08 | MLM: 0.6879 | CTC: 0.5443
Step 564300/1000000 | Loss: 1.2296 | LR: 8.82e-08 | MLM: 0.9102 | CTC: 0.3194
Step 564400/1000000 | Loss: 2.0682 | LR: 8.82e-08 | MLM: 1.6712 | CTC: 0.3970
Step 564500/1000000 | Loss: 1.8914 | LR: 8.82e-08 | MLM: 1.4454 | CTC: 0.4460
Step 564600/1000000 | Loss: 1.2742 | LR: 8.82e-08 | MLM: 0.8975 | CTC: 0.3767
Step 564700/1000000 | Loss: 0.1551 | LR: 8.82e-08 | MLM: 0.0803 | CTC: 0.0748
Step 564800/1000000 | Loss: 1.6068 | LR: 8.82e-08 | MLM: 1.2620 | CTC: 0.3448
Step 564900/1000000 | Loss: 1.4542 | LR: 8.83e-08 | MLM: 1.0904 | CTC: 0.3638
Step 565000/1000000 | Loss: 1.3809 | LR: 8.83e-08 | MLM: 1.0634 | CTC: 0.3175
✓ Saved checkpoint to checkpoint_step_565000.t7
Step 565100/1000000 | Loss: 1.4078 | LR: 8.83e-08 | MLM: 1.0985 | CTC: 0.3093
Step 565200/1000000 | Loss: 1.3514 | LR: 8.83e-08 | MLM: 1.0215 | CTC: 0.3299
Step 565300/1000000 | Loss: 1.2783 | LR: 8.83e-08 | MLM: 0.8997 | CTC: 0.3786
Step 565400/1000000 | Loss: 1.0590 | LR: 8.83e-08 | MLM: 0.8706 | CTC: 0.1883
Step 565500/1000000 | Loss: 0.9234 | LR: 8.83e-08 | MLM: 0.7525 | CTC: 0.1710
Step 565600/1000000 | Loss: 1.1022 | LR: 8.84e-08 | MLM: 0.7954 | CTC: 0.3068
Step 565700/1000000 | Loss: 0.4303 | LR: 8.84e-08 | MLM: 0.2949 | CTC: 0.1354
Step 565800/1000000 | Loss: 1.2282 | LR: 8.84e-08 | MLM: 0.9871 | CTC: 0.2411
Step 565900/1000000 | Loss: 1.4997 | LR: 8.84e-08 | MLM: 1.0948 | CTC: 0.4049
Step 566000/1000000 | Loss: 1.1266 | LR: 8.84e-08 | MLM: 0.7820 | CTC: 0.3446
Step 566100/1000000 | Loss: 1.3821 | LR: 8.84e-08 | MLM: 1.0542 | CTC: 0.3279
Step 566200/1000000 | Loss: 2.0239 | LR: 8.85e-08 | MLM: 1.4700 | CTC: 0.5539
Step 566300/1000000 | Loss: 0.9931 | LR: 8.85e-08 | MLM: 0.7111 | CTC: 0.2821
Step 566400/1000000 | Loss: 1.8919 | LR: 8.85e-08 | MLM: 1.4633 | CTC: 0.4286
Step 566500/1000000 | Loss: 2.0484 | LR: 8.85e-08 | MLM: 1.5434 | CTC: 0.5050
Step 566600/1000000 | Loss: 1.1305 | LR: 8.85e-08 | MLM: 0.8482 | CTC: 0.2823
Step 566700/1000000 | Loss: 1.4824 | LR: 8.85e-08 | MLM: 1.1455 | CTC: 0.3369
Step 566800/1000000 | Loss: 0.5255 | LR: 8.86e-08 | MLM: 0.3912 | CTC: 0.1343
Step 566900/1000000 | Loss: 1.6870 | LR: 8.86e-08 | MLM: 1.2506 | CTC: 0.4364
Step 567000/1000000 | Loss: 0.9343 | LR: 8.86e-08 | MLM: 0.6191 | CTC: 0.3152
Step 567100/1000000 | Loss: 1.3147 | LR: 8.86e-08 | MLM: 0.9316 | CTC: 0.3831
Step 567200/1000000 | Loss: 1.3845 | LR: 8.86e-08 | MLM: 1.0006 | CTC: 0.3839
Step 567300/1000000 | Loss: 1.6751 | LR: 8.86e-08 | MLM: 1.3364 | CTC: 0.3387
Step 567400/1000000 | Loss: 1.0230 | LR: 8.86e-08 | MLM: 0.7857 | CTC: 0.2373
Step 567500/1000000 | Loss: 1.5827 | LR: 8.87e-08 | MLM: 1.2050 | CTC: 0.3777
Step 567600/1000000 | Loss: 0.9256 | LR: 8.87e-08 | MLM: 0.6376 | CTC: 0.2880
Step 567700/1000000 | Loss: 0.0063 | LR: 8.87e-08 | MLM: 0.0009 | CTC: 0.0054
Step 567800/1000000 | Loss: 1.5006 | LR: 8.87e-08 | MLM: 1.1243 | CTC: 0.3763
Step 567900/1000000 | Loss: 1.1549 | LR: 8.87e-08 | MLM: 0.9475 | CTC: 0.2074
Step 568000/1000000 | Loss: 1.4394 | LR: 8.87e-08 | MLM: 1.0289 | CTC: 0.4105
Step 568100/1000000 | Loss: 0.7907 | LR: 8.88e-08 | MLM: 0.6287 | CTC: 0.1620
Step 568200/1000000 | Loss: 1.0606 | LR: 8.88e-08 | MLM: 0.7731 | CTC: 0.2875
Step 568300/1000000 | Loss: 1.1799 | LR: 8.88e-08 | MLM: 0.8258 | CTC: 0.3541
Step 568400/1000000 | Loss: 1.1477 | LR: 8.88e-08 | MLM: 0.8811 | CTC: 0.2667
Step 568500/1000000 | Loss: 1.0269 | LR: 8.88e-08 | MLM: 0.8283 | CTC: 0.1986
Step 568600/1000000 | Loss: 1.3093 | LR: 8.88e-08 | MLM: 0.9879 | CTC: 0.3215
Step 568700/1000000 | Loss: 1.5542 | LR: 8.88e-08 | MLM: 1.1509 | CTC: 0.4033
Step 568800/1000000 | Loss: 1.2295 | LR: 8.89e-08 | MLM: 0.7357 | CTC: 0.4938
Step 568900/1000000 | Loss: 0.6110 | LR: 8.89e-08 | MLM: 0.4848 | CTC: 0.1262
Step 569000/1000000 | Loss: 1.1717 | LR: 8.89e-08 | MLM: 0.9052 | CTC: 0.2665
Step 569100/1000000 | Loss: 1.2949 | LR: 8.89e-08 | MLM: 0.9143 | CTC: 0.3806
Step 569200/1000000 | Loss: 1.3452 | LR: 8.89e-08 | MLM: 0.9518 | CTC: 0.3934
Step 569300/1000000 | Loss: 1.2152 | LR: 8.89e-08 | MLM: 0.8731 | CTC: 0.3421
Step 569400/1000000 | Loss: 1.8335 | LR: 8.90e-08 | MLM: 1.3942 | CTC: 0.4393
Step 569500/1000000 | Loss: 0.5546 | LR: 8.90e-08 | MLM: 0.3418 | CTC: 0.2128
Step 569600/1000000 | Loss: 1.5906 | LR: 8.90e-08 | MLM: 1.2520 | CTC: 0.3386
Step 569700/1000000 | Loss: 0.1422 | LR: 8.90e-08 | MLM: 0.0565 | CTC: 0.0856
Step 569800/1000000 | Loss: 0.6908 | LR: 8.90e-08 | MLM: 0.4559 | CTC: 0.2349
Step 569900/1000000 | Loss: 1.0705 | LR: 8.90e-08 | MLM: 0.8151 | CTC: 0.2554
Step 570000/1000000 | Loss: 1.4807 | LR: 8.91e-08 | MLM: 1.0905 | CTC: 0.3902
✓ Saved checkpoint to checkpoint_step_570000.t7
Step 570100/1000000 | Loss: 0.7956 | LR: 8.91e-08 | MLM: 0.6061 | CTC: 0.1895
Step 570200/1000000 | Loss: 0.8659 | LR: 8.91e-08 | MLM: 0.5979 | CTC: 0.2680
Step 570300/1000000 | Loss: 1.3059 | LR: 8.91e-08 | MLM: 0.9894 | CTC: 0.3165
Step 570400/1000000 | Loss: 0.1682 | LR: 8.91e-08 | MLM: 0.0424 | CTC: 0.1258
Step 570500/1000000 | Loss: 0.9321 | LR: 8.91e-08 | MLM: 0.6990 | CTC: 0.2330
Step 570600/1000000 | Loss: 0.9033 | LR: 8.91e-08 | MLM: 0.6436 | CTC: 0.2597
Step 570700/1000000 | Loss: 2.1300 | LR: 8.92e-08 | MLM: 1.6071 | CTC: 0.5229
Step 570800/1000000 | Loss: 0.7694 | LR: 8.92e-08 | MLM: 0.6142 | CTC: 0.1553
Step 570900/1000000 | Loss: 1.3935 | LR: 8.92e-08 | MLM: 1.0337 | CTC: 0.3599
Step 571000/1000000 | Loss: 2.3049 | LR: 8.92e-08 | MLM: 1.7678 | CTC: 0.5371
Step 571100/1000000 | Loss: 1.0826 | LR: 8.92e-08 | MLM: 0.8284 | CTC: 0.2542
Step 571200/1000000 | Loss: 1.2130 | LR: 8.92e-08 | MLM: 0.9257 | CTC: 0.2873
Step 571300/1000000 | Loss: 1.0719 | LR: 8.93e-08 | MLM: 0.7463 | CTC: 0.3256
Step 571400/1000000 | Loss: 1.6915 | LR: 8.93e-08 | MLM: 1.2242 | CTC: 0.4673
Step 571500/1000000 | Loss: 0.9345 | LR: 8.93e-08 | MLM: 0.7427 | CTC: 0.1918
Step 571600/1000000 | Loss: 0.9244 | LR: 8.93e-08 | MLM: 0.7158 | CTC: 0.2086
Step 571700/1000000 | Loss: 0.9578 | LR: 8.93e-08 | MLM: 0.7195 | CTC: 0.2382
Step 571800/1000000 | Loss: 1.1397 | LR: 8.93e-08 | MLM: 0.9159 | CTC: 0.2238
Step 571900/1000000 | Loss: 1.3101 | LR: 8.93e-08 | MLM: 0.9885 | CTC: 0.3216
Step 572000/1000000 | Loss: 1.1503 | LR: 8.94e-08 | MLM: 0.8275 | CTC: 0.3228
Step 572100/1000000 | Loss: 1.1805 | LR: 8.94e-08 | MLM: 0.8543 | CTC: 0.3262
Step 572200/1000000 | Loss: 1.4057 | LR: 8.94e-08 | MLM: 1.0393 | CTC: 0.3664
Step 572300/1000000 | Loss: 1.5461 | LR: 8.94e-08 | MLM: 1.1262 | CTC: 0.4199
Step 572400/1000000 | Loss: 1.2178 | LR: 8.94e-08 | MLM: 0.9327 | CTC: 0.2851
Step 572500/1000000 | Loss: 0.9636 | LR: 8.94e-08 | MLM: 0.6962 | CTC: 0.2675
Step 572600/1000000 | Loss: 1.6594 | LR: 8.95e-08 | MLM: 1.2272 | CTC: 0.4321
Step 572700/1000000 | Loss: 1.5884 | LR: 8.95e-08 | MLM: 1.2911 | CTC: 0.2972
Step 572800/1000000 | Loss: 0.8926 | LR: 8.95e-08 | MLM: 0.6373 | CTC: 0.2553
Step 572900/1000000 | Loss: 1.1014 | LR: 8.95e-08 | MLM: 0.7978 | CTC: 0.3037
Step 573000/1000000 | Loss: 0.5127 | LR: 8.95e-08 | MLM: 0.4091 | CTC: 0.1036
Step 573100/1000000 | Loss: 1.2596 | LR: 8.95e-08 | MLM: 0.9900 | CTC: 0.2696
Step 573200/1000000 | Loss: 0.9716 | LR: 8.96e-08 | MLM: 0.6785 | CTC: 0.2931
Step 573300/1000000 | Loss: 1.3007 | LR: 8.96e-08 | MLM: 1.0810 | CTC: 0.2197
Step 573400/1000000 | Loss: 1.0331 | LR: 8.96e-08 | MLM: 0.7898 | CTC: 0.2433
Step 573500/1000000 | Loss: 1.1283 | LR: 8.96e-08 | MLM: 0.7834 | CTC: 0.3449
Step 573600/1000000 | Loss: 1.6426 | LR: 8.96e-08 | MLM: 1.2127 | CTC: 0.4299
Step 573700/1000000 | Loss: 0.2363 | LR: 8.96e-08 | MLM: 0.1453 | CTC: 0.0909
Step 573800/1000000 | Loss: 1.4433 | LR: 8.96e-08 | MLM: 0.9282 | CTC: 0.5151
Step 573900/1000000 | Loss: 0.1596 | LR: 8.97e-08 | MLM: 0.0902 | CTC: 0.0694
Step 574000/1000000 | Loss: 1.7196 | LR: 8.97e-08 | MLM: 1.2644 | CTC: 0.4552
Step 574100/1000000 | Loss: 1.6227 | LR: 8.97e-08 | MLM: 1.1891 | CTC: 0.4336
Step 574200/1000000 | Loss: 0.3060 | LR: 8.97e-08 | MLM: 0.1647 | CTC: 0.1413
Step 574300/1000000 | Loss: 1.3570 | LR: 8.97e-08 | MLM: 1.0017 | CTC: 0.3554
Step 574400/1000000 | Loss: 2.6597 | LR: 8.97e-08 | MLM: 1.7910 | CTC: 0.8687
Step 574500/1000000 | Loss: 1.2893 | LR: 8.98e-08 | MLM: 0.9199 | CTC: 0.3695
Step 574600/1000000 | Loss: 2.2555 | LR: 8.98e-08 | MLM: 1.6722 | CTC: 0.5834
Step 574700/1000000 | Loss: 1.1608 | LR: 8.98e-08 | MLM: 0.8689 | CTC: 0.2919
Step 574800/1000000 | Loss: 1.3842 | LR: 8.98e-08 | MLM: 1.1458 | CTC: 0.2384
Step 574900/1000000 | Loss: 0.9534 | LR: 8.98e-08 | MLM: 0.7055 | CTC: 0.2479
Step 575000/1000000 | Loss: 1.0533 | LR: 8.98e-08 | MLM: 0.8382 | CTC: 0.2152
✓ Saved checkpoint to checkpoint_step_575000.t7
Step 575100/1000000 | Loss: 1.7901 | LR: 8.98e-08 | MLM: 1.3614 | CTC: 0.4286
Step 575200/1000000 | Loss: 1.0486 | LR: 8.99e-08 | MLM: 0.7250 | CTC: 0.3236
Step 575300/1000000 | Loss: 1.6734 | LR: 8.99e-08 | MLM: 1.3037 | CTC: 0.3697
Step 575400/1000000 | Loss: 1.3454 | LR: 8.99e-08 | MLM: 1.0271 | CTC: 0.3183
Step 575500/1000000 | Loss: 1.3906 | LR: 8.99e-08 | MLM: 1.1217 | CTC: 0.2688
Step 575600/1000000 | Loss: 1.2737 | LR: 8.99e-08 | MLM: 0.9267 | CTC: 0.3470
Step 575700/1000000 | Loss: 1.8693 | LR: 8.99e-08 | MLM: 1.4107 | CTC: 0.4586
Step 575800/1000000 | Loss: 1.3568 | LR: 9.00e-08 | MLM: 1.0319 | CTC: 0.3249
Step 575900/1000000 | Loss: 0.9543 | LR: 9.00e-08 | MLM: 0.7409 | CTC: 0.2134
Step 576000/1000000 | Loss: 1.6623 | LR: 9.00e-08 | MLM: 1.2633 | CTC: 0.3990
Step 576100/1000000 | Loss: 1.0771 | LR: 9.00e-08 | MLM: 0.7921 | CTC: 0.2849
Step 576200/1000000 | Loss: 1.3398 | LR: 9.00e-08 | MLM: 1.0866 | CTC: 0.2532
Step 576300/1000000 | Loss: 2.6216 | LR: 9.00e-08 | MLM: 2.0075 | CTC: 0.6141
Step 576400/1000000 | Loss: 0.5962 | LR: 9.01e-08 | MLM: 0.4627 | CTC: 0.1335
Step 576500/1000000 | Loss: 0.9062 | LR: 9.01e-08 | MLM: 0.6961 | CTC: 0.2102
Step 576600/1000000 | Loss: 1.3517 | LR: 9.01e-08 | MLM: 0.9380 | CTC: 0.4138
Step 576700/1000000 | Loss: 1.0995 | LR: 9.01e-08 | MLM: 0.7417 | CTC: 0.3578
Step 576800/1000000 | Loss: 1.2065 | LR: 9.01e-08 | MLM: 0.7835 | CTC: 0.4230
Step 576900/1000000 | Loss: 1.2386 | LR: 9.01e-08 | MLM: 0.8369 | CTC: 0.4017
Step 577000/1000000 | Loss: 1.1682 | LR: 9.01e-08 | MLM: 0.8993 | CTC: 0.2689
Step 577100/1000000 | Loss: 1.3094 | LR: 9.02e-08 | MLM: 0.9797 | CTC: 0.3297
Step 577200/1000000 | Loss: 1.1522 | LR: 9.02e-08 | MLM: 0.8967 | CTC: 0.2555
Step 577300/1000000 | Loss: 1.3424 | LR: 9.02e-08 | MLM: 1.0539 | CTC: 0.2885
Step 577400/1000000 | Loss: 1.4516 | LR: 9.02e-08 | MLM: 1.1014 | CTC: 0.3502
Step 577500/1000000 | Loss: 0.8142 | LR: 9.02e-08 | MLM: 0.6194 | CTC: 0.1948
Step 577600/1000000 | Loss: 0.4108 | LR: 9.02e-08 | MLM: 0.3276 | CTC: 0.0832
Step 577700/1000000 | Loss: 2.3205 | LR: 9.03e-08 | MLM: 1.7507 | CTC: 0.5698
Step 577800/1000000 | Loss: 1.3015 | LR: 9.03e-08 | MLM: 0.8189 | CTC: 0.4826
Step 577900/1000000 | Loss: 1.4836 | LR: 9.03e-08 | MLM: 1.1479 | CTC: 0.3357
Step 578000/1000000 | Loss: 0.6434 | LR: 9.03e-08 | MLM: 0.4874 | CTC: 0.1560
Step 578100/1000000 | Loss: 0.8451 | LR: 9.03e-08 | MLM: 0.5167 | CTC: 0.3284
Step 578200/1000000 | Loss: 0.4623 | LR: 9.03e-08 | MLM: 0.2439 | CTC: 0.2184
Step 578300/1000000 | Loss: 1.4995 | LR: 9.03e-08 | MLM: 1.0926 | CTC: 0.4069
Step 578400/1000000 | Loss: 1.7323 | LR: 9.04e-08 | MLM: 1.4560 | CTC: 0.2762
Step 578500/1000000 | Loss: 1.5192 | LR: 9.04e-08 | MLM: 1.1393 | CTC: 0.3800
Step 578600/1000000 | Loss: 1.5798 | LR: 9.04e-08 | MLM: 1.1290 | CTC: 0.4508
Step 578700/1000000 | Loss: 1.0196 | LR: 9.04e-08 | MLM: 0.7175 | CTC: 0.3021
Step 578800/1000000 | Loss: 1.3585 | LR: 9.04e-08 | MLM: 1.0171 | CTC: 0.3414
Step 578900/1000000 | Loss: 1.6460 | LR: 9.04e-08 | MLM: 1.3203 | CTC: 0.3257
Step 579000/1000000 | Loss: 1.7065 | LR: 9.05e-08 | MLM: 1.2671 | CTC: 0.4394
Step 579100/1000000 | Loss: 1.4534 | LR: 9.05e-08 | MLM: 1.1235 | CTC: 0.3299
Step 579200/1000000 | Loss: 1.5677 | LR: 9.05e-08 | MLM: 1.1447 | CTC: 0.4230
Step 579300/1000000 | Loss: 1.1696 | LR: 9.05e-08 | MLM: 0.8937 | CTC: 0.2758
Step 579400/1000000 | Loss: 1.7198 | LR: 9.05e-08 | MLM: 1.3445 | CTC: 0.3753
Step 579500/1000000 | Loss: 1.3483 | LR: 9.05e-08 | MLM: 1.0136 | CTC: 0.3347
Step 579600/1000000 | Loss: 0.8563 | LR: 9.06e-08 | MLM: 0.6314 | CTC: 0.2249
Step 579700/1000000 | Loss: 1.9228 | LR: 9.06e-08 | MLM: 1.5640 | CTC: 0.3588
Step 579800/1000000 | Loss: 0.9105 | LR: 9.06e-08 | MLM: 0.6479 | CTC: 0.2626
Step 579900/1000000 | Loss: 1.4972 | LR: 9.06e-08 | MLM: 1.1166 | CTC: 0.3806
Step 580000/1000000 | Loss: 1.1297 | LR: 9.06e-08 | MLM: 0.8253 | CTC: 0.3044
✓ Saved checkpoint to checkpoint_step_580000.t7
Step 580100/1000000 | Loss: 0.8320 | LR: 9.06e-08 | MLM: 0.6553 | CTC: 0.1767
Step 580200/1000000 | Loss: 0.9002 | LR: 9.06e-08 | MLM: 0.6373 | CTC: 0.2629
Step 580300/1000000 | Loss: 1.1188 | LR: 9.07e-08 | MLM: 0.8085 | CTC: 0.3103
Step 580400/1000000 | Loss: 0.9287 | LR: 9.07e-08 | MLM: 0.7239 | CTC: 0.2048
Step 580500/1000000 | Loss: 0.4284 | LR: 9.07e-08 | MLM: 0.3096 | CTC: 0.1187
Step 580600/1000000 | Loss: 2.3483 | LR: 9.07e-08 | MLM: 1.7697 | CTC: 0.5786
Step 580700/1000000 | Loss: 2.3884 | LR: 9.07e-08 | MLM: 1.9007 | CTC: 0.4877
Step 580800/1000000 | Loss: 1.7808 | LR: 9.07e-08 | MLM: 1.4742 | CTC: 0.3066
Step 580900/1000000 | Loss: 1.3526 | LR: 9.08e-08 | MLM: 1.0061 | CTC: 0.3465
Step 581000/1000000 | Loss: 0.7580 | LR: 9.08e-08 | MLM: 0.6388 | CTC: 0.1192
Step 581100/1000000 | Loss: 1.8512 | LR: 9.08e-08 | MLM: 1.4230 | CTC: 0.4282
Step 581200/1000000 | Loss: 1.2722 | LR: 9.08e-08 | MLM: 1.0173 | CTC: 0.2549
Step 581300/1000000 | Loss: 0.5203 | LR: 9.08e-08 | MLM: 0.4045 | CTC: 0.1158
Step 581400/1000000 | Loss: 1.5722 | LR: 9.08e-08 | MLM: 1.2013 | CTC: 0.3710
Step 581500/1000000 | Loss: 0.4734 | LR: 9.08e-08 | MLM: 0.3340 | CTC: 0.1394
Step 581600/1000000 | Loss: 1.2137 | LR: 9.09e-08 | MLM: 0.9022 | CTC: 0.3115
Step 581700/1000000 | Loss: 1.2695 | LR: 9.09e-08 | MLM: 0.7208 | CTC: 0.5486
Step 581800/1000000 | Loss: 1.3922 | LR: 9.09e-08 | MLM: 1.0839 | CTC: 0.3083
Step 581900/1000000 | Loss: 0.4007 | LR: 9.09e-08 | MLM: 0.3206 | CTC: 0.0801
Step 582000/1000000 | Loss: 1.2549 | LR: 9.09e-08 | MLM: 0.9392 | CTC: 0.3157
Step 582100/1000000 | Loss: 1.6226 | LR: 9.09e-08 | MLM: 1.2209 | CTC: 0.4018
Step 582200/1000000 | Loss: 1.2079 | LR: 9.10e-08 | MLM: 0.8882 | CTC: 0.3197
Step 582300/1000000 | Loss: 1.2102 | LR: 9.10e-08 | MLM: 0.9966 | CTC: 0.2135
Step 582400/1000000 | Loss: 1.9525 | LR: 9.10e-08 | MLM: 1.4656 | CTC: 0.4869
Step 582500/1000000 | Loss: 1.7632 | LR: 9.10e-08 | MLM: 1.3148 | CTC: 0.4484
Step 582600/1000000 | Loss: 1.5459 | LR: 9.10e-08 | MLM: 1.1767 | CTC: 0.3692
Step 582700/1000000 | Loss: 1.6504 | LR: 9.10e-08 | MLM: 1.1947 | CTC: 0.4556
Step 582800/1000000 | Loss: 0.9795 | LR: 9.11e-08 | MLM: 0.7258 | CTC: 0.2538
Step 582900/1000000 | Loss: 1.6472 | LR: 9.11e-08 | MLM: 1.2943 | CTC: 0.3528
Step 583000/1000000 | Loss: 1.8171 | LR: 9.11e-08 | MLM: 1.3223 | CTC: 0.4948
Step 583100/1000000 | Loss: 1.0068 | LR: 9.11e-08 | MLM: 0.7523 | CTC: 0.2546
Step 583200/1000000 | Loss: 1.1282 | LR: 9.11e-08 | MLM: 0.7866 | CTC: 0.3415
Step 583300/1000000 | Loss: 0.3250 | LR: 9.11e-08 | MLM: 0.2368 | CTC: 0.0882
Step 583400/1000000 | Loss: 1.5672 | LR: 9.11e-08 | MLM: 1.1932 | CTC: 0.3740
Step 583500/1000000 | Loss: 1.3789 | LR: 9.12e-08 | MLM: 0.9632 | CTC: 0.4157
Step 583600/1000000 | Loss: 1.7978 | LR: 9.12e-08 | MLM: 1.2590 | CTC: 0.5387
Step 583700/1000000 | Loss: 0.0178 | LR: 9.12e-08 | MLM: 0.0018 | CTC: 0.0159
Step 583800/1000000 | Loss: 1.6912 | LR: 9.12e-08 | MLM: 1.3340 | CTC: 0.3572
Step 583900/1000000 | Loss: 1.6470 | LR: 9.12e-08 | MLM: 1.2008 | CTC: 0.4462
Step 584000/1000000 | Loss: 1.5809 | LR: 9.12e-08 | MLM: 1.2749 | CTC: 0.3060
Step 584100/1000000 | Loss: 0.0630 | LR: 9.13e-08 | MLM: 0.0154 | CTC: 0.0476
Step 584200/1000000 | Loss: 0.4616 | LR: 9.13e-08 | MLM: 0.3306 | CTC: 0.1309
Step 584300/1000000 | Loss: 1.6452 | LR: 9.13e-08 | MLM: 1.2884 | CTC: 0.3568
Step 584400/1000000 | Loss: 1.8032 | LR: 9.13e-08 | MLM: 1.3336 | CTC: 0.4697
Step 584500/1000000 | Loss: 2.0315 | LR: 9.13e-08 | MLM: 1.5369 | CTC: 0.4946
Step 584600/1000000 | Loss: 1.0671 | LR: 9.13e-08 | MLM: 0.8324 | CTC: 0.2347
Step 584700/1000000 | Loss: 1.0271 | LR: 9.13e-08 | MLM: 0.7719 | CTC: 0.2553
Step 584800/1000000 | Loss: 0.5730 | LR: 9.14e-08 | MLM: 0.3951 | CTC: 0.1779
Step 584900/1000000 | Loss: 1.2530 | LR: 9.14e-08 | MLM: 0.8606 | CTC: 0.3924
Step 585000/1000000 | Loss: 1.4093 | LR: 9.14e-08 | MLM: 1.0337 | CTC: 0.3756
✓ Saved checkpoint to checkpoint_step_585000.t7
Step 585100/1000000 | Loss: 1.2593 | LR: 9.14e-08 | MLM: 0.8667 | CTC: 0.3925
Step 585200/1000000 | Loss: 1.6609 | LR: 9.14e-08 | MLM: 1.2494 | CTC: 0.4116
Step 585300/1000000 | Loss: 0.8498 | LR: 9.14e-08 | MLM: 0.5547 | CTC: 0.2951
Step 585400/1000000 | Loss: 1.6669 | LR: 9.15e-08 | MLM: 1.3027 | CTC: 0.3642
Step 585500/1000000 | Loss: 2.4679 | LR: 9.15e-08 | MLM: 1.7995 | CTC: 0.6684
Step 585600/1000000 | Loss: 1.2989 | LR: 9.15e-08 | MLM: 0.9825 | CTC: 0.3164
Step 585700/1000000 | Loss: 1.3833 | LR: 9.15e-08 | MLM: 1.1264 | CTC: 0.2569
Step 585800/1000000 | Loss: 1.2406 | LR: 9.15e-08 | MLM: 0.8878 | CTC: 0.3528
Step 585900/1000000 | Loss: 1.7085 | LR: 9.15e-08 | MLM: 1.2014 | CTC: 0.5070
Step 586000/1000000 | Loss: 1.3704 | LR: 9.16e-08 | MLM: 1.1070 | CTC: 0.2634
Step 586100/1000000 | Loss: 1.2376 | LR: 9.16e-08 | MLM: 0.9114 | CTC: 0.3262
Step 586200/1000000 | Loss: 1.3576 | LR: 9.16e-08 | MLM: 0.9725 | CTC: 0.3851
Step 586300/1000000 | Loss: 1.2919 | LR: 9.16e-08 | MLM: 0.9735 | CTC: 0.3184
Step 586400/1000000 | Loss: 1.2980 | LR: 9.16e-08 | MLM: 1.0254 | CTC: 0.2726
Step 586500/1000000 | Loss: 0.9079 | LR: 9.16e-08 | MLM: 0.7485 | CTC: 0.1595
Step 586600/1000000 | Loss: 0.7034 | LR: 9.16e-08 | MLM: 0.5777 | CTC: 0.1257
Step 586700/1000000 | Loss: 1.8366 | LR: 9.17e-08 | MLM: 1.3269 | CTC: 0.5096
Step 586800/1000000 | Loss: 0.9714 | LR: 9.17e-08 | MLM: 0.6896 | CTC: 0.2818
Step 586900/1000000 | Loss: 1.2444 | LR: 9.17e-08 | MLM: 0.9401 | CTC: 0.3044
Step 587000/1000000 | Loss: 0.5646 | LR: 9.17e-08 | MLM: 0.4115 | CTC: 0.1532
Step 587100/1000000 | Loss: 1.4709 | LR: 9.17e-08 | MLM: 1.1080 | CTC: 0.3629
Step 587200/1000000 | Loss: 1.0496 | LR: 9.17e-08 | MLM: 0.7518 | CTC: 0.2978
Step 587300/1000000 | Loss: 0.7051 | LR: 9.18e-08 | MLM: 0.5325 | CTC: 0.1727
Step 587400/1000000 | Loss: 1.0051 | LR: 9.18e-08 | MLM: 0.8290 | CTC: 0.1761
Step 587500/1000000 | Loss: 1.0157 | LR: 9.18e-08 | MLM: 0.8010 | CTC: 0.2147
Step 587600/1000000 | Loss: 0.5301 | LR: 9.18e-08 | MLM: 0.3516 | CTC: 0.1786
Step 587700/1000000 | Loss: 1.5252 | LR: 9.18e-08 | MLM: 1.1165 | CTC: 0.4087
Step 587800/1000000 | Loss: 1.8581 | LR: 9.18e-08 | MLM: 1.3577 | CTC: 0.5004
Step 587900/1000000 | Loss: 1.3430 | LR: 9.18e-08 | MLM: 0.9865 | CTC: 0.3564
Step 588000/1000000 | Loss: 1.4991 | LR: 9.19e-08 | MLM: 1.1256 | CTC: 0.3735
Step 588100/1000000 | Loss: 0.8977 | LR: 9.19e-08 | MLM: 0.7028 | CTC: 0.1949
Step 588200/1000000 | Loss: 1.5190 | LR: 9.19e-08 | MLM: 1.1182 | CTC: 0.4008
Step 588300/1000000 | Loss: 1.6466 | LR: 9.19e-08 | MLM: 1.1884 | CTC: 0.4582
Step 588400/1000000 | Loss: 1.4111 | LR: 9.19e-08 | MLM: 0.9954 | CTC: 0.4157
Step 588500/1000000 | Loss: 0.2077 | LR: 9.19e-08 | MLM: 0.1486 | CTC: 0.0591
Step 588600/1000000 | Loss: 1.9447 | LR: 9.20e-08 | MLM: 1.5319 | CTC: 0.4128
Step 588700/1000000 | Loss: 0.9478 | LR: 9.20e-08 | MLM: 0.6867 | CTC: 0.2611
Step 588800/1000000 | Loss: 0.4656 | LR: 9.20e-08 | MLM: 0.3247 | CTC: 0.1409
Step 588900/1000000 | Loss: 0.7304 | LR: 9.20e-08 | MLM: 0.5737 | CTC: 0.1566
Step 589000/1000000 | Loss: 0.5883 | LR: 9.20e-08 | MLM: 0.4523 | CTC: 0.1360
Step 589100/1000000 | Loss: 2.0345 | LR: 9.20e-08 | MLM: 1.5292 | CTC: 0.5053
Step 589200/1000000 | Loss: 1.3455 | LR: 9.21e-08 | MLM: 1.0608 | CTC: 0.2847
Step 589300/1000000 | Loss: 1.9427 | LR: 9.21e-08 | MLM: 1.4573 | CTC: 0.4854
Step 589400/1000000 | Loss: 0.8944 | LR: 9.21e-08 | MLM: 0.6680 | CTC: 0.2263
Step 589500/1000000 | Loss: 1.5118 | LR: 9.21e-08 | MLM: 1.1641 | CTC: 0.3477
Step 589600/1000000 | Loss: 2.1398 | LR: 9.21e-08 | MLM: 1.6296 | CTC: 0.5101
Step 589700/1000000 | Loss: 1.0626 | LR: 9.21e-08 | MLM: 0.8086 | CTC: 0.2540
Step 589800/1000000 | Loss: 0.8791 | LR: 9.21e-08 | MLM: 0.7175 | CTC: 0.1616
Step 589900/1000000 | Loss: 1.6390 | LR: 9.22e-08 | MLM: 1.2691 | CTC: 0.3699
Step 590000/1000000 | Loss: 1.3941 | LR: 9.22e-08 | MLM: 1.0638 | CTC: 0.3303
✓ Saved checkpoint to checkpoint_step_590000.t7
Step 590100/1000000 | Loss: 1.6025 | LR: 9.22e-08 | MLM: 1.1889 | CTC: 0.4135
Step 590200/1000000 | Loss: 1.6834 | LR: 9.22e-08 | MLM: 1.3290 | CTC: 0.3544
Step 590300/1000000 | Loss: 1.6758 | LR: 9.22e-08 | MLM: 1.2102 | CTC: 0.4656
Step 590400/1000000 | Loss: 1.3964 | LR: 9.22e-08 | MLM: 1.1330 | CTC: 0.2635
Step 590500/1000000 | Loss: 0.7701 | LR: 9.23e-08 | MLM: 0.5013 | CTC: 0.2688
Step 590600/1000000 | Loss: 1.0986 | LR: 9.23e-08 | MLM: 0.8371 | CTC: 0.2615
Step 590700/1000000 | Loss: 1.3321 | LR: 9.23e-08 | MLM: 1.0300 | CTC: 0.3021
Step 590800/1000000 | Loss: 1.5179 | LR: 9.23e-08 | MLM: 1.1256 | CTC: 0.3923
Step 590900/1000000 | Loss: 2.0884 | LR: 9.23e-08 | MLM: 1.5424 | CTC: 0.5460
Step 591000/1000000 | Loss: 1.2878 | LR: 9.23e-08 | MLM: 0.9837 | CTC: 0.3041
Step 591100/1000000 | Loss: 1.8498 | LR: 9.23e-08 | MLM: 1.4006 | CTC: 0.4492
Step 591200/1000000 | Loss: 0.9606 | LR: 9.24e-08 | MLM: 0.6246 | CTC: 0.3359
Step 591300/1000000 | Loss: 1.8616 | LR: 9.24e-08 | MLM: 1.4398 | CTC: 0.4218
Step 591400/1000000 | Loss: 1.3913 | LR: 9.24e-08 | MLM: 1.0548 | CTC: 0.3365
Step 591500/1000000 | Loss: 1.6353 | LR: 9.24e-08 | MLM: 1.2560 | CTC: 0.3793
Step 591600/1000000 | Loss: 1.4589 | LR: 9.24e-08 | MLM: 1.1051 | CTC: 0.3538
Step 591700/1000000 | Loss: 0.7215 | LR: 9.24e-08 | MLM: 0.5183 | CTC: 0.2032
Step 591800/1000000 | Loss: 1.4459 | LR: 9.25e-08 | MLM: 1.0767 | CTC: 0.3692
Step 591900/1000000 | Loss: 1.0375 | LR: 9.25e-08 | MLM: 0.7882 | CTC: 0.2493
Step 592000/1000000 | Loss: 1.9153 | LR: 9.25e-08 | MLM: 1.4348 | CTC: 0.4805
Step 592100/1000000 | Loss: 1.4493 | LR: 9.25e-08 | MLM: 1.1425 | CTC: 0.3068
Step 592200/1000000 | Loss: 0.1647 | LR: 9.25e-08 | MLM: 0.0997 | CTC: 0.0650
Step 592300/1000000 | Loss: 2.0483 | LR: 9.25e-08 | MLM: 1.4780 | CTC: 0.5703
Step 592400/1000000 | Loss: 0.6766 | LR: 9.26e-08 | MLM: 0.4421 | CTC: 0.2344
Step 592500/1000000 | Loss: 1.1650 | LR: 9.26e-08 | MLM: 0.7926 | CTC: 0.3724
Step 592600/1000000 | Loss: 1.8299 | LR: 9.26e-08 | MLM: 1.4516 | CTC: 0.3784
Step 592700/1000000 | Loss: 1.3390 | LR: 9.26e-08 | MLM: 1.0135 | CTC: 0.3255
Step 592800/1000000 | Loss: 0.6221 | LR: 9.26e-08 | MLM: 0.4208 | CTC: 0.2013
Step 592900/1000000 | Loss: 1.4052 | LR: 9.26e-08 | MLM: 1.1352 | CTC: 0.2700
Step 593000/1000000 | Loss: 0.7680 | LR: 9.26e-08 | MLM: 0.6344 | CTC: 0.1336
Step 593100/1000000 | Loss: 0.8661 | LR: 9.27e-08 | MLM: 0.6801 | CTC: 0.1861
Step 593200/1000000 | Loss: 1.0313 | LR: 9.27e-08 | MLM: 0.7851 | CTC: 0.2462
Step 593300/1000000 | Loss: 2.2603 | LR: 9.27e-08 | MLM: 1.7951 | CTC: 0.4651
Step 593400/1000000 | Loss: 0.9918 | LR: 9.27e-08 | MLM: 0.6833 | CTC: 0.3085
Step 593500/1000000 | Loss: 0.3085 | LR: 9.27e-08 | MLM: 0.1897 | CTC: 0.1188
Step 593600/1000000 | Loss: 0.8844 | LR: 9.27e-08 | MLM: 0.6005 | CTC: 0.2838
Step 593700/1000000 | Loss: 0.9530 | LR: 9.28e-08 | MLM: 0.6930 | CTC: 0.2599
Step 593800/1000000 | Loss: 1.0444 | LR: 9.28e-08 | MLM: 0.8238 | CTC: 0.2206
Step 593900/1000000 | Loss: 0.1526 | LR: 9.28e-08 | MLM: 0.1048 | CTC: 0.0478
Step 594000/1000000 | Loss: 1.0254 | LR: 9.28e-08 | MLM: 0.8588 | CTC: 0.1666
Step 594100/1000000 | Loss: 1.0695 | LR: 9.28e-08 | MLM: 0.7626 | CTC: 0.3069
Step 594200/1000000 | Loss: 0.9083 | LR: 9.28e-08 | MLM: 0.6962 | CTC: 0.2121
Step 594300/1000000 | Loss: 1.0582 | LR: 9.29e-08 | MLM: 0.7916 | CTC: 0.2666
Step 594400/1000000 | Loss: 2.0469 | LR: 9.29e-08 | MLM: 1.3173 | CTC: 0.7295
Step 594500/1000000 | Loss: 1.5316 | LR: 9.29e-08 | MLM: 1.1149 | CTC: 0.4167
Step 594600/1000000 | Loss: 1.3819 | LR: 9.29e-08 | MLM: 1.0973 | CTC: 0.2846
Step 594700/1000000 | Loss: 1.3495 | LR: 9.29e-08 | MLM: 1.0369 | CTC: 0.3126
Step 594800/1000000 | Loss: 1.5751 | LR: 9.29e-08 | MLM: 1.2328 | CTC: 0.3423
Step 594900/1000000 | Loss: 1.6586 | LR: 9.29e-08 | MLM: 1.1011 | CTC: 0.5575
Step 595000/1000000 | Loss: 0.4732 | LR: 9.30e-08 | MLM: 0.2612 | CTC: 0.2119
✓ Saved checkpoint to checkpoint_step_595000.t7
Step 595100/1000000 | Loss: 1.1765 | LR: 9.30e-08 | MLM: 0.9390 | CTC: 0.2375
Step 595200/1000000 | Loss: 0.0714 | LR: 9.30e-08 | MLM: 0.0386 | CTC: 0.0327
Step 595300/1000000 | Loss: 1.5910 | LR: 9.30e-08 | MLM: 1.2623 | CTC: 0.3288
Step 595400/1000000 | Loss: 2.1262 | LR: 9.30e-08 | MLM: 1.5232 | CTC: 0.6031
Step 595500/1000000 | Loss: 2.0555 | LR: 9.30e-08 | MLM: 1.6800 | CTC: 0.3755
Step 595600/1000000 | Loss: 0.7765 | LR: 9.31e-08 | MLM: 0.6198 | CTC: 0.1567
Step 595700/1000000 | Loss: 1.4604 | LR: 9.31e-08 | MLM: 1.1263 | CTC: 0.3340
Step 595800/1000000 | Loss: 0.9353 | LR: 9.31e-08 | MLM: 0.7024 | CTC: 0.2328
Step 595900/1000000 | Loss: 1.4176 | LR: 9.31e-08 | MLM: 1.0428 | CTC: 0.3748
Step 596000/1000000 | Loss: 1.2227 | LR: 9.31e-08 | MLM: 0.8934 | CTC: 0.3293
Step 596100/1000000 | Loss: 0.8042 | LR: 9.31e-08 | MLM: 0.5774 | CTC: 0.2267
Step 596200/1000000 | Loss: 1.8791 | LR: 9.31e-08 | MLM: 1.4015 | CTC: 0.4777
Step 596300/1000000 | Loss: 1.0532 | LR: 9.32e-08 | MLM: 0.8694 | CTC: 0.1837
Step 596400/1000000 | Loss: 1.4816 | LR: 9.32e-08 | MLM: 1.1176 | CTC: 0.3640
Step 596500/1000000 | Loss: 2.0183 | LR: 9.32e-08 | MLM: 1.5223 | CTC: 0.4959
Step 596600/1000000 | Loss: 1.1683 | LR: 9.32e-08 | MLM: 0.9410 | CTC: 0.2273
Step 596700/1000000 | Loss: 0.2714 | LR: 9.32e-08 | MLM: 0.1867 | CTC: 0.0847
Step 596800/1000000 | Loss: 1.6728 | LR: 9.32e-08 | MLM: 1.2791 | CTC: 0.3937
Step 596900/1000000 | Loss: 0.8765 | LR: 9.33e-08 | MLM: 0.6919 | CTC: 0.1846
Step 597000/1000000 | Loss: 1.9347 | LR: 9.33e-08 | MLM: 1.4621 | CTC: 0.4726
Step 597100/1000000 | Loss: 1.3672 | LR: 9.33e-08 | MLM: 1.0782 | CTC: 0.2890
Step 597200/1000000 | Loss: 2.0189 | LR: 9.33e-08 | MLM: 1.5793 | CTC: 0.4395
Step 597300/1000000 | Loss: 1.0992 | LR: 9.33e-08 | MLM: 0.8416 | CTC: 0.2576
Step 597400/1000000 | Loss: 1.7070 | LR: 9.33e-08 | MLM: 1.2738 | CTC: 0.4332
Step 597500/1000000 | Loss: 1.1762 | LR: 9.33e-08 | MLM: 0.8803 | CTC: 0.2959
Step 597600/1000000 | Loss: 1.1357 | LR: 9.34e-08 | MLM: 0.8109 | CTC: 0.3248
Step 597700/1000000 | Loss: 1.6608 | LR: 9.34e-08 | MLM: 1.2278 | CTC: 0.4330
Step 597800/1000000 | Loss: 0.6092 | LR: 9.34e-08 | MLM: 0.4289 | CTC: 0.1802
Step 597900/1000000 | Loss: 0.2319 | LR: 9.34e-08 | MLM: 0.1188 | CTC: 0.1131
Step 598000/1000000 | Loss: 1.7293 | LR: 9.34e-08 | MLM: 1.2806 | CTC: 0.4487
Step 598100/1000000 | Loss: 1.5664 | LR: 9.34e-08 | MLM: 1.1763 | CTC: 0.3901
Step 598200/1000000 | Loss: 1.0724 | LR: 9.35e-08 | MLM: 0.7798 | CTC: 0.2926
Step 598300/1000000 | Loss: 1.5317 | LR: 9.35e-08 | MLM: 1.2075 | CTC: 0.3242
Step 598400/1000000 | Loss: 1.1894 | LR: 9.35e-08 | MLM: 0.9220 | CTC: 0.2674
Step 598500/1000000 | Loss: 1.6441 | LR: 9.35e-08 | MLM: 1.1983 | CTC: 0.4458
Step 598600/1000000 | Loss: 1.5995 | LR: 9.35e-08 | MLM: 1.2893 | CTC: 0.3102
Step 598700/1000000 | Loss: 0.7337 | LR: 9.35e-08 | MLM: 0.5665 | CTC: 0.1672
Step 598800/1000000 | Loss: 1.2503 | LR: 9.36e-08 | MLM: 0.9076 | CTC: 0.3428
Step 598900/1000000 | Loss: 1.4938 | LR: 9.36e-08 | MLM: 1.1122 | CTC: 0.3816
Step 599000/1000000 | Loss: 0.6552 | LR: 9.36e-08 | MLM: 0.4924 | CTC: 0.1628
Step 599100/1000000 | Loss: 1.6228 | LR: 9.36e-08 | MLM: 0.9497 | CTC: 0.6730
Step 599200/1000000 | Loss: 1.2904 | LR: 9.36e-08 | MLM: 0.9082 | CTC: 0.3823
Step 599300/1000000 | Loss: 0.8518 | LR: 9.36e-08 | MLM: 0.6303 | CTC: 0.2215
Step 599400/1000000 | Loss: 0.8277 | LR: 9.36e-08 | MLM: 0.5933 | CTC: 0.2344
Step 599500/1000000 | Loss: 0.7327 | LR: 9.37e-08 | MLM: 0.4929 | CTC: 0.2398
Step 599600/1000000 | Loss: 0.8169 | LR: 9.37e-08 | MLM: 0.6518 | CTC: 0.1650
Step 599700/1000000 | Loss: 0.9043 | LR: 9.37e-08 | MLM: 0.6958 | CTC: 0.2085
Step 599800/1000000 | Loss: 1.2312 | LR: 9.37e-08 | MLM: 0.8216 | CTC: 0.4096
Step 599900/1000000 | Loss: 1.6257 | LR: 9.37e-08 | MLM: 1.1936 | CTC: 0.4321
Step 600000/1000000 | Loss: 1.4579 | LR: 9.38e-08 | MLM: 1.0313 | CTC: 0.4266
✓ Saved checkpoint to checkpoint_step_600000.t7
Step 600100/1000000 | Loss: 1.3698 | LR: 9.38e-08 | MLM: 0.9580 | CTC: 0.4118
Step 600200/1000000 | Loss: 1.4141 | LR: 9.38e-08 | MLM: 1.1495 | CTC: 0.2647
Step 600300/1000000 | Loss: 1.1533 | LR: 9.38e-08 | MLM: 0.8951 | CTC: 0.2582
Step 600400/1000000 | Loss: 0.9936 | LR: 9.38e-08 | MLM: 0.7655 | CTC: 0.2281
Step 600500/1000000 | Loss: 0.7440 | LR: 9.38e-08 | MLM: 0.5079 | CTC: 0.2361
Step 600600/1000000 | Loss: 0.5135 | LR: 9.38e-08 | MLM: 0.3617 | CTC: 0.1518
Step 600700/1000000 | Loss: 1.7858 | LR: 9.38e-08 | MLM: 1.3538 | CTC: 0.4320
Step 600800/1000000 | Loss: 1.5910 | LR: 9.39e-08 | MLM: 1.1610 | CTC: 0.4300
Step 600900/1000000 | Loss: 1.9550 | LR: 9.39e-08 | MLM: 1.5267 | CTC: 0.4283
Step 601000/1000000 | Loss: 1.4186 | LR: 9.39e-08 | MLM: 1.0910 | CTC: 0.3275
Step 601100/1000000 | Loss: 1.9050 | LR: 9.39e-08 | MLM: 1.4045 | CTC: 0.5005
Step 601200/1000000 | Loss: 1.7352 | LR: 9.39e-08 | MLM: 1.1977 | CTC: 0.5375
Step 601300/1000000 | Loss: 0.6269 | LR: 9.39e-08 | MLM: 0.4430 | CTC: 0.1839
Step 601400/1000000 | Loss: 1.1309 | LR: 9.40e-08 | MLM: 0.8564 | CTC: 0.2745
Step 601500/1000000 | Loss: 1.2513 | LR: 9.40e-08 | MLM: 0.9863 | CTC: 0.2650
Step 601600/1000000 | Loss: 1.7163 | LR: 9.40e-08 | MLM: 1.2620 | CTC: 0.4543
Step 601700/1000000 | Loss: 1.3722 | LR: 9.40e-08 | MLM: 1.0694 | CTC: 0.3027
Step 601800/1000000 | Loss: 1.1008 | LR: 9.40e-08 | MLM: 0.7664 | CTC: 0.3345
Step 601900/1000000 | Loss: 1.6113 | LR: 9.40e-08 | MLM: 1.0669 | CTC: 0.5443
Step 602000/1000000 | Loss: 1.3435 | LR: 9.41e-08 | MLM: 1.0847 | CTC: 0.2588
Step 602100/1000000 | Loss: 0.6598 | LR: 9.41e-08 | MLM: 0.5098 | CTC: 0.1499
Step 602200/1000000 | Loss: 0.4144 | LR: 9.41e-08 | MLM: 0.2728 | CTC: 0.1416
Step 602300/1000000 | Loss: 1.4202 | LR: 9.41e-08 | MLM: 1.0679 | CTC: 0.3523
Step 602400/1000000 | Loss: 0.7779 | LR: 9.41e-08 | MLM: 0.5737 | CTC: 0.2042
Step 602500/1000000 | Loss: 1.3776 | LR: 9.41e-08 | MLM: 1.1112 | CTC: 0.2664
Step 602600/1000000 | Loss: 1.1169 | LR: 9.41e-08 | MLM: 0.8170 | CTC: 0.2999
Step 602700/1000000 | Loss: 1.0443 | LR: 9.42e-08 | MLM: 0.8063 | CTC: 0.2381
Step 602800/1000000 | Loss: 0.2305 | LR: 9.42e-08 | MLM: 0.1225 | CTC: 0.1080
Step 602900/1000000 | Loss: 0.6891 | LR: 9.42e-08 | MLM: 0.4790 | CTC: 0.2102
Step 603000/1000000 | Loss: 0.4888 | LR: 9.42e-08 | MLM: 0.3345 | CTC: 0.1543
Step 603100/1000000 | Loss: 1.0633 | LR: 9.42e-08 | MLM: 0.8203 | CTC: 0.2430
Step 603200/1000000 | Loss: 1.8220 | LR: 9.43e-08 | MLM: 1.2696 | CTC: 0.5523
Step 603300/1000000 | Loss: 0.3284 | LR: 9.43e-08 | MLM: 0.2758 | CTC: 0.0526
Step 603400/1000000 | Loss: 1.0044 | LR: 9.43e-08 | MLM: 0.7004 | CTC: 0.3040
Step 603500/1000000 | Loss: 1.3546 | LR: 9.43e-08 | MLM: 1.0282 | CTC: 0.3264
Step 603600/1000000 | Loss: 0.5154 | LR: 9.43e-08 | MLM: 0.3796 | CTC: 0.1358
Step 603700/1000000 | Loss: 1.2527 | LR: 9.43e-08 | MLM: 0.9809 | CTC: 0.2718
Step 603800/1000000 | Loss: 0.8529 | LR: 9.43e-08 | MLM: 0.6367 | CTC: 0.2162
Step 603900/1000000 | Loss: 1.1924 | LR: 9.43e-08 | MLM: 0.9089 | CTC: 0.2835
Step 604000/1000000 | Loss: 0.4838 | LR: 9.44e-08 | MLM: 0.3453 | CTC: 0.1386
Step 604100/1000000 | Loss: 1.4843 | LR: 9.44e-08 | MLM: 1.0968 | CTC: 0.3875
Step 604200/1000000 | Loss: 1.0017 | LR: 9.44e-08 | MLM: 0.7742 | CTC: 0.2275
Step 604300/1000000 | Loss: 0.9963 | LR: 9.44e-08 | MLM: 0.8072 | CTC: 0.1891
Step 604400/1000000 | Loss: 1.1450 | LR: 9.44e-08 | MLM: 0.8166 | CTC: 0.3284
Step 604500/1000000 | Loss: 1.4697 | LR: 9.45e-08 | MLM: 1.0927 | CTC: 0.3770
Step 604600/1000000 | Loss: 0.2713 | LR: 9.45e-08 | MLM: 0.1889 | CTC: 0.0824
Step 604700/1000000 | Loss: 1.0881 | LR: 9.45e-08 | MLM: 0.8315 | CTC: 0.2566
Step 604800/1000000 | Loss: 1.3484 | LR: 9.45e-08 | MLM: 0.9987 | CTC: 0.3497
Step 604900/1000000 | Loss: 1.5562 | LR: 9.45e-08 | MLM: 1.0819 | CTC: 0.4743
Step 605000/1000000 | Loss: 2.3749 | LR: 9.45e-08 | MLM: 1.8252 | CTC: 0.5497
✓ Saved checkpoint to checkpoint_step_605000.t7
Step 605100/1000000 | Loss: 0.7377 | LR: 9.45e-08 | MLM: 0.5787 | CTC: 0.1589
Step 605200/1000000 | Loss: 0.3400 | LR: 9.46e-08 | MLM: 0.2032 | CTC: 0.1368
Step 605300/1000000 | Loss: 1.6041 | LR: 9.46e-08 | MLM: 1.2490 | CTC: 0.3550
Step 605400/1000000 | Loss: 1.5925 | LR: 9.46e-08 | MLM: 1.1297 | CTC: 0.4628
Step 605500/1000000 | Loss: 0.9254 | LR: 9.46e-08 | MLM: 0.6242 | CTC: 0.3012
Step 605600/1000000 | Loss: 0.7978 | LR: 9.46e-08 | MLM: 0.4480 | CTC: 0.3498
Step 605700/1000000 | Loss: 0.2174 | LR: 9.46e-08 | MLM: 0.1037 | CTC: 0.1138
Step 605800/1000000 | Loss: 1.5933 | LR: 9.46e-08 | MLM: 1.2586 | CTC: 0.3347
Step 605900/1000000 | Loss: 1.5874 | LR: 9.47e-08 | MLM: 1.0376 | CTC: 0.5498
Step 606000/1000000 | Loss: 0.7019 | LR: 9.47e-08 | MLM: 0.4981 | CTC: 0.2039
Step 606100/1000000 | Loss: 0.7830 | LR: 9.47e-08 | MLM: 0.6226 | CTC: 0.1604
Step 606200/1000000 | Loss: 1.4985 | LR: 9.47e-08 | MLM: 1.1897 | CTC: 0.3088
Step 606300/1000000 | Loss: 1.0847 | LR: 9.47e-08 | MLM: 0.8276 | CTC: 0.2571
Step 606400/1000000 | Loss: 0.6338 | LR: 9.47e-08 | MLM: 0.5003 | CTC: 0.1335
Step 606500/1000000 | Loss: 0.9465 | LR: 9.48e-08 | MLM: 0.7343 | CTC: 0.2122
Step 606600/1000000 | Loss: 1.9520 | LR: 9.48e-08 | MLM: 1.4073 | CTC: 0.5447
Step 606700/1000000 | Loss: 1.2931 | LR: 9.48e-08 | MLM: 0.9395 | CTC: 0.3537
Step 606800/1000000 | Loss: 0.4054 | LR: 9.48e-08 | MLM: 0.3133 | CTC: 0.0921
Step 606900/1000000 | Loss: 0.6246 | LR: 9.48e-08 | MLM: 0.4259 | CTC: 0.1987
Step 607000/1000000 | Loss: 0.6934 | LR: 9.48e-08 | MLM: 0.5463 | CTC: 0.1471
Step 607100/1000000 | Loss: 1.1060 | LR: 9.48e-08 | MLM: 0.8775 | CTC: 0.2285
Step 607200/1000000 | Loss: 1.1594 | LR: 9.49e-08 | MLM: 0.8675 | CTC: 0.2920
Step 607300/1000000 | Loss: 1.9302 | LR: 9.49e-08 | MLM: 1.5092 | CTC: 0.4210
Step 607400/1000000 | Loss: 1.2058 | LR: 9.49e-08 | MLM: 0.8907 | CTC: 0.3150
Step 607500/1000000 | Loss: 1.0883 | LR: 9.49e-08 | MLM: 0.8055 | CTC: 0.2828
Step 607600/1000000 | Loss: 1.6232 | LR: 9.49e-08 | MLM: 1.2509 | CTC: 0.3722
Step 607700/1000000 | Loss: 1.7285 | LR: 9.49e-08 | MLM: 1.2704 | CTC: 0.4580
Step 607800/1000000 | Loss: 1.7552 | LR: 9.50e-08 | MLM: 1.4180 | CTC: 0.3372
Step 607900/1000000 | Loss: 1.0202 | LR: 9.50e-08 | MLM: 0.7307 | CTC: 0.2896
Step 608000/1000000 | Loss: 0.7433 | LR: 9.50e-08 | MLM: 0.5103 | CTC: 0.2330
Step 608100/1000000 | Loss: 0.5963 | LR: 9.50e-08 | MLM: 0.3750 | CTC: 0.2212
Step 608200/1000000 | Loss: 1.3300 | LR: 9.50e-08 | MLM: 1.1022 | CTC: 0.2278
Step 608300/1000000 | Loss: 0.9914 | LR: 9.50e-08 | MLM: 0.7962 | CTC: 0.1952
Step 608400/1000000 | Loss: 1.1829 | LR: 9.51e-08 | MLM: 0.8257 | CTC: 0.3572
Step 608500/1000000 | Loss: 1.8412 | LR: 9.51e-08 | MLM: 1.3842 | CTC: 0.4570
Step 608600/1000000 | Loss: 1.8890 | LR: 9.51e-08 | MLM: 1.2793 | CTC: 0.6097
Step 608700/1000000 | Loss: 0.7024 | LR: 9.51e-08 | MLM: 0.4617 | CTC: 0.2407
Step 608800/1000000 | Loss: 2.1167 | LR: 9.51e-08 | MLM: 1.5514 | CTC: 0.5653
Step 608900/1000000 | Loss: 2.1396 | LR: 9.51e-08 | MLM: 1.5961 | CTC: 0.5435
Step 609000/1000000 | Loss: 1.2642 | LR: 9.52e-08 | MLM: 0.9518 | CTC: 0.3124
Step 609100/1000000 | Loss: 0.8388 | LR: 9.52e-08 | MLM: 0.5768 | CTC: 0.2620
Step 609200/1000000 | Loss: 0.7440 | LR: 9.52e-08 | MLM: 0.5148 | CTC: 0.2292
Step 609300/1000000 | Loss: 1.9101 | LR: 9.52e-08 | MLM: 1.4263 | CTC: 0.4838
Step 609400/1000000 | Loss: 0.9904 | LR: 9.52e-08 | MLM: 0.7200 | CTC: 0.2704
Step 609500/1000000 | Loss: 1.8349 | LR: 9.52e-08 | MLM: 1.4256 | CTC: 0.4093
Step 609600/1000000 | Loss: 1.0303 | LR: 9.52e-08 | MLM: 0.7653 | CTC: 0.2650
Step 609700/1000000 | Loss: 1.4519 | LR: 9.53e-08 | MLM: 1.1565 | CTC: 0.2954
Step 609800/1000000 | Loss: 0.8343 | LR: 9.53e-08 | MLM: 0.6316 | CTC: 0.2026
Step 609900/1000000 | Loss: 0.5894 | LR: 9.53e-08 | MLM: 0.4108 | CTC: 0.1786
Step 610000/1000000 | Loss: 0.8416 | LR: 9.53e-08 | MLM: 0.6186 | CTC: 0.2230
✓ Saved checkpoint to checkpoint_step_610000.t7
Step 610100/1000000 | Loss: 0.6628 | LR: 9.53e-08 | MLM: 0.5176 | CTC: 0.1453
Step 610200/1000000 | Loss: 1.4446 | LR: 9.53e-08 | MLM: 1.0195 | CTC: 0.4251
Step 610300/1000000 | Loss: 0.8334 | LR: 9.54e-08 | MLM: 0.5544 | CTC: 0.2790
Step 610400/1000000 | Loss: 1.2657 | LR: 9.54e-08 | MLM: 0.9894 | CTC: 0.2763
Step 610500/1000000 | Loss: 0.3622 | LR: 9.54e-08 | MLM: 0.2795 | CTC: 0.0827
Step 610600/1000000 | Loss: 1.5462 | LR: 9.54e-08 | MLM: 1.2160 | CTC: 0.3302
Step 610700/1000000 | Loss: 0.8100 | LR: 9.54e-08 | MLM: 0.6400 | CTC: 0.1701
Step 610800/1000000 | Loss: 1.3643 | LR: 9.54e-08 | MLM: 1.0254 | CTC: 0.3390
Step 610900/1000000 | Loss: 2.1928 | LR: 9.54e-08 | MLM: 1.8041 | CTC: 0.3887
Step 611000/1000000 | Loss: 1.0527 | LR: 9.55e-08 | MLM: 0.7241 | CTC: 0.3286
Step 611100/1000000 | Loss: 1.2900 | LR: 9.55e-08 | MLM: 1.0238 | CTC: 0.2663
Step 611200/1000000 | Loss: 1.7370 | LR: 9.55e-08 | MLM: 1.3298 | CTC: 0.4072
Step 611300/1000000 | Loss: 2.1357 | LR: 9.55e-08 | MLM: 1.5783 | CTC: 0.5573
Step 611400/1000000 | Loss: 2.5665 | LR: 9.55e-08 | MLM: 1.8139 | CTC: 0.7526
Step 611500/1000000 | Loss: 1.3058 | LR: 9.55e-08 | MLM: 0.9156 | CTC: 0.3903
Step 611600/1000000 | Loss: 1.4414 | LR: 9.56e-08 | MLM: 1.1085 | CTC: 0.3329
Step 611700/1000000 | Loss: 0.9588 | LR: 9.56e-08 | MLM: 0.7333 | CTC: 0.2255
Step 611800/1000000 | Loss: 0.0443 | LR: 9.56e-08 | MLM: 0.0057 | CTC: 0.0386
Step 611900/1000000 | Loss: 0.6130 | LR: 9.56e-08 | MLM: 0.4107 | CTC: 0.2023
Step 612000/1000000 | Loss: 0.7507 | LR: 9.56e-08 | MLM: 0.5895 | CTC: 0.1612
Step 612100/1000000 | Loss: 1.8661 | LR: 9.56e-08 | MLM: 1.4480 | CTC: 0.4182
Step 612200/1000000 | Loss: 1.0374 | LR: 9.56e-08 | MLM: 0.8575 | CTC: 0.1799
Step 612300/1000000 | Loss: 0.5891 | LR: 9.57e-08 | MLM: 0.4360 | CTC: 0.1530
Step 612400/1000000 | Loss: 0.6355 | LR: 9.57e-08 | MLM: 0.4766 | CTC: 0.1589
Step 612500/1000000 | Loss: 1.5795 | LR: 9.57e-08 | MLM: 1.1389 | CTC: 0.4406
Step 612600/1000000 | Loss: 0.5758 | LR: 9.57e-08 | MLM: 0.4486 | CTC: 0.1272
Step 612700/1000000 | Loss: 2.2440 | LR: 9.57e-08 | MLM: 1.6398 | CTC: 0.6042
Step 612800/1000000 | Loss: 1.5678 | LR: 9.57e-08 | MLM: 1.1395 | CTC: 0.4283
Step 612900/1000000 | Loss: 1.6849 | LR: 9.58e-08 | MLM: 1.3022 | CTC: 0.3827
Step 613000/1000000 | Loss: 0.6965 | LR: 9.58e-08 | MLM: 0.5451 | CTC: 0.1514
Step 613100/1000000 | Loss: 1.6381 | LR: 9.58e-08 | MLM: 1.2041 | CTC: 0.4340
Step 613200/1000000 | Loss: 1.6971 | LR: 9.58e-08 | MLM: 1.3779 | CTC: 0.3192
Step 613300/1000000 | Loss: 0.7586 | LR: 9.58e-08 | MLM: 0.5712 | CTC: 0.1875
Step 613400/1000000 | Loss: 1.7102 | LR: 9.58e-08 | MLM: 1.3310 | CTC: 0.3792
Step 613500/1000000 | Loss: 1.2777 | LR: 9.59e-08 | MLM: 0.9366 | CTC: 0.3411
Step 613600/1000000 | Loss: 0.7430 | LR: 9.59e-08 | MLM: 0.5814 | CTC: 0.1616
Step 613700/1000000 | Loss: 0.7444 | LR: 9.59e-08 | MLM: 0.5243 | CTC: 0.2201
Step 613800/1000000 | Loss: 1.3581 | LR: 9.59e-08 | MLM: 0.9603 | CTC: 0.3978
Step 613900/1000000 | Loss: 2.0322 | LR: 9.59e-08 | MLM: 1.5446 | CTC: 0.4876
Step 614000/1000000 | Loss: 0.9746 | LR: 9.59e-08 | MLM: 0.7144 | CTC: 0.2602
Step 614100/1000000 | Loss: 1.4790 | LR: 9.59e-08 | MLM: 1.1663 | CTC: 0.3127
Step 614200/1000000 | Loss: 1.1600 | LR: 9.60e-08 | MLM: 0.8281 | CTC: 0.3318
Step 614300/1000000 | Loss: 0.9489 | LR: 9.60e-08 | MLM: 0.7032 | CTC: 0.2457
Step 614400/1000000 | Loss: 1.4492 | LR: 9.60e-08 | MLM: 1.0491 | CTC: 0.4001
Step 614500/1000000 | Loss: 1.2413 | LR: 9.60e-08 | MLM: 0.8408 | CTC: 0.4005
Step 614600/1000000 | Loss: 0.3088 | LR: 9.60e-08 | MLM: 0.1684 | CTC: 0.1404
Step 614700/1000000 | Loss: 1.0960 | LR: 9.60e-08 | MLM: 0.8274 | CTC: 0.2686
Step 614800/1000000 | Loss: 0.6410 | LR: 9.61e-08 | MLM: 0.4809 | CTC: 0.1601
Step 614900/1000000 | Loss: 0.9969 | LR: 9.61e-08 | MLM: 0.7087 | CTC: 0.2882
Step 615000/1000000 | Loss: 1.5307 | LR: 9.61e-08 | MLM: 1.1656 | CTC: 0.3651
✓ Saved checkpoint to checkpoint_step_615000.t7
Step 615100/1000000 | Loss: 1.7793 | LR: 9.61e-08 | MLM: 1.3513 | CTC: 0.4280
Step 615200/1000000 | Loss: 0.5218 | LR: 9.61e-08 | MLM: 0.3708 | CTC: 0.1510
Step 615300/1000000 | Loss: 1.7976 | LR: 9.61e-08 | MLM: 1.2970 | CTC: 0.5006
Step 615400/1000000 | Loss: 0.9307 | LR: 9.61e-08 | MLM: 0.7481 | CTC: 0.1826
Step 615500/1000000 | Loss: 1.2279 | LR: 9.62e-08 | MLM: 0.9313 | CTC: 0.2966
Step 615600/1000000 | Loss: 1.3947 | LR: 9.62e-08 | MLM: 1.0630 | CTC: 0.3317
Step 615700/1000000 | Loss: 2.1862 | LR: 9.62e-08 | MLM: 1.7189 | CTC: 0.4673
Step 615800/1000000 | Loss: 0.2050 | LR: 9.62e-08 | MLM: 0.1419 | CTC: 0.0631
Step 615900/1000000 | Loss: 0.9511 | LR: 9.62e-08 | MLM: 0.7173 | CTC: 0.2338
Step 616000/1000000 | Loss: 0.8662 | LR: 9.62e-08 | MLM: 0.6237 | CTC: 0.2424
Step 616100/1000000 | Loss: 0.6325 | LR: 9.63e-08 | MLM: 0.4945 | CTC: 0.1380
Step 616200/1000000 | Loss: 0.8720 | LR: 9.63e-08 | MLM: 0.6544 | CTC: 0.2176
Step 616300/1000000 | Loss: 0.9748 | LR: 9.63e-08 | MLM: 0.7607 | CTC: 0.2141
Step 616400/1000000 | Loss: 0.6934 | LR: 9.63e-08 | MLM: 0.4947 | CTC: 0.1987
Step 616500/1000000 | Loss: 0.7445 | LR: 9.63e-08 | MLM: 0.5477 | CTC: 0.1968
Step 616600/1000000 | Loss: 1.1493 | LR: 9.63e-08 | MLM: 0.8291 | CTC: 0.3202
Step 616700/1000000 | Loss: 0.1112 | LR: 9.63e-08 | MLM: 0.0804 | CTC: 0.0308
Step 616800/1000000 | Loss: 1.1403 | LR: 9.64e-08 | MLM: 0.8048 | CTC: 0.3355
Step 616900/1000000 | Loss: 1.2059 | LR: 9.64e-08 | MLM: 0.8676 | CTC: 0.3383
Step 617000/1000000 | Loss: 1.6865 | LR: 9.64e-08 | MLM: 1.3019 | CTC: 0.3847
Step 617100/1000000 | Loss: 1.8143 | LR: 9.64e-08 | MLM: 1.3509 | CTC: 0.4634
Step 617200/1000000 | Loss: 1.3740 | LR: 9.64e-08 | MLM: 0.9747 | CTC: 0.3994
Step 617300/1000000 | Loss: 1.8883 | LR: 9.64e-08 | MLM: 1.3748 | CTC: 0.5135
Step 617400/1000000 | Loss: 1.7044 | LR: 9.65e-08 | MLM: 1.3452 | CTC: 0.3592
Step 617500/1000000 | Loss: 1.2238 | LR: 9.65e-08 | MLM: 0.9654 | CTC: 0.2584
Step 617600/1000000 | Loss: 0.5406 | LR: 9.65e-08 | MLM: 0.4021 | CTC: 0.1385
Step 617700/1000000 | Loss: 1.4540 | LR: 9.65e-08 | MLM: 1.1001 | CTC: 0.3539
Step 617800/1000000 | Loss: 1.8833 | LR: 9.65e-08 | MLM: 1.3668 | CTC: 0.5165
Step 617900/1000000 | Loss: 1.2832 | LR: 9.65e-08 | MLM: 0.9836 | CTC: 0.2996
Step 618000/1000000 | Loss: 0.8930 | LR: 9.66e-08 | MLM: 0.6671 | CTC: 0.2260
Step 618100/1000000 | Loss: 2.0283 | LR: 9.66e-08 | MLM: 1.4353 | CTC: 0.5930
Step 618200/1000000 | Loss: 0.9318 | LR: 9.66e-08 | MLM: 0.7009 | CTC: 0.2309
Step 618300/1000000 | Loss: 1.8815 | LR: 9.66e-08 | MLM: 1.3727 | CTC: 0.5088
Step 618400/1000000 | Loss: 1.6139 | LR: 9.66e-08 | MLM: 1.3219 | CTC: 0.2920
Step 618500/1000000 | Loss: 0.8895 | LR: 9.66e-08 | MLM: 0.6778 | CTC: 0.2118
Step 618600/1000000 | Loss: 0.9692 | LR: 9.66e-08 | MLM: 0.7113 | CTC: 0.2580
Step 618700/1000000 | Loss: 1.3312 | LR: 9.67e-08 | MLM: 0.9717 | CTC: 0.3595
Step 618800/1000000 | Loss: 0.8124 | LR: 9.67e-08 | MLM: 0.6006 | CTC: 0.2118
Step 618900/1000000 | Loss: 1.6774 | LR: 9.67e-08 | MLM: 1.1403 | CTC: 0.5371
Step 619000/1000000 | Loss: 1.3041 | LR: 9.67e-08 | MLM: 1.0092 | CTC: 0.2949
Step 619100/1000000 | Loss: 1.1337 | LR: 9.67e-08 | MLM: 0.8643 | CTC: 0.2695
Step 619200/1000000 | Loss: 0.6338 | LR: 9.68e-08 | MLM: 0.4782 | CTC: 0.1557
Step 619300/1000000 | Loss: 1.3074 | LR: 9.68e-08 | MLM: 0.9896 | CTC: 0.3178
Step 619400/1000000 | Loss: 1.4686 | LR: 9.68e-08 | MLM: 1.1657 | CTC: 0.3028
Step 619500/1000000 | Loss: 1.7631 | LR: 9.68e-08 | MLM: 1.4742 | CTC: 0.2888
Step 619600/1000000 | Loss: 1.1661 | LR: 9.68e-08 | MLM: 0.9434 | CTC: 0.2227
Step 619700/1000000 | Loss: 1.6275 | LR: 9.68e-08 | MLM: 1.3426 | CTC: 0.2849
Step 619800/1000000 | Loss: 1.5438 | LR: 9.68e-08 | MLM: 1.2333 | CTC: 0.3105
Step 619900/1000000 | Loss: 2.2811 | LR: 9.68e-08 | MLM: 1.6159 | CTC: 0.6652
Step 620000/1000000 | Loss: 0.8184 | LR: 9.69e-08 | MLM: 0.5445 | CTC: 0.2739
✓ Saved checkpoint to checkpoint_step_620000.t7
Step 620100/1000000 | Loss: 1.4438 | LR: 9.69e-08 | MLM: 1.0095 | CTC: 0.4344
Step 620200/1000000 | Loss: 0.9372 | LR: 9.69e-08 | MLM: 0.6316 | CTC: 0.3056
Step 620300/1000000 | Loss: 1.4557 | LR: 9.69e-08 | MLM: 1.1198 | CTC: 0.3358
Step 620400/1000000 | Loss: 1.8454 | LR: 9.69e-08 | MLM: 1.3201 | CTC: 0.5253
Step 620500/1000000 | Loss: 1.0066 | LR: 9.70e-08 | MLM: 0.7172 | CTC: 0.2894
Step 620600/1000000 | Loss: 1.4502 | LR: 9.70e-08 | MLM: 1.1349 | CTC: 0.3154
Step 620700/1000000 | Loss: 1.6039 | LR: 9.70e-08 | MLM: 1.1750 | CTC: 0.4289
Step 620800/1000000 | Loss: 1.5545 | LR: 9.70e-08 | MLM: 1.1916 | CTC: 0.3629
Step 620900/1000000 | Loss: 1.8175 | LR: 9.70e-08 | MLM: 1.2987 | CTC: 0.5188
Step 621000/1000000 | Loss: 1.8390 | LR: 9.70e-08 | MLM: 1.4564 | CTC: 0.3826
Step 621100/1000000 | Loss: 0.9316 | LR: 9.70e-08 | MLM: 0.6497 | CTC: 0.2819
Step 621200/1000000 | Loss: 1.9793 | LR: 9.71e-08 | MLM: 1.5462 | CTC: 0.4331
Step 621300/1000000 | Loss: 1.3271 | LR: 9.71e-08 | MLM: 1.0508 | CTC: 0.2764
Step 621400/1000000 | Loss: 1.4745 | LR: 9.71e-08 | MLM: 1.0952 | CTC: 0.3793
Step 621500/1000000 | Loss: 1.8673 | LR: 9.71e-08 | MLM: 1.3572 | CTC: 0.5101
Step 621600/1000000 | Loss: 1.2051 | LR: 9.71e-08 | MLM: 0.8832 | CTC: 0.3219
Step 621700/1000000 | Loss: 1.6413 | LR: 9.71e-08 | MLM: 1.2239 | CTC: 0.4174
Step 621800/1000000 | Loss: 1.2665 | LR: 9.71e-08 | MLM: 1.0122 | CTC: 0.2543
Step 621900/1000000 | Loss: 0.7670 | LR: 9.72e-08 | MLM: 0.5810 | CTC: 0.1860
Step 622000/1000000 | Loss: 1.8597 | LR: 9.72e-08 | MLM: 1.4578 | CTC: 0.4019
Step 622100/1000000 | Loss: 1.2068 | LR: 9.72e-08 | MLM: 0.8764 | CTC: 0.3304
Step 622200/1000000 | Loss: 0.5695 | LR: 9.72e-08 | MLM: 0.4141 | CTC: 0.1554
Step 622300/1000000 | Loss: 1.3248 | LR: 9.72e-08 | MLM: 1.0719 | CTC: 0.2530
Step 622400/1000000 | Loss: 1.3148 | LR: 9.73e-08 | MLM: 1.0076 | CTC: 0.3073
Step 622500/1000000 | Loss: 1.4153 | LR: 9.73e-08 | MLM: 1.0562 | CTC: 0.3591
Step 622600/1000000 | Loss: 1.0994 | LR: 9.73e-08 | MLM: 0.8029 | CTC: 0.2966
Step 622700/1000000 | Loss: 1.4751 | LR: 9.73e-08 | MLM: 1.1109 | CTC: 0.3642
Step 622800/1000000 | Loss: 1.5312 | LR: 9.73e-08 | MLM: 1.2305 | CTC: 0.3007
Step 622900/1000000 | Loss: 0.7490 | LR: 9.73e-08 | MLM: 0.5421 | CTC: 0.2069
Step 623000/1000000 | Loss: 1.4628 | LR: 9.73e-08 | MLM: 1.1039 | CTC: 0.3589
Step 623100/1000000 | Loss: 0.7472 | LR: 9.73e-08 | MLM: 0.5926 | CTC: 0.1546
Step 623200/1000000 | Loss: 0.9680 | LR: 9.74e-08 | MLM: 0.7542 | CTC: 0.2138
Step 623300/1000000 | Loss: 1.0619 | LR: 9.74e-08 | MLM: 0.7652 | CTC: 0.2967
Step 623400/1000000 | Loss: 0.7234 | LR: 9.74e-08 | MLM: 0.4962 | CTC: 0.2272
Step 623500/1000000 | Loss: 0.7978 | LR: 9.74e-08 | MLM: 0.5863 | CTC: 0.2115
Step 623600/1000000 | Loss: 0.7494 | LR: 9.74e-08 | MLM: 0.5415 | CTC: 0.2079
Step 623700/1000000 | Loss: 0.3432 | LR: 9.75e-08 | MLM: 0.2343 | CTC: 0.1088
Step 623800/1000000 | Loss: 1.2944 | LR: 9.75e-08 | MLM: 0.9465 | CTC: 0.3479
Step 623900/1000000 | Loss: 1.8039 | LR: 9.75e-08 | MLM: 1.3936 | CTC: 0.4103
Step 624000/1000000 | Loss: 1.3224 | LR: 9.75e-08 | MLM: 0.9231 | CTC: 0.3992
Step 624100/1000000 | Loss: 1.0088 | LR: 9.75e-08 | MLM: 0.7681 | CTC: 0.2407
Step 624200/1000000 | Loss: 1.3377 | LR: 9.75e-08 | MLM: 1.0214 | CTC: 0.3163
Step 624300/1000000 | Loss: 0.4582 | LR: 9.75e-08 | MLM: 0.2833 | CTC: 0.1749
Step 624400/1000000 | Loss: 1.3071 | LR: 9.76e-08 | MLM: 0.9471 | CTC: 0.3600
Step 624500/1000000 | Loss: 1.4944 | LR: 9.76e-08 | MLM: 1.2927 | CTC: 0.2017
Step 624600/1000000 | Loss: 1.4781 | LR: 9.76e-08 | MLM: 1.0951 | CTC: 0.3830
Step 624700/1000000 | Loss: 1.4929 | LR: 9.76e-08 | MLM: 0.9751 | CTC: 0.5178
Step 624800/1000000 | Loss: 0.5606 | LR: 9.76e-08 | MLM: 0.4329 | CTC: 0.1276
Step 624900/1000000 | Loss: 1.4259 | LR: 9.76e-08 | MLM: 1.1508 | CTC: 0.2751
Step 625000/1000000 | Loss: 2.1440 | LR: 9.77e-08 | MLM: 1.5729 | CTC: 0.5710
✓ Saved checkpoint to checkpoint_step_625000.t7
Step 625100/1000000 | Loss: 1.1717 | LR: 9.77e-08 | MLM: 0.9673 | CTC: 0.2044
Step 625200/1000000 | Loss: 1.4006 | LR: 9.77e-08 | MLM: 1.1007 | CTC: 0.2999
Step 625300/1000000 | Loss: 1.6958 | LR: 9.77e-08 | MLM: 1.3518 | CTC: 0.3440
Step 625400/1000000 | Loss: 0.7493 | LR: 9.77e-08 | MLM: 0.5493 | CTC: 0.2000
Step 625500/1000000 | Loss: 0.4988 | LR: 9.77e-08 | MLM: 0.4125 | CTC: 0.0863
Step 625600/1000000 | Loss: 1.8910 | LR: 9.77e-08 | MLM: 1.3929 | CTC: 0.4982
Step 625700/1000000 | Loss: 1.4828 | LR: 9.78e-08 | MLM: 1.0381 | CTC: 0.4447
Step 625800/1000000 | Loss: 1.2081 | LR: 9.78e-08 | MLM: 0.8989 | CTC: 0.3092
Step 625900/1000000 | Loss: 1.2324 | LR: 9.78e-08 | MLM: 0.9690 | CTC: 0.2634
Step 626000/1000000 | Loss: 1.1710 | LR: 9.78e-08 | MLM: 0.8676 | CTC: 0.3034
Step 626100/1000000 | Loss: 1.0169 | LR: 9.78e-08 | MLM: 0.7304 | CTC: 0.2865
Step 626200/1000000 | Loss: 0.8514 | LR: 9.78e-08 | MLM: 0.4899 | CTC: 0.3614
Step 626300/1000000 | Loss: 2.0335 | LR: 9.78e-08 | MLM: 1.5161 | CTC: 0.5174
Step 626400/1000000 | Loss: 1.6710 | LR: 9.79e-08 | MLM: 1.2059 | CTC: 0.4651
Step 626500/1000000 | Loss: 1.6086 | LR: 9.79e-08 | MLM: 1.1034 | CTC: 0.5051
Step 626600/1000000 | Loss: 0.8117 | LR: 9.79e-08 | MLM: 0.6323 | CTC: 0.1794
Step 626700/1000000 | Loss: 1.2140 | LR: 9.79e-08 | MLM: 0.9111 | CTC: 0.3029
Step 626800/1000000 | Loss: 1.4047 | LR: 9.79e-08 | MLM: 1.0624 | CTC: 0.3423
Step 626900/1000000 | Loss: 1.7736 | LR: 9.80e-08 | MLM: 1.2331 | CTC: 0.5405
Step 627000/1000000 | Loss: 1.0718 | LR: 9.80e-08 | MLM: 0.8546 | CTC: 0.2172
Step 627100/1000000 | Loss: 1.3598 | LR: 9.80e-08 | MLM: 1.0296 | CTC: 0.3302
Step 627200/1000000 | Loss: 0.6973 | LR: 9.80e-08 | MLM: 0.4260 | CTC: 0.2713
Step 627300/1000000 | Loss: 0.9148 | LR: 9.80e-08 | MLM: 0.6662 | CTC: 0.2486
Step 627400/1000000 | Loss: 0.9856 | LR: 9.80e-08 | MLM: 0.6839 | CTC: 0.3017
Step 627500/1000000 | Loss: 1.1431 | LR: 9.80e-08 | MLM: 0.9034 | CTC: 0.2396
Step 627600/1000000 | Loss: 0.7769 | LR: 9.81e-08 | MLM: 0.6269 | CTC: 0.1501
Step 627700/1000000 | Loss: 1.9360 | LR: 9.81e-08 | MLM: 1.4233 | CTC: 0.5127
Step 627800/1000000 | Loss: 1.7489 | LR: 9.81e-08 | MLM: 1.2131 | CTC: 0.5359
Step 627900/1000000 | Loss: 1.1553 | LR: 9.81e-08 | MLM: 0.7636 | CTC: 0.3918
Step 628000/1000000 | Loss: 1.2525 | LR: 9.81e-08 | MLM: 0.9097 | CTC: 0.3428
Step 628100/1000000 | Loss: 1.3926 | LR: 9.81e-08 | MLM: 1.1491 | CTC: 0.2435
Step 628200/1000000 | Loss: 1.2203 | LR: 9.82e-08 | MLM: 0.8557 | CTC: 0.3646
Step 628300/1000000 | Loss: 0.4241 | LR: 9.82e-08 | MLM: 0.2624 | CTC: 0.1618
Step 628400/1000000 | Loss: 0.6997 | LR: 9.82e-08 | MLM: 0.5036 | CTC: 0.1962
Step 628500/1000000 | Loss: 2.3130 | LR: 9.82e-08 | MLM: 1.5639 | CTC: 0.7491
Step 628600/1000000 | Loss: 1.1639 | LR: 9.82e-08 | MLM: 0.9132 | CTC: 0.2507
Step 628700/1000000 | Loss: 0.5440 | LR: 9.82e-08 | MLM: 0.3368 | CTC: 0.2071
Step 628800/1000000 | Loss: 0.8513 | LR: 9.82e-08 | MLM: 0.6562 | CTC: 0.1951
Step 628900/1000000 | Loss: 1.6296 | LR: 9.83e-08 | MLM: 1.2404 | CTC: 0.3891
Step 629000/1000000 | Loss: 0.4571 | LR: 9.83e-08 | MLM: 0.3441 | CTC: 0.1131
Step 629100/1000000 | Loss: 1.2706 | LR: 9.83e-08 | MLM: 1.0753 | CTC: 0.1953
Step 629200/1000000 | Loss: 1.1526 | LR: 9.83e-08 | MLM: 0.8576 | CTC: 0.2950
Step 629300/1000000 | Loss: 1.8262 | LR: 9.83e-08 | MLM: 1.3926 | CTC: 0.4336
Step 629400/1000000 | Loss: 0.6903 | LR: 9.83e-08 | MLM: 0.5134 | CTC: 0.1769
Step 629500/1000000 | Loss: 1.9965 | LR: 9.84e-08 | MLM: 1.5328 | CTC: 0.4637
Step 629600/1000000 | Loss: 0.8262 | LR: 9.84e-08 | MLM: 0.5252 | CTC: 0.3010
Step 629700/1000000 | Loss: 0.8365 | LR: 9.84e-08 | MLM: 0.6306 | CTC: 0.2059
Step 629800/1000000 | Loss: 0.7699 | LR: 9.84e-08 | MLM: 0.6861 | CTC: 0.0837
Step 629900/1000000 | Loss: 1.4272 | LR: 9.84e-08 | MLM: 1.0496 | CTC: 0.3776
Step 630000/1000000 | Loss: 1.0703 | LR: 9.84e-08 | MLM: 0.7628 | CTC: 0.3075
✓ Saved checkpoint to checkpoint_step_630000.t7
Step 630100/1000000 | Loss: 1.0806 | LR: 9.84e-08 | MLM: 0.8385 | CTC: 0.2421
Step 630200/1000000 | Loss: 1.6389 | LR: 9.85e-08 | MLM: 1.2943 | CTC: 0.3447
Step 630300/1000000 | Loss: 0.9210 | LR: 9.85e-08 | MLM: 0.7213 | CTC: 0.1997
Step 630400/1000000 | Loss: 0.6495 | LR: 9.85e-08 | MLM: 0.4554 | CTC: 0.1941
Step 630500/1000000 | Loss: 0.4391 | LR: 9.85e-08 | MLM: 0.3042 | CTC: 0.1349
Step 630600/1000000 | Loss: 1.6151 | LR: 9.85e-08 | MLM: 1.1842 | CTC: 0.4309
Step 630700/1000000 | Loss: 0.9976 | LR: 9.85e-08 | MLM: 0.7960 | CTC: 0.2017
Step 630800/1000000 | Loss: 1.4141 | LR: 9.86e-08 | MLM: 1.0769 | CTC: 0.3373
Step 630900/1000000 | Loss: 1.3527 | LR: 9.86e-08 | MLM: 1.0930 | CTC: 0.2597
Step 631000/1000000 | Loss: 1.6105 | LR: 9.86e-08 | MLM: 1.1403 | CTC: 0.4702
Step 631100/1000000 | Loss: 1.9656 | LR: 9.86e-08 | MLM: 1.5490 | CTC: 0.4166
Step 631200/1000000 | Loss: 1.6453 | LR: 9.86e-08 | MLM: 1.3159 | CTC: 0.3294
Step 631300/1000000 | Loss: 0.7734 | LR: 9.86e-08 | MLM: 0.5629 | CTC: 0.2106
Step 631400/1000000 | Loss: 1.3338 | LR: 9.86e-08 | MLM: 0.9526 | CTC: 0.3812
Step 631500/1000000 | Loss: 1.5033 | LR: 9.87e-08 | MLM: 1.0837 | CTC: 0.4196
Step 631600/1000000 | Loss: 1.5755 | LR: 9.87e-08 | MLM: 1.1364 | CTC: 0.4390
Step 631700/1000000 | Loss: 1.1356 | LR: 9.87e-08 | MLM: 0.8374 | CTC: 0.2981
Step 631800/1000000 | Loss: 1.4110 | LR: 9.87e-08 | MLM: 1.0999 | CTC: 0.3110
Step 631900/1000000 | Loss: 0.9933 | LR: 9.87e-08 | MLM: 0.7464 | CTC: 0.2469
Step 632000/1000000 | Loss: 1.9012 | LR: 9.87e-08 | MLM: 1.3451 | CTC: 0.5561
Step 632100/1000000 | Loss: 0.6967 | LR: 9.88e-08 | MLM: 0.5080 | CTC: 0.1887
Step 632200/1000000 | Loss: 1.7601 | LR: 9.88e-08 | MLM: 1.3483 | CTC: 0.4118
Step 632300/1000000 | Loss: 1.2221 | LR: 9.88e-08 | MLM: 0.8877 | CTC: 0.3344
Step 632400/1000000 | Loss: 1.8886 | LR: 9.88e-08 | MLM: 1.3525 | CTC: 0.5360
Step 632500/1000000 | Loss: 0.6044 | LR: 9.88e-08 | MLM: 0.4860 | CTC: 0.1184
Step 632600/1000000 | Loss: 1.2136 | LR: 9.88e-08 | MLM: 0.9494 | CTC: 0.2642
Step 632700/1000000 | Loss: 0.6831 | LR: 9.89e-08 | MLM: 0.4659 | CTC: 0.2172
Step 632800/1000000 | Loss: 1.8704 | LR: 9.89e-08 | MLM: 1.3442 | CTC: 0.5262
Step 632900/1000000 | Loss: 0.8676 | LR: 9.89e-08 | MLM: 0.7025 | CTC: 0.1651
Step 633000/1000000 | Loss: 0.3072 | LR: 9.89e-08 | MLM: 0.1998 | CTC: 0.1074
Step 633100/1000000 | Loss: 0.4016 | LR: 9.89e-08 | MLM: 0.3033 | CTC: 0.0983
Step 633200/1000000 | Loss: 0.6374 | LR: 9.89e-08 | MLM: 0.4773 | CTC: 0.1601
Step 633300/1000000 | Loss: 0.5471 | LR: 9.89e-08 | MLM: 0.4362 | CTC: 0.1109
Step 633400/1000000 | Loss: 1.7021 | LR: 9.90e-08 | MLM: 1.3085 | CTC: 0.3936
Step 633500/1000000 | Loss: 1.5805 | LR: 9.90e-08 | MLM: 1.2206 | CTC: 0.3599
Step 633600/1000000 | Loss: 1.4353 | LR: 9.90e-08 | MLM: 0.9439 | CTC: 0.4914
Step 633700/1000000 | Loss: 1.5534 | LR: 9.90e-08 | MLM: 1.1593 | CTC: 0.3941
Step 633800/1000000 | Loss: 1.9595 | LR: 9.90e-08 | MLM: 1.4121 | CTC: 0.5474
Step 633900/1000000 | Loss: 1.5697 | LR: 9.90e-08 | MLM: 1.1542 | CTC: 0.4155
Step 634000/1000000 | Loss: 0.2892 | LR: 9.91e-08 | MLM: 0.1913 | CTC: 0.0978
Step 634100/1000000 | Loss: 1.2529 | LR: 9.91e-08 | MLM: 0.8477 | CTC: 0.4052
Step 634200/1000000 | Loss: 1.3387 | LR: 9.91e-08 | MLM: 1.0176 | CTC: 0.3211
Step 634300/1000000 | Loss: 1.3804 | LR: 9.91e-08 | MLM: 0.9439 | CTC: 0.4365
Step 634400/1000000 | Loss: 1.7357 | LR: 9.91e-08 | MLM: 1.3331 | CTC: 0.4025
Step 634500/1000000 | Loss: 1.3047 | LR: 9.91e-08 | MLM: 1.0288 | CTC: 0.2759
Step 634600/1000000 | Loss: 1.0023 | LR: 9.91e-08 | MLM: 0.7454 | CTC: 0.2570
Step 634700/1000000 | Loss: 1.1280 | LR: 9.92e-08 | MLM: 0.8037 | CTC: 0.3243
Step 634800/1000000 | Loss: 1.4901 | LR: 9.92e-08 | MLM: 1.1640 | CTC: 0.3261
Step 634900/1000000 | Loss: 0.8659 | LR: 9.92e-08 | MLM: 0.6728 | CTC: 0.1931
Step 635000/1000000 | Loss: 0.6323 | LR: 9.92e-08 | MLM: 0.4521 | CTC: 0.1802
✓ Saved checkpoint to checkpoint_step_635000.t7
Step 635100/1000000 | Loss: 0.8281 | LR: 9.92e-08 | MLM: 0.6782 | CTC: 0.1499
Step 635200/1000000 | Loss: 1.1444 | LR: 9.93e-08 | MLM: 0.9094 | CTC: 0.2350
Step 635300/1000000 | Loss: 0.8599 | LR: 9.93e-08 | MLM: 0.6362 | CTC: 0.2237
Step 635400/1000000 | Loss: 1.3031 | LR: 9.93e-08 | MLM: 1.0547 | CTC: 0.2484
Step 635500/1000000 | Loss: 1.1869 | LR: 9.93e-08 | MLM: 0.9016 | CTC: 0.2853
Step 635600/1000000 | Loss: 1.3223 | LR: 9.93e-08 | MLM: 1.0330 | CTC: 0.2893
Step 635700/1000000 | Loss: 0.9309 | LR: 9.93e-08 | MLM: 0.7107 | CTC: 0.2201
Step 635800/1000000 | Loss: 1.3309 | LR: 9.93e-08 | MLM: 1.0420 | CTC: 0.2890
Step 635900/1000000 | Loss: 0.7186 | LR: 9.93e-08 | MLM: 0.5427 | CTC: 0.1759
Step 636000/1000000 | Loss: 0.6418 | LR: 9.94e-08 | MLM: 0.4797 | CTC: 0.1621
Step 636100/1000000 | Loss: 2.1793 | LR: 9.94e-08 | MLM: 1.6419 | CTC: 0.5374
Step 636200/1000000 | Loss: 1.7372 | LR: 9.94e-08 | MLM: 1.3352 | CTC: 0.4020
Step 636300/1000000 | Loss: 1.2946 | LR: 9.94e-08 | MLM: 1.0288 | CTC: 0.2657
Step 636400/1000000 | Loss: 1.1847 | LR: 9.94e-08 | MLM: 0.9665 | CTC: 0.2182
Step 636500/1000000 | Loss: 2.6528 | LR: 9.95e-08 | MLM: 2.1764 | CTC: 0.4764
Step 636600/1000000 | Loss: 1.6240 | LR: 9.95e-08 | MLM: 1.2296 | CTC: 0.3944
Step 636700/1000000 | Loss: 1.2135 | LR: 9.95e-08 | MLM: 1.0311 | CTC: 0.1825
Step 636800/1000000 | Loss: 1.5727 | LR: 9.95e-08 | MLM: 1.1715 | CTC: 0.4012
Step 636900/1000000 | Loss: 1.3276 | LR: 9.95e-08 | MLM: 0.9443 | CTC: 0.3834
Step 637000/1000000 | Loss: 2.3372 | LR: 9.95e-08 | MLM: 1.7127 | CTC: 0.6245
Step 637100/1000000 | Loss: 0.6452 | LR: 9.95e-08 | MLM: 0.4245 | CTC: 0.2207
Step 637200/1000000 | Loss: 1.4046 | LR: 9.96e-08 | MLM: 1.0684 | CTC: 0.3362
Step 637300/1000000 | Loss: 1.5682 | LR: 9.96e-08 | MLM: 1.1403 | CTC: 0.4279
Step 637400/1000000 | Loss: 1.0212 | LR: 9.96e-08 | MLM: 0.7510 | CTC: 0.2702
Step 637500/1000000 | Loss: 1.6995 | LR: 9.96e-08 | MLM: 1.2837 | CTC: 0.4158
Step 637600/1000000 | Loss: 0.5363 | LR: 9.96e-08 | MLM: 0.3979 | CTC: 0.1384
Step 637700/1000000 | Loss: 1.2034 | LR: 9.96e-08 | MLM: 0.8785 | CTC: 0.3249
Step 637800/1000000 | Loss: 0.6849 | LR: 9.96e-08 | MLM: 0.4325 | CTC: 0.2525
Step 637900/1000000 | Loss: 1.4275 | LR: 9.97e-08 | MLM: 1.0889 | CTC: 0.3386
Step 638000/1000000 | Loss: 1.7558 | LR: 9.97e-08 | MLM: 1.4070 | CTC: 0.3488
Step 638100/1000000 | Loss: 1.1233 | LR: 9.97e-08 | MLM: 0.8984 | CTC: 0.2249
Step 638200/1000000 | Loss: 2.0019 | LR: 9.97e-08 | MLM: 1.5718 | CTC: 0.4301
Step 638300/1000000 | Loss: 2.3137 | LR: 9.97e-08 | MLM: 1.3281 | CTC: 0.9856
Step 638400/1000000 | Loss: 1.2216 | LR: 9.98e-08 | MLM: 0.9669 | CTC: 0.2547
Step 638500/1000000 | Loss: 1.9048 | LR: 9.98e-08 | MLM: 1.4521 | CTC: 0.4527
Step 638600/1000000 | Loss: 1.4557 | LR: 9.98e-08 | MLM: 1.1430 | CTC: 0.3127
Step 638700/1000000 | Loss: 1.4348 | LR: 9.98e-08 | MLM: 1.0454 | CTC: 0.3893
Step 638800/1000000 | Loss: 1.3725 | LR: 9.98e-08 | MLM: 0.9953 | CTC: 0.3772
Step 638900/1000000 | Loss: 0.7576 | LR: 9.98e-08 | MLM: 0.5182 | CTC: 0.2394
Step 639000/1000000 | Loss: 1.9131 | LR: 9.98e-08 | MLM: 1.5187 | CTC: 0.3943
Step 639100/1000000 | Loss: 1.3812 | LR: 9.98e-08 | MLM: 1.0140 | CTC: 0.3672
Step 639200/1000000 | Loss: 1.5062 | LR: 9.99e-08 | MLM: 1.0640 | CTC: 0.4421
Step 639300/1000000 | Loss: 0.9300 | LR: 9.99e-08 | MLM: 0.7416 | CTC: 0.1885
Step 639400/1000000 | Loss: 0.9928 | LR: 9.99e-08 | MLM: 0.7652 | CTC: 0.2276
Step 639500/1000000 | Loss: 0.9235 | LR: 9.99e-08 | MLM: 0.6678 | CTC: 0.2556
Step 639600/1000000 | Loss: 0.9455 | LR: 9.99e-08 | MLM: 0.7765 | CTC: 0.1690
Step 639700/1000000 | Loss: 1.6924 | LR: 1.00e-07 | MLM: 1.2957 | CTC: 0.3967
Step 639800/1000000 | Loss: 0.9837 | LR: 1.00e-07 | MLM: 0.6917 | CTC: 0.2920
Step 639900/1000000 | Loss: 0.6120 | LR: 1.00e-07 | MLM: 0.4317 | CTC: 0.1802
Step 640000/1000000 | Loss: 0.6718 | LR: 1.00e-07 | MLM: 0.5013 | CTC: 0.1705
✓ Saved checkpoint to checkpoint_step_640000.t7
Step 640100/1000000 | Loss: 0.7372 | LR: 1.00e-07 | MLM: 0.5397 | CTC: 0.1975
Step 640200/1000000 | Loss: 0.4560 | LR: 1.00e-07 | MLM: 0.3788 | CTC: 0.0772
Step 640300/1000000 | Loss: 0.5137 | LR: 1.00e-07 | MLM: 0.2733 | CTC: 0.2404
Step 640400/1000000 | Loss: 1.5757 | LR: 1.00e-07 | MLM: 1.2260 | CTC: 0.3496
Step 640500/1000000 | Loss: 2.3229 | LR: 1.00e-07 | MLM: 1.6596 | CTC: 0.6634
Step 640600/1000000 | Loss: 0.6880 | LR: 1.00e-07 | MLM: 0.5151 | CTC: 0.1729
Step 640700/1000000 | Loss: 2.0144 | LR: 1.00e-07 | MLM: 1.4957 | CTC: 0.5187
Step 640800/1000000 | Loss: 1.0840 | LR: 1.00e-07 | MLM: 0.8184 | CTC: 0.2656
Step 640900/1000000 | Loss: 1.2855 | LR: 1.00e-07 | MLM: 0.9550 | CTC: 0.3304
Step 641000/1000000 | Loss: 0.9669 | LR: 1.00e-07 | MLM: 0.7608 | CTC: 0.2061
Step 641100/1000000 | Loss: 1.2777 | LR: 1.00e-07 | MLM: 0.9934 | CTC: 0.2843
Step 641200/1000000 | Loss: 1.5119 | LR: 1.00e-07 | MLM: 1.0896 | CTC: 0.4223
Step 641300/1000000 | Loss: 1.4006 | LR: 1.00e-07 | MLM: 1.0587 | CTC: 0.3418
Step 641400/1000000 | Loss: 1.2015 | LR: 1.00e-07 | MLM: 0.8889 | CTC: 0.3126
Step 641500/1000000 | Loss: 1.1908 | LR: 1.00e-07 | MLM: 0.9085 | CTC: 0.2822
Step 641600/1000000 | Loss: 1.6927 | LR: 1.00e-07 | MLM: 1.2891 | CTC: 0.4036
Step 641700/1000000 | Loss: 1.1468 | LR: 1.00e-07 | MLM: 0.8549 | CTC: 0.2918
Step 641800/1000000 | Loss: 0.8991 | LR: 1.00e-07 | MLM: 0.6930 | CTC: 0.2060
Step 641900/1000000 | Loss: 1.6001 | LR: 1.00e-07 | MLM: 1.2187 | CTC: 0.3813
Step 642000/1000000 | Loss: 2.3226 | LR: 1.00e-07 | MLM: 1.4887 | CTC: 0.8339
Step 642100/1000000 | Loss: 1.3955 | LR: 1.00e-07 | MLM: 1.0302 | CTC: 0.3653
Step 642200/1000000 | Loss: 1.1642 | LR: 1.00e-07 | MLM: 0.8746 | CTC: 0.2896
Step 642300/1000000 | Loss: 1.2011 | LR: 1.00e-07 | MLM: 0.9336 | CTC: 0.2676
Step 642400/1000000 | Loss: 1.5357 | LR: 1.00e-07 | MLM: 1.0843 | CTC: 0.4514
Step 642500/1000000 | Loss: 0.5766 | LR: 1.00e-07 | MLM: 0.4082 | CTC: 0.1683
Step 642600/1000000 | Loss: 1.2575 | LR: 1.00e-07 | MLM: 0.8878 | CTC: 0.3697
Step 642700/1000000 | Loss: 1.0285 | LR: 1.00e-07 | MLM: 0.7564 | CTC: 0.2720
Step 642800/1000000 | Loss: 1.7549 | LR: 1.00e-07 | MLM: 1.3198 | CTC: 0.4350
Step 642900/1000000 | Loss: 0.7105 | LR: 1.00e-07 | MLM: 0.5168 | CTC: 0.1936
Step 643000/1000000 | Loss: 1.0045 | LR: 1.00e-07 | MLM: 0.7720 | CTC: 0.2325
Step 643100/1000000 | Loss: 0.6979 | LR: 1.00e-07 | MLM: 0.5484 | CTC: 0.1495
Step 643200/1000000 | Loss: 1.1326 | LR: 1.00e-07 | MLM: 0.8338 | CTC: 0.2987
Step 643300/1000000 | Loss: 1.2748 | LR: 1.00e-07 | MLM: 1.0533 | CTC: 0.2215
Step 643400/1000000 | Loss: 0.5229 | LR: 1.00e-07 | MLM: 0.3773 | CTC: 0.1456
Step 643500/1000000 | Loss: 0.7460 | LR: 1.00e-07 | MLM: 0.6370 | CTC: 0.1090
Step 643600/1000000 | Loss: 1.0178 | LR: 1.00e-07 | MLM: 0.7721 | CTC: 0.2457
Step 643700/1000000 | Loss: 1.0549 | LR: 1.00e-07 | MLM: 0.7418 | CTC: 0.3131
Step 643800/1000000 | Loss: 1.0662 | LR: 1.00e-07 | MLM: 0.8319 | CTC: 0.2343
Step 643900/1000000 | Loss: 1.2592 | LR: 1.00e-07 | MLM: 0.9459 | CTC: 0.3133
Step 644000/1000000 | Loss: 1.8854 | LR: 1.00e-07 | MLM: 1.3933 | CTC: 0.4921
Step 644100/1000000 | Loss: 1.3270 | LR: 1.00e-07 | MLM: 0.9829 | CTC: 0.3441
Step 644200/1000000 | Loss: 1.4287 | LR: 1.00e-07 | MLM: 1.0591 | CTC: 0.3696
Step 644300/1000000 | Loss: 1.0454 | LR: 1.00e-07 | MLM: 0.7538 | CTC: 0.2916
Step 644400/1000000 | Loss: 1.1168 | LR: 1.00e-07 | MLM: 0.5824 | CTC: 0.5344
Step 644500/1000000 | Loss: 2.1767 | LR: 1.00e-07 | MLM: 1.5520 | CTC: 0.6247
Step 644600/1000000 | Loss: 1.2740 | LR: 1.00e-07 | MLM: 1.0143 | CTC: 0.2597
Step 644700/1000000 | Loss: 0.7786 | LR: 1.00e-07 | MLM: 0.6005 | CTC: 0.1781
Step 644800/1000000 | Loss: 0.6197 | LR: 1.00e-07 | MLM: 0.4072 | CTC: 0.2125
Step 644900/1000000 | Loss: 1.3330 | LR: 1.00e-07 | MLM: 1.0708 | CTC: 0.2622
Step 645000/1000000 | Loss: 1.4640 | LR: 1.00e-07 | MLM: 1.1155 | CTC: 0.3484
✓ Saved checkpoint to checkpoint_step_645000.t7
Step 645100/1000000 | Loss: 1.2242 | LR: 1.00e-07 | MLM: 0.9569 | CTC: 0.2673
Step 645200/1000000 | Loss: 1.1721 | LR: 1.00e-07 | MLM: 0.8383 | CTC: 0.3338
Step 645300/1000000 | Loss: 2.1479 | LR: 1.00e-07 | MLM: 1.5110 | CTC: 0.6369
Step 645400/1000000 | Loss: 0.5229 | LR: 1.00e-07 | MLM: 0.4309 | CTC: 0.0920
Step 645500/1000000 | Loss: 1.1158 | LR: 1.00e-07 | MLM: 0.8336 | CTC: 0.2822
Step 645600/1000000 | Loss: 1.0023 | LR: 1.00e-07 | MLM: 0.7457 | CTC: 0.2567
Step 645700/1000000 | Loss: 1.7022 | LR: 1.00e-07 | MLM: 1.3350 | CTC: 0.3672
Step 645800/1000000 | Loss: 1.3478 | LR: 1.00e-07 | MLM: 0.8701 | CTC: 0.4778
Step 645900/1000000 | Loss: 1.4685 | LR: 1.00e-07 | MLM: 1.1063 | CTC: 0.3622
Step 646000/1000000 | Loss: 0.8858 | LR: 1.00e-07 | MLM: 0.6325 | CTC: 0.2533
Step 646100/1000000 | Loss: 1.7297 | LR: 1.00e-07 | MLM: 1.4073 | CTC: 0.3224
Step 646200/1000000 | Loss: 0.9470 | LR: 1.00e-07 | MLM: 0.7145 | CTC: 0.2324
Step 646300/1000000 | Loss: 1.2581 | LR: 1.00e-07 | MLM: 1.0313 | CTC: 0.2268
Step 646400/1000000 | Loss: 2.6924 | LR: 1.00e-07 | MLM: 2.0316 | CTC: 0.6608
Step 646500/1000000 | Loss: 1.1411 | LR: 1.00e-07 | MLM: 0.9753 | CTC: 0.1658
Step 646600/1000000 | Loss: 1.3153 | LR: 1.00e-07 | MLM: 1.0835 | CTC: 0.2318
Step 646700/1000000 | Loss: 0.9342 | LR: 1.00e-07 | MLM: 0.7494 | CTC: 0.1848
Step 646800/1000000 | Loss: 1.2418 | LR: 1.00e-07 | MLM: 0.9147 | CTC: 0.3270
Step 646900/1000000 | Loss: 1.0362 | LR: 1.00e-07 | MLM: 0.7408 | CTC: 0.2954
Step 647000/1000000 | Loss: 1.2466 | LR: 1.00e-07 | MLM: 0.9443 | CTC: 0.3023
Step 647100/1000000 | Loss: 0.8435 | LR: 1.00e-07 | MLM: 0.6341 | CTC: 0.2095
Step 647200/1000000 | Loss: 0.9660 | LR: 1.00e-07 | MLM: 0.7064 | CTC: 0.2596
Step 647300/1000000 | Loss: 2.1308 | LR: 1.00e-07 | MLM: 1.5866 | CTC: 0.5442
Step 647400/1000000 | Loss: 1.3757 | LR: 1.00e-07 | MLM: 1.0329 | CTC: 0.3428
Step 647500/1000000 | Loss: 1.0699 | LR: 1.00e-07 | MLM: 0.8163 | CTC: 0.2536
Step 647600/1000000 | Loss: 0.6703 | LR: 1.00e-07 | MLM: 0.5110 | CTC: 0.1593
Step 647700/1000000 | Loss: 1.0479 | LR: 1.00e-07 | MLM: 0.7043 | CTC: 0.3436
Step 647800/1000000 | Loss: 1.5182 | LR: 1.00e-07 | MLM: 1.1027 | CTC: 0.4154
Step 647900/1000000 | Loss: 1.7818 | LR: 1.00e-07 | MLM: 1.3981 | CTC: 0.3837
Step 648000/1000000 | Loss: 0.8948 | LR: 1.00e-07 | MLM: 0.6193 | CTC: 0.2754
Step 648100/1000000 | Loss: 1.2365 | LR: 1.00e-07 | MLM: 1.0033 | CTC: 0.2332
Step 648200/1000000 | Loss: 1.0695 | LR: 1.00e-07 | MLM: 0.7967 | CTC: 0.2727
Step 648300/1000000 | Loss: 0.1991 | LR: 1.00e-07 | MLM: 0.1318 | CTC: 0.0673
Step 648400/1000000 | Loss: 0.5948 | LR: 1.00e-07 | MLM: 0.4200 | CTC: 0.1748
Step 648500/1000000 | Loss: 1.1716 | LR: 1.00e-07 | MLM: 0.8697 | CTC: 0.3020
Step 648600/1000000 | Loss: 1.0456 | LR: 1.00e-07 | MLM: 0.8031 | CTC: 0.2426
Step 648700/1000000 | Loss: 0.4741 | LR: 1.00e-07 | MLM: 0.3519 | CTC: 0.1222
Step 648800/1000000 | Loss: 0.9886 | LR: 1.00e-07 | MLM: 0.7328 | CTC: 0.2558
Step 648900/1000000 | Loss: 1.0937 | LR: 1.00e-07 | MLM: 0.8138 | CTC: 0.2799
Step 649000/1000000 | Loss: 0.7462 | LR: 1.00e-07 | MLM: 0.5618 | CTC: 0.1844
Step 649100/1000000 | Loss: 1.4242 | LR: 1.00e-07 | MLM: 1.1175 | CTC: 0.3067
Step 649200/1000000 | Loss: 1.1139 | LR: 1.00e-07 | MLM: 0.8523 | CTC: 0.2616
Step 649300/1000000 | Loss: 0.3756 | LR: 1.00e-07 | MLM: 0.2964 | CTC: 0.0792
Step 649400/1000000 | Loss: 1.1295 | LR: 1.00e-07 | MLM: 0.8755 | CTC: 0.2540
Step 649500/1000000 | Loss: 1.3662 | LR: 1.00e-07 | MLM: 0.9913 | CTC: 0.3749
Step 649600/1000000 | Loss: 0.7604 | LR: 1.00e-07 | MLM: 0.6098 | CTC: 0.1506
Step 649700/1000000 | Loss: 1.0453 | LR: 1.00e-07 | MLM: 0.8185 | CTC: 0.2267
Step 649800/1000000 | Loss: 0.1850 | LR: 1.00e-07 | MLM: 0.1524 | CTC: 0.0326
Step 649900/1000000 | Loss: 1.3162 | LR: 1.00e-07 | MLM: 0.9810 | CTC: 0.3352
Step 650000/1000000 | Loss: 1.8134 | LR: 1.00e-07 | MLM: 1.3524 | CTC: 0.4610
✓ Saved checkpoint to checkpoint_step_650000.t7
Step 650100/1000000 | Loss: 0.4926 | LR: 1.00e-07 | MLM: 0.3522 | CTC: 0.1404
Step 650200/1000000 | Loss: 1.0814 | LR: 1.00e-07 | MLM: 0.7179 | CTC: 0.3635
Step 650300/1000000 | Loss: 1.0607 | LR: 1.00e-07 | MLM: 0.7344 | CTC: 0.3263
Step 650400/1000000 | Loss: 0.2909 | LR: 1.00e-07 | MLM: 0.1910 | CTC: 0.0998
Step 650500/1000000 | Loss: 1.0285 | LR: 1.00e-07 | MLM: 0.7482 | CTC: 0.2803
Step 650600/1000000 | Loss: 0.7580 | LR: 1.00e-07 | MLM: 0.5720 | CTC: 0.1859
Step 650700/1000000 | Loss: 0.9557 | LR: 1.00e-07 | MLM: 0.6863 | CTC: 0.2694
Step 650800/1000000 | Loss: 0.8430 | LR: 1.00e-07 | MLM: 0.6173 | CTC: 0.2256
Step 650900/1000000 | Loss: 0.5513 | LR: 1.00e-07 | MLM: 0.4077 | CTC: 0.1436
Step 651000/1000000 | Loss: 2.3288 | LR: 1.00e-07 | MLM: 1.7768 | CTC: 0.5520
Step 651100/1000000 | Loss: 0.2881 | LR: 1.00e-07 | MLM: 0.1896 | CTC: 0.0985
Step 651200/1000000 | Loss: 1.4169 | LR: 1.00e-07 | MLM: 1.0523 | CTC: 0.3645
Step 651300/1000000 | Loss: 1.0609 | LR: 1.00e-07 | MLM: 0.8223 | CTC: 0.2386
Step 651400/1000000 | Loss: 0.8618 | LR: 1.00e-07 | MLM: 0.7169 | CTC: 0.1449
Step 651500/1000000 | Loss: 1.2365 | LR: 1.00e-07 | MLM: 0.8436 | CTC: 0.3928
Step 651600/1000000 | Loss: 1.5641 | LR: 1.00e-07 | MLM: 1.0900 | CTC: 0.4740
Step 651700/1000000 | Loss: 0.7264 | LR: 1.00e-07 | MLM: 0.5313 | CTC: 0.1951
Step 651800/1000000 | Loss: 1.0416 | LR: 1.00e-07 | MLM: 0.7670 | CTC: 0.2746
Step 651900/1000000 | Loss: 1.8666 | LR: 1.00e-07 | MLM: 1.4348 | CTC: 0.4318
Step 652000/1000000 | Loss: 1.2080 | LR: 1.00e-07 | MLM: 0.8991 | CTC: 0.3090
Step 652100/1000000 | Loss: 1.0876 | LR: 1.00e-07 | MLM: 0.8853 | CTC: 0.2023
Step 652200/1000000 | Loss: 0.5279 | LR: 1.00e-07 | MLM: 0.3715 | CTC: 0.1564
Step 652300/1000000 | Loss: 1.0383 | LR: 1.00e-07 | MLM: 0.7770 | CTC: 0.2613
Step 652400/1000000 | Loss: 1.5361 | LR: 1.00e-07 | MLM: 1.0131 | CTC: 0.5230
Step 652500/1000000 | Loss: 1.0569 | LR: 1.00e-07 | MLM: 0.8386 | CTC: 0.2183
Step 652600/1000000 | Loss: 0.4750 | LR: 1.00e-07 | MLM: 0.2999 | CTC: 0.1752
Step 652700/1000000 | Loss: 0.6942 | LR: 1.00e-07 | MLM: 0.5273 | CTC: 0.1669
Step 652800/1000000 | Loss: 1.3450 | LR: 1.00e-07 | MLM: 0.9909 | CTC: 0.3541
Step 652900/1000000 | Loss: 1.3469 | LR: 1.00e-07 | MLM: 1.0948 | CTC: 0.2521
Step 653000/1000000 | Loss: 1.3058 | LR: 1.00e-07 | MLM: 1.0455 | CTC: 0.2603
Step 653100/1000000 | Loss: 1.2018 | LR: 1.00e-07 | MLM: 0.9895 | CTC: 0.2123
Step 653200/1000000 | Loss: 0.6667 | LR: 1.00e-07 | MLM: 0.5057 | CTC: 0.1609
Step 653300/1000000 | Loss: 1.2020 | LR: 1.00e-07 | MLM: 0.8896 | CTC: 0.3124
Step 653400/1000000 | Loss: 1.5248 | LR: 1.00e-07 | MLM: 0.9806 | CTC: 0.5442
Step 653500/1000000 | Loss: 1.8280 | LR: 1.00e-07 | MLM: 1.3945 | CTC: 0.4335
Step 653600/1000000 | Loss: 1.5404 | LR: 1.00e-07 | MLM: 1.1456 | CTC: 0.3949
Step 653700/1000000 | Loss: 0.8951 | LR: 1.00e-07 | MLM: 0.6779 | CTC: 0.2172
Step 653800/1000000 | Loss: 1.6286 | LR: 1.00e-07 | MLM: 1.0980 | CTC: 0.5306
Step 653900/1000000 | Loss: 0.7925 | LR: 1.00e-07 | MLM: 0.5874 | CTC: 0.2051
Step 654000/1000000 | Loss: 1.0337 | LR: 1.00e-07 | MLM: 0.7771 | CTC: 0.2565
Step 654100/1000000 | Loss: 1.0287 | LR: 1.00e-07 | MLM: 0.7760 | CTC: 0.2527
Step 654200/1000000 | Loss: 1.7919 | LR: 1.00e-07 | MLM: 1.3915 | CTC: 0.4004
Step 654300/1000000 | Loss: 0.5614 | LR: 1.00e-07 | MLM: 0.3997 | CTC: 0.1617
Step 654400/1000000 | Loss: 1.2101 | LR: 1.00e-07 | MLM: 0.8780 | CTC: 0.3320
Step 654500/1000000 | Loss: 0.5931 | LR: 1.00e-07 | MLM: 0.4393 | CTC: 0.1538
Step 654600/1000000 | Loss: 1.5604 | LR: 1.00e-07 | MLM: 1.1400 | CTC: 0.4204
Step 654700/1000000 | Loss: 1.1192 | LR: 1.00e-07 | MLM: 0.8506 | CTC: 0.2685
Step 654800/1000000 | Loss: 1.1891 | LR: 1.00e-07 | MLM: 0.8347 | CTC: 0.3544
Step 654900/1000000 | Loss: 1.0863 | LR: 1.00e-07 | MLM: 0.9074 | CTC: 0.1789
Step 655000/1000000 | Loss: 1.2866 | LR: 1.00e-07 | MLM: 0.9102 | CTC: 0.3764
✓ Saved checkpoint to checkpoint_step_655000.t7
Step 655100/1000000 | Loss: 1.2270 | LR: 1.00e-07 | MLM: 0.9452 | CTC: 0.2818
Step 655200/1000000 | Loss: 1.2977 | LR: 1.00e-07 | MLM: 0.9371 | CTC: 0.3606
Step 655300/1000000 | Loss: 1.1372 | LR: 1.00e-07 | MLM: 0.8240 | CTC: 0.3132
Step 655400/1000000 | Loss: 1.6845 | LR: 1.00e-07 | MLM: 1.2637 | CTC: 0.4208
Step 655500/1000000 | Loss: 1.4212 | LR: 1.00e-07 | MLM: 1.0875 | CTC: 0.3336
Step 655600/1000000 | Loss: 0.3532 | LR: 1.00e-07 | MLM: 0.2316 | CTC: 0.1216
Step 655700/1000000 | Loss: 1.5241 | LR: 1.00e-07 | MLM: 1.1608 | CTC: 0.3633
Step 655800/1000000 | Loss: 1.2250 | LR: 1.00e-07 | MLM: 0.9471 | CTC: 0.2779
Step 655900/1000000 | Loss: 0.9263 | LR: 1.00e-07 | MLM: 0.7093 | CTC: 0.2170
Step 656000/1000000 | Loss: 0.8140 | LR: 1.00e-07 | MLM: 0.5919 | CTC: 0.2220
Step 656100/1000000 | Loss: 2.3644 | LR: 1.00e-07 | MLM: 1.6156 | CTC: 0.7488
Step 656200/1000000 | Loss: 1.1772 | LR: 1.00e-07 | MLM: 0.8403 | CTC: 0.3369
Step 656300/1000000 | Loss: 1.0847 | LR: 1.00e-07 | MLM: 0.8615 | CTC: 0.2231
Step 656400/1000000 | Loss: 0.5316 | LR: 1.00e-07 | MLM: 0.4026 | CTC: 0.1290
Step 656500/1000000 | Loss: 0.5124 | LR: 1.00e-07 | MLM: 0.3647 | CTC: 0.1478
Step 656600/1000000 | Loss: 0.7319 | LR: 1.00e-07 | MLM: 0.5294 | CTC: 0.2025
Step 656700/1000000 | Loss: 1.1203 | LR: 1.00e-07 | MLM: 0.9045 | CTC: 0.2158
Step 656800/1000000 | Loss: 1.4959 | LR: 1.00e-07 | MLM: 1.0645 | CTC: 0.4315
Step 656900/1000000 | Loss: 1.0974 | LR: 1.00e-07 | MLM: 0.8504 | CTC: 0.2471
Step 657000/1000000 | Loss: 0.8883 | LR: 1.00e-07 | MLM: 0.6734 | CTC: 0.2149
Step 657100/1000000 | Loss: 1.6823 | LR: 1.00e-07 | MLM: 1.2168 | CTC: 0.4654
Step 657200/1000000 | Loss: 1.0510 | LR: 1.00e-07 | MLM: 0.7546 | CTC: 0.2964
Step 657300/1000000 | Loss: 1.3561 | LR: 1.00e-07 | MLM: 1.0191 | CTC: 0.3370
Step 657400/1000000 | Loss: 0.9805 | LR: 1.00e-07 | MLM: 0.7384 | CTC: 0.2421
Step 657500/1000000 | Loss: 1.2520 | LR: 1.00e-07 | MLM: 1.0623 | CTC: 0.1897
Step 657600/1000000 | Loss: 0.3282 | LR: 1.00e-07 | MLM: 0.2226 | CTC: 0.1055
Step 657700/1000000 | Loss: 1.0565 | LR: 1.00e-07 | MLM: 0.7257 | CTC: 0.3308
Step 657800/1000000 | Loss: 1.8208 | LR: 1.00e-07 | MLM: 1.3794 | CTC: 0.4414
Step 657900/1000000 | Loss: 0.5324 | LR: 1.00e-07 | MLM: 0.3824 | CTC: 0.1500
Step 658000/1000000 | Loss: 1.8541 | LR: 1.00e-07 | MLM: 1.3618 | CTC: 0.4923
Step 658100/1000000 | Loss: 1.3770 | LR: 1.00e-07 | MLM: 1.0133 | CTC: 0.3637
Step 658200/1000000 | Loss: 1.4111 | LR: 1.00e-07 | MLM: 1.0597 | CTC: 0.3514
Step 658300/1000000 | Loss: 0.7073 | LR: 1.00e-07 | MLM: 0.5463 | CTC: 0.1609
Step 658400/1000000 | Loss: 0.9424 | LR: 1.00e-07 | MLM: 0.6986 | CTC: 0.2438
Step 658500/1000000 | Loss: 1.6441 | LR: 1.00e-07 | MLM: 1.2548 | CTC: 0.3893
Step 658600/1000000 | Loss: 1.6900 | LR: 1.00e-07 | MLM: 1.1688 | CTC: 0.5212
Step 658700/1000000 | Loss: 0.5978 | LR: 1.00e-07 | MLM: 0.4420 | CTC: 0.1558
Step 658800/1000000 | Loss: 1.0921 | LR: 1.00e-07 | MLM: 0.8488 | CTC: 0.2433
Step 658900/1000000 | Loss: 1.5373 | LR: 1.00e-07 | MLM: 1.1829 | CTC: 0.3544
Step 659000/1000000 | Loss: 1.9141 | LR: 1.00e-07 | MLM: 1.4166 | CTC: 0.4976
Step 659100/1000000 | Loss: 1.8429 | LR: 1.00e-07 | MLM: 1.4058 | CTC: 0.4371
Step 659200/1000000 | Loss: 1.6977 | LR: 1.00e-07 | MLM: 1.3142 | CTC: 0.3834
Step 659300/1000000 | Loss: 0.8283 | LR: 1.00e-07 | MLM: 0.5472 | CTC: 0.2811
Step 659400/1000000 | Loss: 0.6908 | LR: 1.00e-07 | MLM: 0.4474 | CTC: 0.2434
Step 659500/1000000 | Loss: 1.0263 | LR: 1.00e-07 | MLM: 0.7315 | CTC: 0.2948
Step 659600/1000000 | Loss: 1.8843 | LR: 1.00e-07 | MLM: 1.4131 | CTC: 0.4711
Step 659700/1000000 | Loss: 1.1994 | LR: 1.00e-07 | MLM: 0.9140 | CTC: 0.2854
Step 659800/1000000 | Loss: 1.4090 | LR: 1.00e-07 | MLM: 1.0784 | CTC: 0.3305
Step 659900/1000000 | Loss: 1.2928 | LR: 1.00e-07 | MLM: 0.9933 | CTC: 0.2996
Step 660000/1000000 | Loss: 1.1712 | LR: 1.00e-07 | MLM: 0.8318 | CTC: 0.3394
✓ Saved checkpoint to checkpoint_step_660000.t7
Step 660100/1000000 | Loss: 1.7212 | LR: 1.00e-07 | MLM: 1.3141 | CTC: 0.4071
Step 660200/1000000 | Loss: 2.1622 | LR: 1.00e-07 | MLM: 1.6440 | CTC: 0.5181
Step 660300/1000000 | Loss: 1.3012 | LR: 1.00e-07 | MLM: 1.0233 | CTC: 0.2779
Step 660400/1000000 | Loss: 2.2500 | LR: 1.00e-07 | MLM: 1.8593 | CTC: 0.3907
Step 660500/1000000 | Loss: 1.0378 | LR: 1.00e-07 | MLM: 0.7742 | CTC: 0.2637
Step 660600/1000000 | Loss: 0.3735 | LR: 1.00e-07 | MLM: 0.2701 | CTC: 0.1034
Step 660700/1000000 | Loss: 1.7745 | LR: 1.00e-07 | MLM: 1.2892 | CTC: 0.4853
Step 660800/1000000 | Loss: 2.0684 | LR: 1.00e-07 | MLM: 1.5506 | CTC: 0.5178
Step 660900/1000000 | Loss: 0.9507 | LR: 1.00e-07 | MLM: 0.7378 | CTC: 0.2129
Step 661000/1000000 | Loss: 2.3570 | LR: 1.00e-07 | MLM: 1.7194 | CTC: 0.6376
Step 661100/1000000 | Loss: 0.8518 | LR: 1.00e-07 | MLM: 0.5837 | CTC: 0.2680
Step 661200/1000000 | Loss: 0.8923 | LR: 1.00e-07 | MLM: 0.6141 | CTC: 0.2782
Step 661300/1000000 | Loss: 1.4098 | LR: 1.00e-07 | MLM: 1.0952 | CTC: 0.3145
Step 661400/1000000 | Loss: 1.4465 | LR: 1.00e-07 | MLM: 1.0335 | CTC: 0.4130
Step 661500/1000000 | Loss: 0.7061 | LR: 1.00e-07 | MLM: 0.5461 | CTC: 0.1600
Step 661600/1000000 | Loss: 1.0191 | LR: 1.00e-07 | MLM: 0.7267 | CTC: 0.2925
Step 661700/1000000 | Loss: 0.8562 | LR: 1.00e-07 | MLM: 0.6743 | CTC: 0.1820
Step 661800/1000000 | Loss: 1.1264 | LR: 1.00e-07 | MLM: 0.8114 | CTC: 0.3150
Step 661900/1000000 | Loss: 1.2420 | LR: 1.00e-07 | MLM: 0.9692 | CTC: 0.2728
Step 662000/1000000 | Loss: 2.0464 | LR: 1.00e-07 | MLM: 1.4362 | CTC: 0.6102
Step 662100/1000000 | Loss: 0.5613 | LR: 1.00e-07 | MLM: 0.4219 | CTC: 0.1394
Step 662200/1000000 | Loss: 0.4693 | LR: 1.00e-07 | MLM: 0.3328 | CTC: 0.1365
Step 662300/1000000 | Loss: 0.6117 | LR: 1.00e-07 | MLM: 0.5134 | CTC: 0.0983
Step 662400/1000000 | Loss: 0.4561 | LR: 1.00e-07 | MLM: 0.3529 | CTC: 0.1032
Step 662500/1000000 | Loss: 1.3069 | LR: 1.00e-07 | MLM: 1.0307 | CTC: 0.2762
Step 662600/1000000 | Loss: 0.7411 | LR: 1.00e-07 | MLM: 0.5549 | CTC: 0.1861
Step 662700/1000000 | Loss: 1.3756 | LR: 1.00e-07 | MLM: 1.0806 | CTC: 0.2950
Step 662800/1000000 | Loss: 0.6485 | LR: 1.00e-07 | MLM: 0.4390 | CTC: 0.2094
Step 662900/1000000 | Loss: 1.2975 | LR: 1.00e-07 | MLM: 1.0009 | CTC: 0.2966
Step 663000/1000000 | Loss: 1.4792 | LR: 1.00e-07 | MLM: 1.1690 | CTC: 0.3102
Step 663100/1000000 | Loss: 2.2095 | LR: 1.00e-07 | MLM: 1.5974 | CTC: 0.6121
Step 663200/1000000 | Loss: 1.6691 | LR: 1.00e-07 | MLM: 1.2290 | CTC: 0.4401
Step 663300/1000000 | Loss: 1.8784 | LR: 1.00e-07 | MLM: 1.3524 | CTC: 0.5260
Step 663400/1000000 | Loss: 0.7517 | LR: 1.00e-07 | MLM: 0.5330 | CTC: 0.2187
Step 663500/1000000 | Loss: 2.2272 | LR: 1.00e-07 | MLM: 1.7501 | CTC: 0.4771
Step 663600/1000000 | Loss: 1.1438 | LR: 1.00e-07 | MLM: 0.7405 | CTC: 0.4033
Step 663700/1000000 | Loss: 0.7120 | LR: 1.00e-07 | MLM: 0.5924 | CTC: 0.1197
Step 663800/1000000 | Loss: 0.4870 | LR: 1.00e-07 | MLM: 0.3432 | CTC: 0.1438
Step 663900/1000000 | Loss: 1.1259 | LR: 1.00e-07 | MLM: 0.8042 | CTC: 0.3217
Step 664000/1000000 | Loss: 0.4634 | LR: 1.00e-07 | MLM: 0.3658 | CTC: 0.0976
Step 664100/1000000 | Loss: 1.7653 | LR: 1.00e-07 | MLM: 1.3537 | CTC: 0.4115
Step 664200/1000000 | Loss: 1.8979 | LR: 1.00e-07 | MLM: 1.4110 | CTC: 0.4869
Step 664300/1000000 | Loss: 2.2652 | LR: 1.00e-07 | MLM: 1.7138 | CTC: 0.5514
Step 664400/1000000 | Loss: 1.1398 | LR: 1.00e-07 | MLM: 0.8807 | CTC: 0.2591
Step 664500/1000000 | Loss: 0.6643 | LR: 1.00e-07 | MLM: 0.4606 | CTC: 0.2037
Step 664600/1000000 | Loss: 1.7895 | LR: 1.00e-07 | MLM: 1.3311 | CTC: 0.4584
Step 664700/1000000 | Loss: 2.0016 | LR: 1.00e-07 | MLM: 1.5730 | CTC: 0.4286
Step 664800/1000000 | Loss: 1.4701 | LR: 1.00e-07 | MLM: 1.1160 | CTC: 0.3542
Step 664900/1000000 | Loss: 1.8848 | LR: 1.00e-07 | MLM: 1.4567 | CTC: 0.4280
Step 665000/1000000 | Loss: 1.7805 | LR: 1.00e-07 | MLM: 1.3170 | CTC: 0.4635
✓ Saved checkpoint to checkpoint_step_665000.t7
Step 665100/1000000 | Loss: 0.7733 | LR: 1.00e-07 | MLM: 0.6140 | CTC: 0.1593
Step 665200/1000000 | Loss: 0.8289 | LR: 1.00e-07 | MLM: 0.6684 | CTC: 0.1605
Step 665300/1000000 | Loss: 1.5447 | LR: 1.00e-07 | MLM: 1.1029 | CTC: 0.4418
Step 665400/1000000 | Loss: 1.3258 | LR: 1.00e-07 | MLM: 1.0113 | CTC: 0.3144
Step 665500/1000000 | Loss: 0.5366 | LR: 1.00e-07 | MLM: 0.3802 | CTC: 0.1564
Step 665600/1000000 | Loss: 1.1575 | LR: 1.00e-07 | MLM: 0.8995 | CTC: 0.2579
Step 665700/1000000 | Loss: 1.4252 | LR: 1.00e-07 | MLM: 1.0188 | CTC: 0.4064
Step 665800/1000000 | Loss: 2.4348 | LR: 1.00e-07 | MLM: 1.7787 | CTC: 0.6562
Step 665900/1000000 | Loss: 0.4464 | LR: 1.00e-07 | MLM: 0.3158 | CTC: 0.1306
Step 666000/1000000 | Loss: 0.9257 | LR: 1.00e-07 | MLM: 0.6834 | CTC: 0.2423
Step 666100/1000000 | Loss: 1.2799 | LR: 1.00e-07 | MLM: 0.9004 | CTC: 0.3795
Step 666200/1000000 | Loss: 1.1032 | LR: 1.00e-07 | MLM: 0.8743 | CTC: 0.2289
Step 666300/1000000 | Loss: 0.9725 | LR: 1.00e-07 | MLM: 0.7631 | CTC: 0.2095
Step 666400/1000000 | Loss: 1.6262 | LR: 1.00e-07 | MLM: 1.2537 | CTC: 0.3725
Step 666500/1000000 | Loss: 1.1028 | LR: 1.00e-07 | MLM: 0.8840 | CTC: 0.2189
Step 666600/1000000 | Loss: 0.4866 | LR: 1.00e-07 | MLM: 0.3357 | CTC: 0.1509
Step 666700/1000000 | Loss: 1.0115 | LR: 1.00e-07 | MLM: 0.7740 | CTC: 0.2374
Step 666800/1000000 | Loss: 1.1628 | LR: 1.00e-07 | MLM: 0.8511 | CTC: 0.3117
Step 666900/1000000 | Loss: 1.3645 | LR: 1.00e-07 | MLM: 0.9950 | CTC: 0.3695
Step 667000/1000000 | Loss: 0.9757 | LR: 1.00e-07 | MLM: 0.7436 | CTC: 0.2321
Step 667100/1000000 | Loss: 0.0101 | LR: 1.00e-07 | MLM: 0.0010 | CTC: 0.0091
Step 667200/1000000 | Loss: 2.3651 | LR: 1.00e-07 | MLM: 1.8817 | CTC: 0.4834
Step 667300/1000000 | Loss: 0.7544 | LR: 1.00e-07 | MLM: 0.5401 | CTC: 0.2143
Step 667400/1000000 | Loss: 1.7860 | LR: 1.00e-07 | MLM: 1.4207 | CTC: 0.3653
Step 667500/1000000 | Loss: 1.0441 | LR: 1.00e-07 | MLM: 0.8429 | CTC: 0.2013
Step 667600/1000000 | Loss: 1.6716 | LR: 1.00e-07 | MLM: 1.3466 | CTC: 0.3250
Step 667700/1000000 | Loss: 1.3431 | LR: 1.00e-07 | MLM: 1.0263 | CTC: 0.3168
Step 667800/1000000 | Loss: 0.4193 | LR: 1.00e-07 | MLM: 0.3479 | CTC: 0.0715
Step 667900/1000000 | Loss: 2.0352 | LR: 1.00e-07 | MLM: 1.3443 | CTC: 0.6909
Step 668000/1000000 | Loss: 1.6474 | LR: 1.00e-07 | MLM: 1.4122 | CTC: 0.2352
Step 668100/1000000 | Loss: 1.4568 | LR: 1.00e-07 | MLM: 1.0892 | CTC: 0.3676
Step 668200/1000000 | Loss: 1.1565 | LR: 1.00e-07 | MLM: 0.9338 | CTC: 0.2228
Step 668300/1000000 | Loss: 0.6411 | LR: 1.00e-07 | MLM: 0.4908 | CTC: 0.1503
Step 668400/1000000 | Loss: 1.7977 | LR: 1.00e-07 | MLM: 1.2651 | CTC: 0.5326
Step 668500/1000000 | Loss: 0.6185 | LR: 1.00e-07 | MLM: 0.4589 | CTC: 0.1596
Step 668600/1000000 | Loss: 1.2142 | LR: 1.00e-07 | MLM: 0.8229 | CTC: 0.3913
Step 668700/1000000 | Loss: 2.4716 | LR: 1.00e-07 | MLM: 1.8271 | CTC: 0.6445
Step 668800/1000000 | Loss: 0.8331 | LR: 1.00e-07 | MLM: 0.6102 | CTC: 0.2229
Step 668900/1000000 | Loss: 1.7044 | LR: 1.00e-07 | MLM: 1.3484 | CTC: 0.3560
Step 669000/1000000 | Loss: 1.5165 | LR: 1.00e-07 | MLM: 1.1865 | CTC: 0.3301
Step 669100/1000000 | Loss: 0.8014 | LR: 1.00e-07 | MLM: 0.6542 | CTC: 0.1472
Step 669200/1000000 | Loss: 1.2808 | LR: 1.00e-07 | MLM: 0.9596 | CTC: 0.3212
Step 669300/1000000 | Loss: 1.7885 | LR: 1.00e-07 | MLM: 1.4975 | CTC: 0.2910
Step 669400/1000000 | Loss: 1.2580 | LR: 1.00e-07 | MLM: 0.6949 | CTC: 0.5631
Step 669500/1000000 | Loss: 0.8213 | LR: 1.00e-07 | MLM: 0.6167 | CTC: 0.2046
Step 669600/1000000 | Loss: 1.4337 | LR: 1.00e-07 | MLM: 1.0583 | CTC: 0.3753
Step 669700/1000000 | Loss: 2.2499 | LR: 1.00e-07 | MLM: 1.7847 | CTC: 0.4652
Step 669800/1000000 | Loss: 1.5927 | LR: 1.00e-07 | MLM: 1.1712 | CTC: 0.4214
Step 669900/1000000 | Loss: 0.3556 | LR: 1.00e-07 | MLM: 0.2859 | CTC: 0.0697
Step 670000/1000000 | Loss: 0.9235 | LR: 1.00e-07 | MLM: 0.7188 | CTC: 0.2047
✓ Saved checkpoint to checkpoint_step_670000.t7
Step 670100/1000000 | Loss: 1.6157 | LR: 1.00e-07 | MLM: 1.2336 | CTC: 0.3821
Step 670200/1000000 | Loss: 1.1802 | LR: 1.00e-07 | MLM: 0.8868 | CTC: 0.2933
Step 670300/1000000 | Loss: 1.5970 | LR: 1.00e-07 | MLM: 1.2081 | CTC: 0.3889
Step 670400/1000000 | Loss: 1.1085 | LR: 1.00e-07 | MLM: 0.8586 | CTC: 0.2500
Step 670500/1000000 | Loss: 0.9898 | LR: 1.00e-07 | MLM: 0.7024 | CTC: 0.2874
Step 670600/1000000 | Loss: 1.4701 | LR: 1.00e-07 | MLM: 1.0527 | CTC: 0.4175
Step 670700/1000000 | Loss: 1.3382 | LR: 1.00e-07 | MLM: 0.9176 | CTC: 0.4206
Step 670800/1000000 | Loss: 0.8679 | LR: 1.00e-07 | MLM: 0.7203 | CTC: 0.1476
Step 670900/1000000 | Loss: 1.7966 | LR: 1.00e-07 | MLM: 1.3631 | CTC: 0.4335
Step 671000/1000000 | Loss: 0.8900 | LR: 1.00e-07 | MLM: 0.5817 | CTC: 0.3083
Step 671100/1000000 | Loss: 0.8577 | LR: 1.00e-07 | MLM: 0.6655 | CTC: 0.1921
Step 671200/1000000 | Loss: 0.8623 | LR: 1.00e-07 | MLM: 0.6518 | CTC: 0.2105
Step 671300/1000000 | Loss: 0.9594 | LR: 1.00e-07 | MLM: 0.7274 | CTC: 0.2319
Step 671400/1000000 | Loss: 1.6702 | LR: 1.00e-07 | MLM: 1.2689 | CTC: 0.4013
Step 671500/1000000 | Loss: 0.9030 | LR: 1.00e-07 | MLM: 0.6358 | CTC: 0.2672
Step 671600/1000000 | Loss: 1.5810 | LR: 1.00e-07 | MLM: 1.1712 | CTC: 0.4098
Step 671700/1000000 | Loss: 1.0134 | LR: 1.00e-07 | MLM: 0.7883 | CTC: 0.2251
Step 671800/1000000 | Loss: 0.8775 | LR: 1.00e-07 | MLM: 0.7108 | CTC: 0.1667
Step 671900/1000000 | Loss: 2.0875 | LR: 1.00e-07 | MLM: 1.5629 | CTC: 0.5246
Step 672000/1000000 | Loss: 1.0610 | LR: 1.00e-07 | MLM: 0.7724 | CTC: 0.2886
Step 672100/1000000 | Loss: 1.1022 | LR: 1.00e-07 | MLM: 0.7724 | CTC: 0.3298
Step 672200/1000000 | Loss: 2.5105 | LR: 1.00e-07 | MLM: 1.7036 | CTC: 0.8069
Step 672300/1000000 | Loss: 0.5627 | LR: 1.00e-07 | MLM: 0.4216 | CTC: 0.1411
Step 672400/1000000 | Loss: 1.0322 | LR: 1.00e-07 | MLM: 0.7859 | CTC: 0.2464
Step 672500/1000000 | Loss: 2.0476 | LR: 1.00e-07 | MLM: 1.4671 | CTC: 0.5805
Step 672600/1000000 | Loss: 1.7288 | LR: 1.00e-07 | MLM: 1.2872 | CTC: 0.4416
Step 672700/1000000 | Loss: 1.5581 | LR: 1.00e-07 | MLM: 1.1000 | CTC: 0.4581
Step 672800/1000000 | Loss: 1.0090 | LR: 1.00e-07 | MLM: 0.7305 | CTC: 0.2785
Step 672900/1000000 | Loss: 1.1245 | LR: 1.00e-07 | MLM: 0.8203 | CTC: 0.3041
Step 673000/1000000 | Loss: 0.8552 | LR: 1.00e-07 | MLM: 0.6881 | CTC: 0.1672
Step 673100/1000000 | Loss: 1.1681 | LR: 1.00e-07 | MLM: 0.8446 | CTC: 0.3235
Step 673200/1000000 | Loss: 1.8398 | LR: 1.00e-07 | MLM: 1.4326 | CTC: 0.4071
Step 673300/1000000 | Loss: 1.5405 | LR: 1.00e-07 | MLM: 1.2920 | CTC: 0.2485
Step 673400/1000000 | Loss: 0.8571 | LR: 1.00e-07 | MLM: 0.6550 | CTC: 0.2020
Step 673500/1000000 | Loss: 0.9619 | LR: 1.00e-07 | MLM: 0.6947 | CTC: 0.2672
Step 673600/1000000 | Loss: 1.5254 | LR: 1.00e-07 | MLM: 1.1530 | CTC: 0.3724
Step 673700/1000000 | Loss: 1.2449 | LR: 1.00e-07 | MLM: 0.9098 | CTC: 0.3351
Step 673800/1000000 | Loss: 1.4631 | LR: 1.00e-07 | MLM: 0.9318 | CTC: 0.5312
Step 673900/1000000 | Loss: 1.3804 | LR: 1.00e-07 | MLM: 0.9507 | CTC: 0.4297
Step 674000/1000000 | Loss: 1.5790 | LR: 1.00e-07 | MLM: 1.1571 | CTC: 0.4219
Step 674100/1000000 | Loss: 1.4752 | LR: 1.00e-07 | MLM: 1.0779 | CTC: 0.3972
Step 674200/1000000 | Loss: 2.1067 | LR: 1.00e-07 | MLM: 1.6500 | CTC: 0.4567
Step 674300/1000000 | Loss: 0.1543 | LR: 1.00e-07 | MLM: 0.1092 | CTC: 0.0452
Step 674400/1000000 | Loss: 1.3103 | LR: 1.00e-07 | MLM: 0.9497 | CTC: 0.3606
Step 674500/1000000 | Loss: 1.0395 | LR: 1.00e-07 | MLM: 0.7571 | CTC: 0.2824
Step 674600/1000000 | Loss: 0.1383 | LR: 1.00e-07 | MLM: 0.0841 | CTC: 0.0542
Step 674700/1000000 | Loss: 1.2332 | LR: 1.00e-07 | MLM: 1.0105 | CTC: 0.2227
Step 674800/1000000 | Loss: 1.5203 | LR: 1.00e-07 | MLM: 1.1246 | CTC: 0.3957
Step 674900/1000000 | Loss: 1.7421 | LR: 1.00e-07 | MLM: 1.3573 | CTC: 0.3848
Step 675000/1000000 | Loss: 1.1453 | LR: 1.00e-07 | MLM: 0.7870 | CTC: 0.3583
✓ Saved checkpoint to checkpoint_step_675000.t7
Step 675100/1000000 | Loss: 0.4817 | LR: 1.00e-07 | MLM: 0.3266 | CTC: 0.1551
Step 675200/1000000 | Loss: 1.9359 | LR: 1.00e-07 | MLM: 1.4469 | CTC: 0.4891
Step 675300/1000000 | Loss: 0.9818 | LR: 1.00e-07 | MLM: 0.7423 | CTC: 0.2395
Step 675400/1000000 | Loss: 1.5565 | LR: 1.00e-07 | MLM: 1.1643 | CTC: 0.3923
Step 675500/1000000 | Loss: 0.6771 | LR: 1.00e-07 | MLM: 0.5295 | CTC: 0.1476
Step 675600/1000000 | Loss: 2.0472 | LR: 1.00e-07 | MLM: 1.4333 | CTC: 0.6138
Step 675700/1000000 | Loss: 2.0213 | LR: 1.00e-07 | MLM: 1.4860 | CTC: 0.5352
Step 675800/1000000 | Loss: 1.7341 | LR: 1.00e-07 | MLM: 1.2811 | CTC: 0.4531
Step 675900/1000000 | Loss: 1.3914 | LR: 1.00e-07 | MLM: 1.0093 | CTC: 0.3821
Step 676000/1000000 | Loss: 0.7316 | LR: 1.00e-07 | MLM: 0.5902 | CTC: 0.1414
Step 676100/1000000 | Loss: 1.2356 | LR: 1.00e-07 | MLM: 0.9946 | CTC: 0.2410
Step 676200/1000000 | Loss: 1.8445 | LR: 1.00e-07 | MLM: 1.4087 | CTC: 0.4358
Step 676300/1000000 | Loss: 2.0362 | LR: 1.00e-07 | MLM: 1.4732 | CTC: 0.5630
Step 676400/1000000 | Loss: 1.1564 | LR: 1.00e-07 | MLM: 0.7446 | CTC: 0.4118
Step 676500/1000000 | Loss: 0.6261 | LR: 1.00e-07 | MLM: 0.5135 | CTC: 0.1125
Step 676600/1000000 | Loss: 1.7182 | LR: 1.00e-07 | MLM: 1.2873 | CTC: 0.4309
Step 676700/1000000 | Loss: 1.6350 | LR: 1.00e-07 | MLM: 1.1641 | CTC: 0.4708
Step 676800/1000000 | Loss: 1.3387 | LR: 1.00e-07 | MLM: 0.9612 | CTC: 0.3774
Step 676900/1000000 | Loss: 0.7185 | LR: 1.00e-07 | MLM: 0.5574 | CTC: 0.1610
Step 677000/1000000 | Loss: 1.1687 | LR: 1.00e-07 | MLM: 0.9312 | CTC: 0.2375
Step 677100/1000000 | Loss: 1.2271 | LR: 1.00e-07 | MLM: 0.9263 | CTC: 0.3009
Step 677200/1000000 | Loss: 1.1179 | LR: 1.00e-07 | MLM: 0.8016 | CTC: 0.3163
Step 677300/1000000 | Loss: 1.2014 | LR: 1.00e-07 | MLM: 0.9096 | CTC: 0.2919
Step 677400/1000000 | Loss: 0.4714 | LR: 1.00e-07 | MLM: 0.3606 | CTC: 0.1108
Step 677500/1000000 | Loss: 0.8165 | LR: 1.00e-07 | MLM: 0.6489 | CTC: 0.1676
Step 677600/1000000 | Loss: 0.9176 | LR: 1.00e-07 | MLM: 0.6961 | CTC: 0.2215
Step 677700/1000000 | Loss: 2.0373 | LR: 1.00e-07 | MLM: 1.4534 | CTC: 0.5839
Step 677800/1000000 | Loss: 0.9632 | LR: 1.00e-07 | MLM: 0.7551 | CTC: 0.2081
Step 677900/1000000 | Loss: 1.4470 | LR: 1.00e-07 | MLM: 1.1423 | CTC: 0.3047
Step 678000/1000000 | Loss: 0.4604 | LR: 1.00e-07 | MLM: 0.3633 | CTC: 0.0970
Step 678100/1000000 | Loss: 2.1930 | LR: 1.00e-07 | MLM: 1.6721 | CTC: 0.5209
Step 678200/1000000 | Loss: 0.9761 | LR: 1.00e-07 | MLM: 0.7180 | CTC: 0.2581
Step 678300/1000000 | Loss: 0.5624 | LR: 1.00e-07 | MLM: 0.3750 | CTC: 0.1874
Step 678400/1000000 | Loss: 1.3565 | LR: 1.00e-07 | MLM: 1.0312 | CTC: 0.3253
Step 678500/1000000 | Loss: 1.2021 | LR: 1.00e-07 | MLM: 0.8677 | CTC: 0.3344
Step 678600/1000000 | Loss: 2.0685 | LR: 1.00e-07 | MLM: 1.4436 | CTC: 0.6249
Step 678700/1000000 | Loss: 1.6354 | LR: 1.00e-07 | MLM: 1.3243 | CTC: 0.3112
Step 678800/1000000 | Loss: 1.6079 | LR: 1.00e-07 | MLM: 1.2448 | CTC: 0.3632
Step 678900/1000000 | Loss: 0.7710 | LR: 1.00e-07 | MLM: 0.5190 | CTC: 0.2521
Step 679000/1000000 | Loss: 1.3171 | LR: 1.00e-07 | MLM: 0.9407 | CTC: 0.3763
Step 679100/1000000 | Loss: 1.1753 | LR: 1.00e-07 | MLM: 0.8530 | CTC: 0.3223
Step 679200/1000000 | Loss: 0.8507 | LR: 1.00e-07 | MLM: 0.6352 | CTC: 0.2155
Step 679300/1000000 | Loss: 0.8691 | LR: 1.00e-07 | MLM: 0.7318 | CTC: 0.1373
Step 679400/1000000 | Loss: 0.3034 | LR: 1.00e-07 | MLM: 0.2180 | CTC: 0.0854
Step 679500/1000000 | Loss: 1.4722 | LR: 1.00e-07 | MLM: 1.0413 | CTC: 0.4309
Step 679600/1000000 | Loss: 1.2395 | LR: 1.00e-07 | MLM: 0.9649 | CTC: 0.2746
Step 679700/1000000 | Loss: 0.8458 | LR: 1.00e-07 | MLM: 0.6153 | CTC: 0.2305
Step 679800/1000000 | Loss: 0.9480 | LR: 1.00e-07 | MLM: 0.6888 | CTC: 0.2592
Step 679900/1000000 | Loss: 0.3936 | LR: 1.00e-07 | MLM: 0.2465 | CTC: 0.1471
Step 680000/1000000 | Loss: 1.8670 | LR: 1.00e-07 | MLM: 1.2324 | CTC: 0.6347
✓ Saved checkpoint to checkpoint_step_680000.t7
Step 680100/1000000 | Loss: 2.4185 | LR: 1.00e-07 | MLM: 1.8404 | CTC: 0.5781
Step 680200/1000000 | Loss: 0.8204 | LR: 1.00e-07 | MLM: 0.5953 | CTC: 0.2251
Step 680300/1000000 | Loss: 0.8763 | LR: 1.00e-07 | MLM: 0.6553 | CTC: 0.2209
Step 680400/1000000 | Loss: 2.0850 | LR: 1.00e-07 | MLM: 1.5546 | CTC: 0.5304
Step 680500/1000000 | Loss: 0.8293 | LR: 1.00e-07 | MLM: 0.6804 | CTC: 0.1489
Step 680600/1000000 | Loss: 1.8051 | LR: 1.00e-07 | MLM: 1.2943 | CTC: 0.5108
Step 680700/1000000 | Loss: 1.0788 | LR: 1.00e-07 | MLM: 0.8520 | CTC: 0.2267
Step 680800/1000000 | Loss: 0.8796 | LR: 1.00e-07 | MLM: 0.6723 | CTC: 0.2073
Step 680900/1000000 | Loss: 0.8747 | LR: 1.00e-07 | MLM: 0.6018 | CTC: 0.2729
Step 681000/1000000 | Loss: 0.6608 | LR: 1.00e-07 | MLM: 0.5178 | CTC: 0.1430
Step 681100/1000000 | Loss: 0.5596 | LR: 1.00e-07 | MLM: 0.3788 | CTC: 0.1809
Step 681200/1000000 | Loss: 0.1054 | LR: 1.00e-07 | MLM: 0.0644 | CTC: 0.0410
Step 681300/1000000 | Loss: 1.1424 | LR: 1.00e-07 | MLM: 0.6683 | CTC: 0.4741
Step 681400/1000000 | Loss: 1.4680 | LR: 1.00e-07 | MLM: 1.1192 | CTC: 0.3488
Step 681500/1000000 | Loss: 1.3734 | LR: 1.00e-07 | MLM: 1.0535 | CTC: 0.3200
Step 681600/1000000 | Loss: 1.3524 | LR: 1.00e-07 | MLM: 1.1891 | CTC: 0.1633
Step 681700/1000000 | Loss: 0.8613 | LR: 1.00e-07 | MLM: 0.6725 | CTC: 0.1888
Step 681800/1000000 | Loss: 0.3817 | LR: 1.00e-07 | MLM: 0.2895 | CTC: 0.0921
Step 681900/1000000 | Loss: 0.7247 | LR: 1.00e-07 | MLM: 0.4445 | CTC: 0.2802
Step 682000/1000000 | Loss: 1.3547 | LR: 1.00e-07 | MLM: 1.0665 | CTC: 0.2881
Step 682100/1000000 | Loss: 2.1910 | LR: 1.00e-07 | MLM: 1.6157 | CTC: 0.5753
Step 682200/1000000 | Loss: 1.3556 | LR: 1.00e-07 | MLM: 1.0551 | CTC: 0.3005
Step 682300/1000000 | Loss: 1.4046 | LR: 1.00e-07 | MLM: 1.0242 | CTC: 0.3803
Step 682400/1000000 | Loss: 1.9628 | LR: 1.00e-07 | MLM: 1.4876 | CTC: 0.4751
Step 682500/1000000 | Loss: 1.4698 | LR: 1.00e-07 | MLM: 1.1564 | CTC: 0.3134
Step 682600/1000000 | Loss: 0.9546 | LR: 1.00e-07 | MLM: 0.7013 | CTC: 0.2533
Step 682700/1000000 | Loss: 0.7285 | LR: 1.00e-07 | MLM: 0.5093 | CTC: 0.2192
Step 682800/1000000 | Loss: 1.2692 | LR: 1.00e-07 | MLM: 0.9360 | CTC: 0.3332
Step 682900/1000000 | Loss: 1.3281 | LR: 1.00e-07 | MLM: 0.9405 | CTC: 0.3876
Step 683000/1000000 | Loss: 1.4172 | LR: 1.00e-07 | MLM: 1.1306 | CTC: 0.2865
Step 683100/1000000 | Loss: 0.9312 | LR: 1.00e-07 | MLM: 0.7227 | CTC: 0.2085
Step 683200/1000000 | Loss: 1.8141 | LR: 1.00e-07 | MLM: 1.3280 | CTC: 0.4861
Step 683300/1000000 | Loss: 1.2780 | LR: 1.00e-07 | MLM: 0.9412 | CTC: 0.3368
Step 683400/1000000 | Loss: 0.5315 | LR: 1.00e-07 | MLM: 0.3985 | CTC: 0.1330
Step 683500/1000000 | Loss: 0.5595 | LR: 1.00e-07 | MLM: 0.4076 | CTC: 0.1519
Step 683600/1000000 | Loss: 1.6039 | LR: 1.00e-07 | MLM: 1.3287 | CTC: 0.2752
Step 683700/1000000 | Loss: 2.0834 | LR: 1.00e-07 | MLM: 1.6510 | CTC: 0.4325
Step 683800/1000000 | Loss: 1.5669 | LR: 1.00e-07 | MLM: 1.1812 | CTC: 0.3857
Step 683900/1000000 | Loss: 0.6642 | LR: 1.00e-07 | MLM: 0.4797 | CTC: 0.1845
Step 684000/1000000 | Loss: 0.7303 | LR: 1.00e-07 | MLM: 0.5411 | CTC: 0.1892
Step 684100/1000000 | Loss: 1.9666 | LR: 1.00e-07 | MLM: 1.4132 | CTC: 0.5534
Step 684200/1000000 | Loss: 0.8718 | LR: 1.00e-07 | MLM: 0.6942 | CTC: 0.1775
Step 684300/1000000 | Loss: 1.4410 | LR: 1.00e-07 | MLM: 1.0803 | CTC: 0.3607
Step 684400/1000000 | Loss: 0.6020 | LR: 1.00e-07 | MLM: 0.4448 | CTC: 0.1572
Step 684500/1000000 | Loss: 0.9504 | LR: 1.00e-07 | MLM: 0.7064 | CTC: 0.2440
Step 684600/1000000 | Loss: 0.8731 | LR: 1.00e-07 | MLM: 0.6789 | CTC: 0.1941
Step 684700/1000000 | Loss: 1.6901 | LR: 1.00e-07 | MLM: 1.3646 | CTC: 0.3256
Step 684800/1000000 | Loss: 1.2099 | LR: 1.00e-07 | MLM: 0.9651 | CTC: 0.2448
Step 684900/1000000 | Loss: 1.6034 | LR: 1.00e-07 | MLM: 1.1377 | CTC: 0.4658
Step 685000/1000000 | Loss: 1.7458 | LR: 1.00e-07 | MLM: 1.3400 | CTC: 0.4058
✓ Saved checkpoint to checkpoint_step_685000.t7
Step 685100/1000000 | Loss: 0.6868 | LR: 1.00e-07 | MLM: 0.5089 | CTC: 0.1779
Step 685200/1000000 | Loss: 1.4625 | LR: 1.00e-07 | MLM: 1.1679 | CTC: 0.2946
Step 685300/1000000 | Loss: 0.9716 | LR: 1.00e-07 | MLM: 0.7478 | CTC: 0.2239
Step 685400/1000000 | Loss: 1.3438 | LR: 1.00e-07 | MLM: 1.1101 | CTC: 0.2336
Step 685500/1000000 | Loss: 1.7086 | LR: 1.00e-07 | MLM: 1.2622 | CTC: 0.4464
Step 685600/1000000 | Loss: 0.7408 | LR: 1.00e-07 | MLM: 0.5247 | CTC: 0.2161
Step 685700/1000000 | Loss: 1.1726 | LR: 1.00e-07 | MLM: 0.8395 | CTC: 0.3330
Step 685800/1000000 | Loss: 0.9461 | LR: 1.00e-07 | MLM: 0.7104 | CTC: 0.2357
Step 685900/1000000 | Loss: 2.6810 | LR: 1.00e-07 | MLM: 1.9179 | CTC: 0.7631
Step 686000/1000000 | Loss: 1.8960 | LR: 1.00e-07 | MLM: 1.3872 | CTC: 0.5088
Step 686100/1000000 | Loss: 1.4205 | LR: 1.00e-07 | MLM: 0.9959 | CTC: 0.4246
Step 686200/1000000 | Loss: 0.7556 | LR: 1.00e-07 | MLM: 0.6103 | CTC: 0.1453
Step 686300/1000000 | Loss: 1.4168 | LR: 1.00e-07 | MLM: 1.0154 | CTC: 0.4013
Step 686400/1000000 | Loss: 1.7720 | LR: 1.00e-07 | MLM: 1.2622 | CTC: 0.5097
Step 686500/1000000 | Loss: 1.1411 | LR: 1.00e-07 | MLM: 0.9760 | CTC: 0.1651
Step 686600/1000000 | Loss: 1.4371 | LR: 1.00e-07 | MLM: 1.1012 | CTC: 0.3360
Step 686700/1000000 | Loss: 1.4225 | LR: 1.00e-07 | MLM: 1.0837 | CTC: 0.3388
Step 686800/1000000 | Loss: 0.6641 | LR: 1.00e-07 | MLM: 0.5048 | CTC: 0.1593
Step 686900/1000000 | Loss: 1.3143 | LR: 1.00e-07 | MLM: 1.0359 | CTC: 0.2784
Step 687000/1000000 | Loss: 0.5108 | LR: 1.00e-07 | MLM: 0.3615 | CTC: 0.1493
Step 687100/1000000 | Loss: 1.0408 | LR: 1.00e-07 | MLM: 0.7771 | CTC: 0.2637
Step 687200/1000000 | Loss: 1.3795 | LR: 1.00e-07 | MLM: 1.0555 | CTC: 0.3240
Step 687300/1000000 | Loss: 1.2648 | LR: 1.00e-07 | MLM: 0.9217 | CTC: 0.3431
Step 687400/1000000 | Loss: 1.4595 | LR: 1.00e-07 | MLM: 1.1811 | CTC: 0.2784
Step 687500/1000000 | Loss: 1.1070 | LR: 1.00e-07 | MLM: 0.8046 | CTC: 0.3024
Step 687600/1000000 | Loss: 1.4027 | LR: 1.00e-07 | MLM: 1.0352 | CTC: 0.3675
Step 687700/1000000 | Loss: 1.5476 | LR: 1.00e-07 | MLM: 1.2058 | CTC: 0.3418
Step 687800/1000000 | Loss: 1.2342 | LR: 1.00e-07 | MLM: 0.8945 | CTC: 0.3397
Step 687900/1000000 | Loss: 1.3358 | LR: 1.00e-07 | MLM: 0.9664 | CTC: 0.3694
Step 688000/1000000 | Loss: 1.5948 | LR: 1.00e-07 | MLM: 1.2105 | CTC: 0.3843
Step 688100/1000000 | Loss: 0.8433 | LR: 1.00e-07 | MLM: 0.6326 | CTC: 0.2107
Step 688200/1000000 | Loss: 0.8894 | LR: 1.00e-07 | MLM: 0.7075 | CTC: 0.1818
Step 688300/1000000 | Loss: 1.1321 | LR: 1.00e-07 | MLM: 0.8492 | CTC: 0.2829
Step 688400/1000000 | Loss: 1.4927 | LR: 1.00e-07 | MLM: 1.2422 | CTC: 0.2505
Step 688500/1000000 | Loss: 1.5831 | LR: 1.00e-07 | MLM: 1.2005 | CTC: 0.3826
Step 688600/1000000 | Loss: 1.0624 | LR: 1.00e-07 | MLM: 0.7202 | CTC: 0.3422
Step 688700/1000000 | Loss: 1.2824 | LR: 1.00e-07 | MLM: 0.9748 | CTC: 0.3077
Step 688800/1000000 | Loss: 1.0595 | LR: 1.00e-07 | MLM: 0.7289 | CTC: 0.3306
Step 688900/1000000 | Loss: 1.3014 | LR: 1.00e-07 | MLM: 0.9681 | CTC: 0.3333
Step 689000/1000000 | Loss: 1.7961 | LR: 1.00e-07 | MLM: 1.3914 | CTC: 0.4046
Step 689100/1000000 | Loss: 1.6537 | LR: 1.00e-07 | MLM: 1.2713 | CTC: 0.3825
Step 689200/1000000 | Loss: 1.2207 | LR: 1.00e-07 | MLM: 0.8448 | CTC: 0.3759
Step 689300/1000000 | Loss: 1.2860 | LR: 1.00e-07 | MLM: 1.0212 | CTC: 0.2649
Step 689400/1000000 | Loss: 0.5215 | LR: 1.00e-07 | MLM: 0.3294 | CTC: 0.1920
Step 689500/1000000 | Loss: 1.5637 | LR: 1.00e-07 | MLM: 1.2559 | CTC: 0.3078
Step 689600/1000000 | Loss: 0.7479 | LR: 1.00e-07 | MLM: 0.5129 | CTC: 0.2351
Step 689700/1000000 | Loss: 1.5294 | LR: 1.00e-07 | MLM: 1.1602 | CTC: 0.3692
Step 689800/1000000 | Loss: 1.5311 | LR: 1.00e-07 | MLM: 1.1202 | CTC: 0.4109
Step 689900/1000000 | Loss: 1.2794 | LR: 1.00e-07 | MLM: 1.0428 | CTC: 0.2366
Step 690000/1000000 | Loss: 1.1484 | LR: 1.00e-07 | MLM: 0.7991 | CTC: 0.3493
✓ Saved checkpoint to checkpoint_step_690000.t7
Step 690100/1000000 | Loss: 1.8395 | LR: 1.00e-07 | MLM: 1.3570 | CTC: 0.4825
Step 690200/1000000 | Loss: 1.0715 | LR: 1.00e-07 | MLM: 0.8330 | CTC: 0.2385
Step 690300/1000000 | Loss: 0.1995 | LR: 1.00e-07 | MLM: 0.1346 | CTC: 0.0649
Step 690400/1000000 | Loss: 1.1013 | LR: 1.00e-07 | MLM: 0.8086 | CTC: 0.2927
Step 690500/1000000 | Loss: 0.8612 | LR: 1.00e-07 | MLM: 0.6071 | CTC: 0.2542
Step 690600/1000000 | Loss: 1.7775 | LR: 1.00e-07 | MLM: 1.2756 | CTC: 0.5019
Step 690700/1000000 | Loss: 1.7991 | LR: 1.00e-07 | MLM: 1.4073 | CTC: 0.3917
Step 690800/1000000 | Loss: 0.9089 | LR: 1.00e-07 | MLM: 0.6729 | CTC: 0.2360
Step 690900/1000000 | Loss: 2.0977 | LR: 1.00e-07 | MLM: 1.5643 | CTC: 0.5334
Step 691000/1000000 | Loss: 0.6183 | LR: 1.00e-07 | MLM: 0.4743 | CTC: 0.1440
Step 691100/1000000 | Loss: 1.3735 | LR: 1.00e-07 | MLM: 1.0382 | CTC: 0.3352
Step 691200/1000000 | Loss: 1.3959 | LR: 1.00e-07 | MLM: 1.0746 | CTC: 0.3213
Step 691300/1000000 | Loss: 1.5177 | LR: 1.00e-07 | MLM: 1.1830 | CTC: 0.3347
Step 691400/1000000 | Loss: 0.9645 | LR: 1.00e-07 | MLM: 0.6978 | CTC: 0.2667
Step 691500/1000000 | Loss: 1.0332 | LR: 1.00e-07 | MLM: 0.7787 | CTC: 0.2545
Step 691600/1000000 | Loss: 0.9313 | LR: 1.00e-07 | MLM: 0.4980 | CTC: 0.4333
Step 691700/1000000 | Loss: 1.6794 | LR: 1.00e-07 | MLM: 1.2788 | CTC: 0.4006
Step 691800/1000000 | Loss: 1.2716 | LR: 1.00e-07 | MLM: 0.9808 | CTC: 0.2908
Step 691900/1000000 | Loss: 0.7192 | LR: 1.00e-07 | MLM: 0.5861 | CTC: 0.1331
Step 692000/1000000 | Loss: 1.7787 | LR: 1.00e-07 | MLM: 1.3198 | CTC: 0.4589
Step 692100/1000000 | Loss: 1.3480 | LR: 1.00e-07 | MLM: 0.9781 | CTC: 0.3699
Step 692200/1000000 | Loss: 1.3157 | LR: 1.00e-07 | MLM: 1.0264 | CTC: 0.2893
Step 692300/1000000 | Loss: 1.3366 | LR: 1.00e-07 | MLM: 1.0745 | CTC: 0.2620
Step 692400/1000000 | Loss: 1.4400 | LR: 1.00e-07 | MLM: 1.0149 | CTC: 0.4251
Step 692500/1000000 | Loss: 0.8135 | LR: 1.00e-07 | MLM: 0.6074 | CTC: 0.2061
Step 692600/1000000 | Loss: 0.8555 | LR: 1.00e-07 | MLM: 0.5528 | CTC: 0.3027
Step 692700/1000000 | Loss: 1.1064 | LR: 1.00e-07 | MLM: 0.8230 | CTC: 0.2834
Step 692800/1000000 | Loss: 1.1626 | LR: 1.00e-07 | MLM: 0.9347 | CTC: 0.2279
Step 692900/1000000 | Loss: 1.5611 | LR: 1.00e-07 | MLM: 1.1784 | CTC: 0.3828
Step 693000/1000000 | Loss: 1.4261 | LR: 1.00e-07 | MLM: 1.0359 | CTC: 0.3901
Step 693100/1000000 | Loss: 1.3603 | LR: 1.00e-07 | MLM: 1.0321 | CTC: 0.3282
Step 693200/1000000 | Loss: 1.7700 | LR: 1.00e-07 | MLM: 1.3275 | CTC: 0.4426
Step 693300/1000000 | Loss: 1.6533 | LR: 1.00e-07 | MLM: 1.2402 | CTC: 0.4131
Step 693400/1000000 | Loss: 0.3333 | LR: 1.00e-07 | MLM: 0.1771 | CTC: 0.1562
Step 693500/1000000 | Loss: 2.1052 | LR: 1.00e-07 | MLM: 1.5413 | CTC: 0.5639
Step 693600/1000000 | Loss: 1.5267 | LR: 1.00e-07 | MLM: 1.1706 | CTC: 0.3561
Step 693700/1000000 | Loss: 0.5119 | LR: 1.00e-07 | MLM: 0.3668 | CTC: 0.1451
Step 693800/1000000 | Loss: 1.4253 | LR: 1.00e-07 | MLM: 1.0922 | CTC: 0.3331
Step 693900/1000000 | Loss: 1.2120 | LR: 1.00e-07 | MLM: 0.8942 | CTC: 0.3179
Step 694000/1000000 | Loss: 1.2119 | LR: 1.00e-07 | MLM: 0.9394 | CTC: 0.2725
Step 694100/1000000 | Loss: 1.7868 | LR: 1.00e-07 | MLM: 1.4692 | CTC: 0.3176
Step 694200/1000000 | Loss: 1.4343 | LR: 1.00e-07 | MLM: 1.1089 | CTC: 0.3255
Step 694300/1000000 | Loss: 1.2264 | LR: 1.00e-07 | MLM: 0.8235 | CTC: 0.4030
Step 694400/1000000 | Loss: 1.5140 | LR: 1.00e-07 | MLM: 1.1880 | CTC: 0.3260
Step 694500/1000000 | Loss: 0.7742 | LR: 1.00e-07 | MLM: 0.6301 | CTC: 0.1441
Step 694600/1000000 | Loss: 0.7658 | LR: 1.00e-07 | MLM: 0.5695 | CTC: 0.1962
Step 694700/1000000 | Loss: 1.6869 | LR: 1.00e-07 | MLM: 1.3211 | CTC: 0.3658
Step 694800/1000000 | Loss: 0.6229 | LR: 1.00e-07 | MLM: 0.3177 | CTC: 0.3052
Step 694900/1000000 | Loss: 0.8886 | LR: 1.00e-07 | MLM: 0.6624 | CTC: 0.2262
Step 695000/1000000 | Loss: 0.8683 | LR: 1.00e-07 | MLM: 0.6055 | CTC: 0.2628
✓ Saved checkpoint to checkpoint_step_695000.t7
Step 695100/1000000 | Loss: 1.2472 | LR: 1.00e-07 | MLM: 0.9786 | CTC: 0.2686
Step 695200/1000000 | Loss: 0.8223 | LR: 1.00e-07 | MLM: 0.6732 | CTC: 0.1490
Step 695300/1000000 | Loss: 1.6712 | LR: 1.00e-07 | MLM: 1.3868 | CTC: 0.2844
Step 695400/1000000 | Loss: 1.5346 | LR: 1.00e-07 | MLM: 1.2515 | CTC: 0.2831
Step 695500/1000000 | Loss: 1.2246 | LR: 1.00e-07 | MLM: 0.8215 | CTC: 0.4031
Step 695600/1000000 | Loss: 1.7486 | LR: 1.00e-07 | MLM: 1.1690 | CTC: 0.5797
Step 695700/1000000 | Loss: 1.2297 | LR: 1.00e-07 | MLM: 0.9493 | CTC: 0.2804
Step 695800/1000000 | Loss: 0.5971 | LR: 1.00e-07 | MLM: 0.4338 | CTC: 0.1633
Step 695900/1000000 | Loss: 1.0667 | LR: 1.00e-07 | MLM: 0.7464 | CTC: 0.3203
Step 696000/1000000 | Loss: 1.9026 | LR: 1.00e-07 | MLM: 1.3797 | CTC: 0.5229
Step 696100/1000000 | Loss: 1.2961 | LR: 1.00e-07 | MLM: 0.7750 | CTC: 0.5211
Step 696200/1000000 | Loss: 1.0062 | LR: 1.00e-07 | MLM: 0.7221 | CTC: 0.2841
Step 696300/1000000 | Loss: 1.4923 | LR: 1.00e-07 | MLM: 1.0761 | CTC: 0.4162
Step 696400/1000000 | Loss: 1.3343 | LR: 1.00e-07 | MLM: 1.1056 | CTC: 0.2287
Step 696500/1000000 | Loss: 1.4968 | LR: 1.00e-07 | MLM: 1.1992 | CTC: 0.2976
Step 696600/1000000 | Loss: 1.2662 | LR: 1.00e-07 | MLM: 0.9119 | CTC: 0.3543
Step 696700/1000000 | Loss: 0.9516 | LR: 1.00e-07 | MLM: 0.7648 | CTC: 0.1867
Step 696800/1000000 | Loss: 1.0538 | LR: 1.00e-07 | MLM: 0.8300 | CTC: 0.2238
Step 696900/1000000 | Loss: 1.4148 | LR: 1.00e-07 | MLM: 1.0729 | CTC: 0.3419
Step 697000/1000000 | Loss: 0.9386 | LR: 1.00e-07 | MLM: 0.6750 | CTC: 0.2636
Step 697100/1000000 | Loss: 0.8472 | LR: 1.00e-07 | MLM: 0.5848 | CTC: 0.2624
Step 697200/1000000 | Loss: 0.7283 | LR: 1.00e-07 | MLM: 0.5553 | CTC: 0.1730
Step 697300/1000000 | Loss: 1.0426 | LR: 1.00e-07 | MLM: 0.7434 | CTC: 0.2991
Step 697400/1000000 | Loss: 1.2040 | LR: 1.00e-07 | MLM: 0.8882 | CTC: 0.3158
Step 697500/1000000 | Loss: 0.9140 | LR: 1.00e-07 | MLM: 0.7472 | CTC: 0.1668
Step 697600/1000000 | Loss: 1.1281 | LR: 1.00e-07 | MLM: 0.8749 | CTC: 0.2532
Step 697700/1000000 | Loss: 0.7973 | LR: 1.00e-07 | MLM: 0.5684 | CTC: 0.2288
Step 697800/1000000 | Loss: 1.0294 | LR: 1.00e-07 | MLM: 0.7208 | CTC: 0.3087
Step 697900/1000000 | Loss: 0.7417 | LR: 1.00e-07 | MLM: 0.5849 | CTC: 0.1568
Step 698000/1000000 | Loss: 1.2921 | LR: 1.00e-07 | MLM: 0.9971 | CTC: 0.2950
Step 698100/1000000 | Loss: 1.7259 | LR: 1.00e-07 | MLM: 1.4307 | CTC: 0.2951
Step 698200/1000000 | Loss: 0.5666 | LR: 1.00e-07 | MLM: 0.4734 | CTC: 0.0932
Step 698300/1000000 | Loss: 1.4695 | LR: 1.00e-07 | MLM: 1.2279 | CTC: 0.2416
Step 698400/1000000 | Loss: 1.2412 | LR: 1.00e-07 | MLM: 0.9780 | CTC: 0.2633
Step 698500/1000000 | Loss: 1.2363 | LR: 1.00e-07 | MLM: 0.8455 | CTC: 0.3908
Step 698600/1000000 | Loss: 1.4129 | LR: 1.00e-07 | MLM: 1.0515 | CTC: 0.3614
Step 698700/1000000 | Loss: 2.3091 | LR: 1.00e-07 | MLM: 1.5701 | CTC: 0.7389
Step 698800/1000000 | Loss: 1.9398 | LR: 1.00e-07 | MLM: 1.3726 | CTC: 0.5672
Step 698900/1000000 | Loss: 0.8965 | LR: 1.00e-07 | MLM: 0.6361 | CTC: 0.2604
Step 699000/1000000 | Loss: 1.0667 | LR: 1.00e-07 | MLM: 0.8492 | CTC: 0.2175
Step 699100/1000000 | Loss: 0.5241 | LR: 1.00e-07 | MLM: 0.3794 | CTC: 0.1447
Step 699200/1000000 | Loss: 0.2553 | LR: 1.00e-07 | MLM: 0.1562 | CTC: 0.0991
Step 699300/1000000 | Loss: 0.9784 | LR: 1.00e-07 | MLM: 0.6833 | CTC: 0.2951
Step 699400/1000000 | Loss: 0.6655 | LR: 1.00e-07 | MLM: 0.4796 | CTC: 0.1859
Step 699500/1000000 | Loss: 1.5529 | LR: 1.00e-07 | MLM: 1.1424 | CTC: 0.4105
Step 699600/1000000 | Loss: 1.1714 | LR: 1.00e-07 | MLM: 0.8672 | CTC: 0.3042
Step 699700/1000000 | Loss: 1.6174 | LR: 1.00e-07 | MLM: 1.1881 | CTC: 0.4293
Step 699800/1000000 | Loss: 1.8470 | LR: 1.00e-07 | MLM: 1.3529 | CTC: 0.4940
Step 699900/1000000 | Loss: 1.2960 | LR: 1.00e-07 | MLM: 0.9999 | CTC: 0.2961
Step 700000/1000000 | Loss: 1.1759 | LR: 1.00e-07 | MLM: 0.8803 | CTC: 0.2956
✓ Saved checkpoint to checkpoint_step_700000.t7
Step 700100/1000000 | Loss: 1.5489 | LR: 1.00e-07 | MLM: 1.1655 | CTC: 0.3834
Step 700200/1000000 | Loss: 1.1554 | LR: 1.00e-07 | MLM: 0.8555 | CTC: 0.2999
Step 700300/1000000 | Loss: 1.2630 | LR: 1.00e-07 | MLM: 0.9832 | CTC: 0.2798
Step 700400/1000000 | Loss: 1.1483 | LR: 1.00e-07 | MLM: 0.8638 | CTC: 0.2845
Step 700500/1000000 | Loss: 1.3563 | LR: 1.00e-07 | MLM: 1.0995 | CTC: 0.2567
Step 700600/1000000 | Loss: 0.6594 | LR: 1.00e-07 | MLM: 0.4847 | CTC: 0.1747
Step 700700/1000000 | Loss: 0.1082 | LR: 1.00e-07 | MLM: 0.0342 | CTC: 0.0740
Step 700800/1000000 | Loss: 1.6036 | LR: 1.00e-07 | MLM: 1.2546 | CTC: 0.3490
Step 700900/1000000 | Loss: 1.0053 | LR: 1.00e-07 | MLM: 0.7816 | CTC: 0.2237
Step 701000/1000000 | Loss: 1.0670 | LR: 1.00e-07 | MLM: 0.8055 | CTC: 0.2616
Step 701100/1000000 | Loss: 1.1865 | LR: 1.00e-07 | MLM: 0.9451 | CTC: 0.2414
Step 701200/1000000 | Loss: 1.3289 | LR: 1.00e-07 | MLM: 0.9730 | CTC: 0.3559
Step 701300/1000000 | Loss: 1.2846 | LR: 1.00e-07 | MLM: 0.9098 | CTC: 0.3748
Step 701400/1000000 | Loss: 0.6119 | LR: 1.00e-07 | MLM: 0.4485 | CTC: 0.1634
Step 701500/1000000 | Loss: 0.6763 | LR: 1.00e-07 | MLM: 0.5308 | CTC: 0.1456
Step 701600/1000000 | Loss: 1.6234 | LR: 1.00e-07 | MLM: 1.1885 | CTC: 0.4350
Step 701700/1000000 | Loss: 0.8875 | LR: 1.00e-07 | MLM: 0.6543 | CTC: 0.2332
Step 701800/1000000 | Loss: 2.2617 | LR: 1.00e-07 | MLM: 1.4875 | CTC: 0.7742
Step 701900/1000000 | Loss: 1.4296 | LR: 1.00e-07 | MLM: 1.0895 | CTC: 0.3401
Step 702000/1000000 | Loss: 0.7428 | LR: 1.00e-07 | MLM: 0.5709 | CTC: 0.1719
Step 702100/1000000 | Loss: 1.2110 | LR: 1.00e-07 | MLM: 0.8883 | CTC: 0.3227
Step 702200/1000000 | Loss: 0.6490 | LR: 1.00e-07 | MLM: 0.4946 | CTC: 0.1544
Step 702300/1000000 | Loss: 1.4049 | LR: 1.00e-07 | MLM: 1.0508 | CTC: 0.3541
Step 702400/1000000 | Loss: 0.4807 | LR: 1.00e-07 | MLM: 0.3387 | CTC: 0.1420
Step 702500/1000000 | Loss: 0.4200 | LR: 1.00e-07 | MLM: 0.3020 | CTC: 0.1180
Step 702600/1000000 | Loss: 1.4128 | LR: 1.00e-07 | MLM: 1.0877 | CTC: 0.3251
Step 702700/1000000 | Loss: 2.3409 | LR: 1.00e-07 | MLM: 1.7466 | CTC: 0.5942
Step 702800/1000000 | Loss: 2.0781 | LR: 1.00e-07 | MLM: 1.6223 | CTC: 0.4558
Step 702900/1000000 | Loss: 2.4204 | LR: 1.00e-07 | MLM: 1.7775 | CTC: 0.6429
Step 703000/1000000 | Loss: 1.2650 | LR: 1.00e-07 | MLM: 0.8951 | CTC: 0.3699
Step 703100/1000000 | Loss: 2.0015 | LR: 1.00e-07 | MLM: 1.4296 | CTC: 0.5718
Step 703200/1000000 | Loss: 0.7131 | LR: 1.00e-07 | MLM: 0.5520 | CTC: 0.1612
Step 703300/1000000 | Loss: 1.4180 | LR: 1.00e-07 | MLM: 1.0496 | CTC: 0.3683
Step 703400/1000000 | Loss: 1.6213 | LR: 1.00e-07 | MLM: 1.1567 | CTC: 0.4646
Step 703500/1000000 | Loss: 0.7648 | LR: 1.00e-07 | MLM: 0.5090 | CTC: 0.2558
Step 703600/1000000 | Loss: 1.0353 | LR: 1.00e-07 | MLM: 0.8271 | CTC: 0.2083
Step 703700/1000000 | Loss: 1.0676 | LR: 1.00e-07 | MLM: 0.7965 | CTC: 0.2711
Step 703800/1000000 | Loss: 1.9161 | LR: 1.00e-07 | MLM: 1.4942 | CTC: 0.4219
Step 703900/1000000 | Loss: 1.6228 | LR: 1.00e-07 | MLM: 1.2762 | CTC: 0.3466
Step 704000/1000000 | Loss: 1.4594 | LR: 1.00e-07 | MLM: 1.1007 | CTC: 0.3587
Step 704100/1000000 | Loss: 1.3414 | LR: 1.00e-07 | MLM: 1.0953 | CTC: 0.2461
Step 704200/1000000 | Loss: 1.4953 | LR: 1.00e-07 | MLM: 1.0610 | CTC: 0.4344
Step 704300/1000000 | Loss: 0.5328 | LR: 1.00e-07 | MLM: 0.3599 | CTC: 0.1729
Step 704400/1000000 | Loss: 0.4868 | LR: 1.00e-07 | MLM: 0.3941 | CTC: 0.0927
Step 704500/1000000 | Loss: 1.0542 | LR: 1.00e-07 | MLM: 0.7864 | CTC: 0.2678
Step 704600/1000000 | Loss: 1.3215 | LR: 1.00e-07 | MLM: 1.0134 | CTC: 0.3081
Step 704700/1000000 | Loss: 1.4199 | LR: 1.00e-07 | MLM: 1.0864 | CTC: 0.3335
Step 704800/1000000 | Loss: 1.1223 | LR: 1.00e-07 | MLM: 0.8994 | CTC: 0.2229
Step 704900/1000000 | Loss: 1.1674 | LR: 1.00e-07 | MLM: 0.8610 | CTC: 0.3065
Step 705000/1000000 | Loss: 1.5515 | LR: 1.00e-07 | MLM: 1.1100 | CTC: 0.4416
✓ Saved checkpoint to checkpoint_step_705000.t7
Step 705100/1000000 | Loss: 1.1448 | LR: 1.00e-07 | MLM: 0.8480 | CTC: 0.2968
Step 705200/1000000 | Loss: 0.4466 | LR: 1.00e-07 | MLM: 0.2999 | CTC: 0.1468
Step 705300/1000000 | Loss: 1.1070 | LR: 1.00e-07 | MLM: 0.8408 | CTC: 0.2662
Step 705400/1000000 | Loss: 0.7011 | LR: 1.00e-07 | MLM: 0.5175 | CTC: 0.1836
Step 705500/1000000 | Loss: 1.3576 | LR: 1.00e-07 | MLM: 1.1136 | CTC: 0.2440
Step 705600/1000000 | Loss: 0.9441 | LR: 1.00e-07 | MLM: 0.7419 | CTC: 0.2022
Step 705700/1000000 | Loss: 1.3223 | LR: 1.00e-07 | MLM: 0.9826 | CTC: 0.3397
Step 705800/1000000 | Loss: 0.6570 | LR: 1.00e-07 | MLM: 0.4633 | CTC: 0.1937
Step 705900/1000000 | Loss: 1.2175 | LR: 1.00e-07 | MLM: 0.8526 | CTC: 0.3649
Step 706000/1000000 | Loss: 0.8183 | LR: 1.00e-07 | MLM: 0.5942 | CTC: 0.2241
Step 706100/1000000 | Loss: 0.6718 | LR: 1.00e-07 | MLM: 0.5393 | CTC: 0.1325
Step 706200/1000000 | Loss: 0.7663 | LR: 1.00e-07 | MLM: 0.5968 | CTC: 0.1695
Step 706300/1000000 | Loss: 1.2921 | LR: 1.00e-07 | MLM: 0.8564 | CTC: 0.4357
Step 706400/1000000 | Loss: 0.9832 | LR: 1.00e-07 | MLM: 0.7475 | CTC: 0.2358
Step 706500/1000000 | Loss: 1.1069 | LR: 1.00e-07 | MLM: 0.7774 | CTC: 0.3295
Step 706600/1000000 | Loss: 1.1145 | LR: 1.00e-07 | MLM: 0.7904 | CTC: 0.3241
Step 706700/1000000 | Loss: 1.3246 | LR: 1.00e-07 | MLM: 1.0281 | CTC: 0.2965
Step 706800/1000000 | Loss: 1.0803 | LR: 1.00e-07 | MLM: 0.8695 | CTC: 0.2107
Step 706900/1000000 | Loss: 1.6609 | LR: 1.00e-07 | MLM: 1.3485 | CTC: 0.3125
Step 707000/1000000 | Loss: 0.6668 | LR: 1.00e-07 | MLM: 0.5084 | CTC: 0.1584
Step 707100/1000000 | Loss: 0.8054 | LR: 1.00e-07 | MLM: 0.5522 | CTC: 0.2532
Step 707200/1000000 | Loss: 1.0288 | LR: 1.00e-07 | MLM: 0.7292 | CTC: 0.2996
Step 707300/1000000 | Loss: 1.1365 | LR: 1.00e-07 | MLM: 0.8116 | CTC: 0.3249
Step 707400/1000000 | Loss: 1.4295 | LR: 1.00e-07 | MLM: 1.0501 | CTC: 0.3795
Step 707500/1000000 | Loss: 0.4650 | LR: 1.00e-07 | MLM: 0.2867 | CTC: 0.1783
Step 707600/1000000 | Loss: 0.7820 | LR: 1.00e-07 | MLM: 0.6055 | CTC: 0.1766
Step 707700/1000000 | Loss: 1.6286 | LR: 1.00e-07 | MLM: 1.2402 | CTC: 0.3884
Step 707800/1000000 | Loss: 0.9542 | LR: 1.00e-07 | MLM: 0.6891 | CTC: 0.2650
Step 707900/1000000 | Loss: 2.0355 | LR: 1.00e-07 | MLM: 1.4973 | CTC: 0.5382
Step 708000/1000000 | Loss: 1.8563 | LR: 1.00e-07 | MLM: 1.4144 | CTC: 0.4419
Step 708100/1000000 | Loss: 1.2044 | LR: 1.00e-07 | MLM: 0.9625 | CTC: 0.2419
Step 708200/1000000 | Loss: 1.4900 | LR: 1.00e-07 | MLM: 1.0587 | CTC: 0.4313
Step 708300/1000000 | Loss: 1.4459 | LR: 1.00e-07 | MLM: 1.1070 | CTC: 0.3389
Step 708400/1000000 | Loss: 0.9750 | LR: 1.00e-07 | MLM: 0.7128 | CTC: 0.2622
Step 708500/1000000 | Loss: 1.3653 | LR: 1.00e-07 | MLM: 1.0916 | CTC: 0.2737
Step 708600/1000000 | Loss: 0.8693 | LR: 1.00e-07 | MLM: 0.6001 | CTC: 0.2692
Step 708700/1000000 | Loss: 1.8301 | LR: 1.00e-07 | MLM: 1.4369 | CTC: 0.3931
Step 708800/1000000 | Loss: 1.3861 | LR: 1.00e-07 | MLM: 1.0550 | CTC: 0.3311
Step 708900/1000000 | Loss: 1.4715 | LR: 1.00e-07 | MLM: 1.1203 | CTC: 0.3512
Step 709000/1000000 | Loss: 1.5298 | LR: 1.00e-07 | MLM: 1.2167 | CTC: 0.3132
Step 709100/1000000 | Loss: 1.5990 | LR: 1.00e-07 | MLM: 1.3092 | CTC: 0.2898
Step 709200/1000000 | Loss: 1.0683 | LR: 1.00e-07 | MLM: 0.8102 | CTC: 0.2581
Step 709300/1000000 | Loss: 1.2428 | LR: 1.00e-07 | MLM: 0.8311 | CTC: 0.4117
Step 709400/1000000 | Loss: 0.9979 | LR: 1.00e-07 | MLM: 0.7779 | CTC: 0.2200
Step 709500/1000000 | Loss: 1.1789 | LR: 1.00e-07 | MLM: 0.8572 | CTC: 0.3217
Step 709600/1000000 | Loss: 1.2734 | LR: 1.00e-07 | MLM: 0.9659 | CTC: 0.3075
Step 709700/1000000 | Loss: 0.7519 | LR: 1.00e-07 | MLM: 0.5954 | CTC: 0.1565
Step 709800/1000000 | Loss: 1.0195 | LR: 1.00e-07 | MLM: 0.7591 | CTC: 0.2604
Step 709900/1000000 | Loss: 1.5798 | LR: 1.00e-07 | MLM: 1.1682 | CTC: 0.4116
Step 710000/1000000 | Loss: 0.8798 | LR: 1.00e-07 | MLM: 0.6939 | CTC: 0.1859
✓ Saved checkpoint to checkpoint_step_710000.t7
Step 710100/1000000 | Loss: 0.0197 | LR: 1.00e-07 | MLM: 0.0066 | CTC: 0.0131
Step 710200/1000000 | Loss: 1.4737 | LR: 1.00e-07 | MLM: 1.1804 | CTC: 0.2932
Step 710300/1000000 | Loss: 0.9073 | LR: 1.00e-07 | MLM: 0.5425 | CTC: 0.3648
Step 710400/1000000 | Loss: 1.1761 | LR: 1.00e-07 | MLM: 0.8815 | CTC: 0.2946
Step 710500/1000000 | Loss: 0.8994 | LR: 1.00e-07 | MLM: 0.7086 | CTC: 0.1909
Step 710600/1000000 | Loss: 1.2121 | LR: 1.00e-07 | MLM: 0.9726 | CTC: 0.2396
Step 710700/1000000 | Loss: 0.4041 | LR: 1.00e-07 | MLM: 0.2967 | CTC: 0.1075
Step 710800/1000000 | Loss: 1.4181 | LR: 1.00e-07 | MLM: 1.0573 | CTC: 0.3608
Step 710900/1000000 | Loss: 2.1148 | LR: 1.00e-07 | MLM: 1.5493 | CTC: 0.5655
Step 711000/1000000 | Loss: 0.4399 | LR: 1.00e-07 | MLM: 0.3428 | CTC: 0.0971
Step 711100/1000000 | Loss: 1.4569 | LR: 1.00e-07 | MLM: 1.1997 | CTC: 0.2572
Step 711200/1000000 | Loss: 1.0089 | LR: 1.00e-07 | MLM: 0.6913 | CTC: 0.3176
Step 711300/1000000 | Loss: 0.8833 | LR: 1.00e-07 | MLM: 0.6194 | CTC: 0.2639
Step 711400/1000000 | Loss: 0.9713 | LR: 1.00e-07 | MLM: 0.6927 | CTC: 0.2786
Step 711500/1000000 | Loss: 0.5132 | LR: 1.00e-07 | MLM: 0.4025 | CTC: 0.1107
Step 711600/1000000 | Loss: 0.6266 | LR: 1.00e-07 | MLM: 0.4398 | CTC: 0.1867
Step 711700/1000000 | Loss: 0.7035 | LR: 1.00e-07 | MLM: 0.5230 | CTC: 0.1805
Step 711800/1000000 | Loss: 0.8487 | LR: 1.00e-07 | MLM: 0.5907 | CTC: 0.2580
Step 711900/1000000 | Loss: 1.5811 | LR: 1.00e-07 | MLM: 1.1327 | CTC: 0.4484
Step 712000/1000000 | Loss: 0.6450 | LR: 1.00e-07 | MLM: 0.4795 | CTC: 0.1655
Step 712100/1000000 | Loss: 0.7054 | LR: 1.00e-07 | MLM: 0.5089 | CTC: 0.1965
Step 712200/1000000 | Loss: 1.0776 | LR: 1.00e-07 | MLM: 0.8512 | CTC: 0.2263
Step 712300/1000000 | Loss: 1.5191 | LR: 1.00e-07 | MLM: 1.1343 | CTC: 0.3847
Step 712400/1000000 | Loss: 1.1418 | LR: 1.00e-07 | MLM: 0.8649 | CTC: 0.2769
Step 712500/1000000 | Loss: 0.7357 | LR: 1.00e-07 | MLM: 0.5254 | CTC: 0.2103
Step 712600/1000000 | Loss: 1.2128 | LR: 1.00e-07 | MLM: 0.9152 | CTC: 0.2975
Step 712700/1000000 | Loss: 0.4063 | LR: 1.00e-07 | MLM: 0.2684 | CTC: 0.1379
Step 712800/1000000 | Loss: 1.3191 | LR: 1.00e-07 | MLM: 1.0161 | CTC: 0.3030
Step 712900/1000000 | Loss: 2.3606 | LR: 1.00e-07 | MLM: 1.8398 | CTC: 0.5208
Step 713000/1000000 | Loss: 1.3895 | LR: 1.00e-07 | MLM: 0.9784 | CTC: 0.4111
Step 713100/1000000 | Loss: 1.2915 | LR: 1.00e-07 | MLM: 0.9541 | CTC: 0.3374
Step 713200/1000000 | Loss: 1.8258 | LR: 1.00e-07 | MLM: 1.2923 | CTC: 0.5335
Step 713300/1000000 | Loss: 1.0100 | LR: 1.00e-07 | MLM: 0.7491 | CTC: 0.2609
Step 713400/1000000 | Loss: 0.8246 | LR: 1.00e-07 | MLM: 0.6066 | CTC: 0.2181
Step 713500/1000000 | Loss: 2.7254 | LR: 1.00e-07 | MLM: 1.9580 | CTC: 0.7674
Step 713600/1000000 | Loss: 0.5717 | LR: 1.00e-07 | MLM: 0.4213 | CTC: 0.1504
Step 713700/1000000 | Loss: 1.7029 | LR: 1.00e-07 | MLM: 1.1850 | CTC: 0.5179
Step 713800/1000000 | Loss: 1.4541 | LR: 1.00e-07 | MLM: 1.0944 | CTC: 0.3597
Step 713900/1000000 | Loss: 1.1956 | LR: 1.00e-07 | MLM: 0.9765 | CTC: 0.2192
Step 714000/1000000 | Loss: 1.4539 | LR: 1.00e-07 | MLM: 1.0696 | CTC: 0.3843
Step 714100/1000000 | Loss: 0.0634 | LR: 1.00e-07 | MLM: 0.0082 | CTC: 0.0552
Step 714200/1000000 | Loss: 0.0680 | LR: 1.00e-07 | MLM: 0.0395 | CTC: 0.0285
Step 714300/1000000 | Loss: 1.3981 | LR: 1.00e-07 | MLM: 1.1567 | CTC: 0.2414
Step 714400/1000000 | Loss: 0.2274 | LR: 1.00e-07 | MLM: 0.1370 | CTC: 0.0903
Step 714500/1000000 | Loss: 0.7459 | LR: 1.00e-07 | MLM: 0.4721 | CTC: 0.2738
Step 714600/1000000 | Loss: 0.9669 | LR: 1.00e-07 | MLM: 0.7570 | CTC: 0.2099
Step 714700/1000000 | Loss: 0.9095 | LR: 1.00e-07 | MLM: 0.6619 | CTC: 0.2477
Step 714800/1000000 | Loss: 1.6089 | LR: 1.00e-07 | MLM: 1.1994 | CTC: 0.4095
Step 714900/1000000 | Loss: 1.1618 | LR: 1.00e-07 | MLM: 0.8740 | CTC: 0.2878
Step 715000/1000000 | Loss: 1.6756 | LR: 1.00e-07 | MLM: 1.3140 | CTC: 0.3616
✓ Saved checkpoint to checkpoint_step_715000.t7
Step 715100/1000000 | Loss: 1.6765 | LR: 1.00e-07 | MLM: 1.2678 | CTC: 0.4088
Step 715200/1000000 | Loss: 0.2558 | LR: 1.00e-07 | MLM: 0.1737 | CTC: 0.0821
Step 715300/1000000 | Loss: 1.2856 | LR: 1.00e-07 | MLM: 1.0782 | CTC: 0.2074
Step 715400/1000000 | Loss: 0.6480 | LR: 1.00e-07 | MLM: 0.4407 | CTC: 0.2073
Step 715500/1000000 | Loss: 1.0092 | LR: 1.00e-07 | MLM: 0.7188 | CTC: 0.2904
Step 715600/1000000 | Loss: 0.9361 | LR: 1.00e-07 | MLM: 0.5974 | CTC: 0.3387
Step 715700/1000000 | Loss: 1.2946 | LR: 1.00e-07 | MLM: 0.9660 | CTC: 0.3285
Step 715800/1000000 | Loss: 1.6417 | LR: 1.00e-07 | MLM: 1.2314 | CTC: 0.4103
Step 715900/1000000 | Loss: 0.9167 | LR: 1.00e-07 | MLM: 0.7796 | CTC: 0.1371
Step 716000/1000000 | Loss: 0.9001 | LR: 1.00e-07 | MLM: 0.7039 | CTC: 0.1962
Step 716100/1000000 | Loss: 1.2976 | LR: 1.00e-07 | MLM: 1.0538 | CTC: 0.2438
Step 716200/1000000 | Loss: 1.4010 | LR: 1.00e-07 | MLM: 1.0504 | CTC: 0.3505
Step 716300/1000000 | Loss: 2.3225 | LR: 1.00e-07 | MLM: 1.6943 | CTC: 0.6281
Step 716400/1000000 | Loss: 1.2125 | LR: 1.00e-07 | MLM: 0.9084 | CTC: 0.3041
Step 716500/1000000 | Loss: 0.9817 | LR: 1.00e-07 | MLM: 0.7619 | CTC: 0.2198
Step 716600/1000000 | Loss: 1.0236 | LR: 1.00e-07 | MLM: 0.7565 | CTC: 0.2671
Step 716700/1000000 | Loss: 1.3049 | LR: 1.00e-07 | MLM: 1.0287 | CTC: 0.2762
Step 716800/1000000 | Loss: 0.8525 | LR: 1.00e-07 | MLM: 0.7099 | CTC: 0.1427
Step 716900/1000000 | Loss: 0.4182 | LR: 1.00e-07 | MLM: 0.2949 | CTC: 0.1233
Step 717000/1000000 | Loss: 1.8979 | LR: 1.00e-07 | MLM: 1.4480 | CTC: 0.4499
Step 717100/1000000 | Loss: 1.4301 | LR: 1.00e-07 | MLM: 1.2049 | CTC: 0.2253
Step 717200/1000000 | Loss: 1.1031 | LR: 1.00e-07 | MLM: 0.8143 | CTC: 0.2888
Step 717300/1000000 | Loss: 1.1616 | LR: 1.00e-07 | MLM: 0.9242 | CTC: 0.2374
Step 717400/1000000 | Loss: 1.1484 | LR: 1.00e-07 | MLM: 0.8910 | CTC: 0.2574
Step 717500/1000000 | Loss: 1.3832 | LR: 1.00e-07 | MLM: 1.1292 | CTC: 0.2539
Step 717600/1000000 | Loss: 0.9697 | LR: 1.00e-07 | MLM: 0.7456 | CTC: 0.2241
Step 717700/1000000 | Loss: 1.1000 | LR: 1.00e-07 | MLM: 0.8655 | CTC: 0.2345
Step 717800/1000000 | Loss: 1.2039 | LR: 1.00e-07 | MLM: 0.9706 | CTC: 0.2333
Step 717900/1000000 | Loss: 1.4687 | LR: 1.00e-07 | MLM: 1.1453 | CTC: 0.3234
Step 718000/1000000 | Loss: 1.5089 | LR: 1.00e-07 | MLM: 1.1551 | CTC: 0.3538
Step 718100/1000000 | Loss: 2.6438 | LR: 1.00e-07 | MLM: 1.7667 | CTC: 0.8772
Step 718200/1000000 | Loss: 1.3362 | LR: 1.00e-07 | MLM: 1.0434 | CTC: 0.2928
Step 718300/1000000 | Loss: 1.5185 | LR: 1.00e-07 | MLM: 1.1437 | CTC: 0.3748
Step 718400/1000000 | Loss: 1.5608 | LR: 1.00e-07 | MLM: 1.1562 | CTC: 0.4046
Step 718500/1000000 | Loss: 1.1025 | LR: 1.00e-07 | MLM: 0.7822 | CTC: 0.3202
Step 718600/1000000 | Loss: 0.9673 | LR: 1.00e-07 | MLM: 0.7933 | CTC: 0.1740
Step 718700/1000000 | Loss: 1.3234 | LR: 1.00e-07 | MLM: 1.0235 | CTC: 0.2999
Step 718800/1000000 | Loss: 1.0356 | LR: 1.00e-07 | MLM: 0.6881 | CTC: 0.3475
Step 718900/1000000 | Loss: 1.7460 | LR: 1.00e-07 | MLM: 1.3351 | CTC: 0.4109
Step 719000/1000000 | Loss: 0.3339 | LR: 1.00e-07 | MLM: 0.2432 | CTC: 0.0907
Step 719100/1000000 | Loss: 0.6986 | LR: 1.00e-07 | MLM: 0.4573 | CTC: 0.2413
Step 719200/1000000 | Loss: 1.2520 | LR: 1.00e-07 | MLM: 0.8835 | CTC: 0.3685
Step 719300/1000000 | Loss: 1.6414 | LR: 1.00e-07 | MLM: 1.3283 | CTC: 0.3131
Step 719400/1000000 | Loss: 0.7308 | LR: 1.00e-07 | MLM: 0.5777 | CTC: 0.1531
Step 719500/1000000 | Loss: 0.5978 | LR: 1.00e-07 | MLM: 0.4034 | CTC: 0.1944
Step 719600/1000000 | Loss: 0.8585 | LR: 1.00e-07 | MLM: 0.7106 | CTC: 0.1479
Step 719700/1000000 | Loss: 0.5422 | LR: 1.00e-07 | MLM: 0.4153 | CTC: 0.1269
Step 719800/1000000 | Loss: 1.4146 | LR: 1.00e-07 | MLM: 1.0847 | CTC: 0.3298
Step 719900/1000000 | Loss: 1.2221 | LR: 1.00e-07 | MLM: 0.8798 | CTC: 0.3423
Step 720000/1000000 | Loss: 0.0922 | LR: 1.00e-07 | MLM: 0.0512 | CTC: 0.0410
✓ Saved checkpoint to checkpoint_step_720000.t7
Step 720100/1000000 | Loss: 1.5858 | LR: 1.00e-07 | MLM: 1.2711 | CTC: 0.3147
Step 720200/1000000 | Loss: 1.6916 | LR: 1.00e-07 | MLM: 1.1711 | CTC: 0.5205
Step 720300/1000000 | Loss: 1.5471 | LR: 1.00e-07 | MLM: 1.2369 | CTC: 0.3102
Step 720400/1000000 | Loss: 1.6745 | LR: 1.00e-07 | MLM: 1.2378 | CTC: 0.4367
Step 720500/1000000 | Loss: 0.5959 | LR: 1.00e-07 | MLM: 0.4037 | CTC: 0.1922
Step 720600/1000000 | Loss: 1.5191 | LR: 1.00e-07 | MLM: 1.1850 | CTC: 0.3341
Step 720700/1000000 | Loss: 1.3864 | LR: 1.00e-07 | MLM: 1.1328 | CTC: 0.2536
Step 720800/1000000 | Loss: 1.1481 | LR: 1.00e-07 | MLM: 0.8903 | CTC: 0.2578
Step 720900/1000000 | Loss: 1.0547 | LR: 1.00e-07 | MLM: 0.8115 | CTC: 0.2432
Step 721000/1000000 | Loss: 0.9415 | LR: 1.00e-07 | MLM: 0.8026 | CTC: 0.1389
Step 721100/1000000 | Loss: 1.6231 | LR: 1.00e-07 | MLM: 1.2383 | CTC: 0.3847
Step 721200/1000000 | Loss: 1.0766 | LR: 1.00e-07 | MLM: 0.8047 | CTC: 0.2718
Step 721300/1000000 | Loss: 1.6025 | LR: 1.00e-07 | MLM: 1.1824 | CTC: 0.4201
Step 721400/1000000 | Loss: 1.7802 | LR: 1.00e-07 | MLM: 1.3347 | CTC: 0.4455
Step 721500/1000000 | Loss: 2.1601 | LR: 1.00e-07 | MLM: 1.5459 | CTC: 0.6142
Step 721600/1000000 | Loss: 0.5543 | LR: 1.00e-07 | MLM: 0.4376 | CTC: 0.1167
Step 721700/1000000 | Loss: 1.7063 | LR: 1.00e-07 | MLM: 1.2830 | CTC: 0.4233
Step 721800/1000000 | Loss: 0.8552 | LR: 1.00e-07 | MLM: 0.6275 | CTC: 0.2277
Step 721900/1000000 | Loss: 0.5429 | LR: 1.00e-07 | MLM: 0.4207 | CTC: 0.1222
Step 722000/1000000 | Loss: 1.0638 | LR: 1.00e-07 | MLM: 0.7598 | CTC: 0.3040
Step 722100/1000000 | Loss: 1.3515 | LR: 1.00e-07 | MLM: 0.9291 | CTC: 0.4224
Step 722200/1000000 | Loss: 1.0888 | LR: 1.00e-07 | MLM: 0.8120 | CTC: 0.2768
Step 722300/1000000 | Loss: 1.2869 | LR: 1.00e-07 | MLM: 0.9767 | CTC: 0.3102
Step 722400/1000000 | Loss: 1.7873 | LR: 1.00e-07 | MLM: 1.2583 | CTC: 0.5291
Step 722500/1000000 | Loss: 1.2161 | LR: 1.00e-07 | MLM: 0.9052 | CTC: 0.3109
Step 722600/1000000 | Loss: 1.2128 | LR: 1.00e-07 | MLM: 0.9173 | CTC: 0.2955
Step 722700/1000000 | Loss: 0.9443 | LR: 1.00e-07 | MLM: 0.6807 | CTC: 0.2636
Step 722800/1000000 | Loss: 0.6320 | LR: 1.00e-07 | MLM: 0.5010 | CTC: 0.1310
Step 722900/1000000 | Loss: 2.0885 | LR: 1.00e-07 | MLM: 1.5137 | CTC: 0.5749
Step 723000/1000000 | Loss: 0.4881 | LR: 1.00e-07 | MLM: 0.4179 | CTC: 0.0702
Step 723100/1000000 | Loss: 1.8576 | LR: 1.00e-07 | MLM: 1.4240 | CTC: 0.4336
Step 723200/1000000 | Loss: 1.1937 | LR: 1.00e-07 | MLM: 0.8974 | CTC: 0.2964
Step 723300/1000000 | Loss: 1.9028 | LR: 1.00e-07 | MLM: 1.4150 | CTC: 0.4878
Step 723400/1000000 | Loss: 1.2584 | LR: 1.00e-07 | MLM: 0.9629 | CTC: 0.2955
Step 723500/1000000 | Loss: 1.0115 | LR: 1.00e-07 | MLM: 0.7663 | CTC: 0.2452
Step 723600/1000000 | Loss: 1.2579 | LR: 1.00e-07 | MLM: 0.9799 | CTC: 0.2780
Step 723700/1000000 | Loss: 1.3139 | LR: 1.00e-07 | MLM: 1.0608 | CTC: 0.2531
Step 723800/1000000 | Loss: 1.1414 | LR: 1.00e-07 | MLM: 0.9038 | CTC: 0.2376
Step 723900/1000000 | Loss: 0.5545 | LR: 1.00e-07 | MLM: 0.3213 | CTC: 0.2333
Step 724000/1000000 | Loss: 1.0769 | LR: 1.00e-07 | MLM: 0.9241 | CTC: 0.1528
Step 724100/1000000 | Loss: 1.4896 | LR: 1.00e-07 | MLM: 1.1154 | CTC: 0.3742
Step 724200/1000000 | Loss: 0.9816 | LR: 1.00e-07 | MLM: 0.6935 | CTC: 0.2881
Step 724300/1000000 | Loss: 1.5142 | LR: 1.00e-07 | MLM: 1.1061 | CTC: 0.4081
Step 724400/1000000 | Loss: 1.0126 | LR: 1.00e-07 | MLM: 0.7589 | CTC: 0.2538
Step 724500/1000000 | Loss: 1.4227 | LR: 1.00e-07 | MLM: 1.1478 | CTC: 0.2748
Step 724600/1000000 | Loss: 0.8564 | LR: 1.00e-07 | MLM: 0.6529 | CTC: 0.2034
Step 724700/1000000 | Loss: 1.1755 | LR: 1.00e-07 | MLM: 0.8226 | CTC: 0.3530
Step 724800/1000000 | Loss: 1.7219 | LR: 1.00e-07 | MLM: 1.2764 | CTC: 0.4454
Step 724900/1000000 | Loss: 1.3341 | LR: 1.00e-07 | MLM: 0.9701 | CTC: 0.3640
Step 725000/1000000 | Loss: 1.1658 | LR: 1.00e-07 | MLM: 0.8703 | CTC: 0.2954
✓ Saved checkpoint to checkpoint_step_725000.t7
Step 725100/1000000 | Loss: 1.0898 | LR: 1.00e-07 | MLM: 0.8736 | CTC: 0.2162
Step 725200/1000000 | Loss: 1.9183 | LR: 1.00e-07 | MLM: 1.2875 | CTC: 0.6307
Step 725300/1000000 | Loss: 1.3504 | LR: 1.00e-07 | MLM: 1.0306 | CTC: 0.3198
Step 725400/1000000 | Loss: 1.2910 | LR: 1.00e-07 | MLM: 1.0317 | CTC: 0.2594
Step 725500/1000000 | Loss: 0.9590 | LR: 1.00e-07 | MLM: 0.6917 | CTC: 0.2672
Step 725600/1000000 | Loss: 1.6899 | LR: 1.00e-07 | MLM: 1.2553 | CTC: 0.4345
Step 725700/1000000 | Loss: 0.9730 | LR: 1.00e-07 | MLM: 0.6799 | CTC: 0.2930
Step 725800/1000000 | Loss: 1.6707 | LR: 1.00e-07 | MLM: 1.2357 | CTC: 0.4349
Step 725900/1000000 | Loss: 1.3104 | LR: 1.00e-07 | MLM: 1.0640 | CTC: 0.2464
Step 726000/1000000 | Loss: 1.1474 | LR: 1.00e-07 | MLM: 0.8812 | CTC: 0.2662
Step 726100/1000000 | Loss: 1.3032 | LR: 1.00e-07 | MLM: 0.9727 | CTC: 0.3305
Step 726200/1000000 | Loss: 1.3046 | LR: 1.00e-07 | MLM: 0.9891 | CTC: 0.3155
Step 726300/1000000 | Loss: 0.6729 | LR: 1.00e-07 | MLM: 0.4984 | CTC: 0.1745
Step 726400/1000000 | Loss: 0.1878 | LR: 1.00e-07 | MLM: 0.1041 | CTC: 0.0837
Step 726500/1000000 | Loss: 1.0782 | LR: 1.00e-07 | MLM: 0.8389 | CTC: 0.2393
Step 726600/1000000 | Loss: 1.5998 | LR: 1.00e-07 | MLM: 1.2697 | CTC: 0.3301
Step 726700/1000000 | Loss: 1.6712 | LR: 1.00e-07 | MLM: 1.2137 | CTC: 0.4575
Step 726800/1000000 | Loss: 0.9344 | LR: 1.00e-07 | MLM: 0.6830 | CTC: 0.2514
Step 726900/1000000 | Loss: 1.2660 | LR: 1.00e-07 | MLM: 0.9494 | CTC: 0.3166
Step 727000/1000000 | Loss: 0.8705 | LR: 1.00e-07 | MLM: 0.6304 | CTC: 0.2402
Step 727100/1000000 | Loss: 0.6619 | LR: 1.00e-07 | MLM: 0.5205 | CTC: 0.1414
Step 727200/1000000 | Loss: 1.5154 | LR: 1.00e-07 | MLM: 1.0907 | CTC: 0.4247
Step 727300/1000000 | Loss: 1.1713 | LR: 1.00e-07 | MLM: 0.9239 | CTC: 0.2474
Step 727400/1000000 | Loss: 0.9896 | LR: 1.00e-07 | MLM: 0.7381 | CTC: 0.2515
Step 727500/1000000 | Loss: 1.2800 | LR: 1.00e-07 | MLM: 1.0164 | CTC: 0.2636
Step 727600/1000000 | Loss: 0.4055 | LR: 1.00e-07 | MLM: 0.2803 | CTC: 0.1252
Step 727700/1000000 | Loss: 1.0163 | LR: 1.00e-07 | MLM: 0.7211 | CTC: 0.2952
Step 727800/1000000 | Loss: 0.4626 | LR: 1.00e-07 | MLM: 0.2829 | CTC: 0.1797
Step 727900/1000000 | Loss: 0.9389 | LR: 1.00e-07 | MLM: 0.6712 | CTC: 0.2677
Step 728000/1000000 | Loss: 1.3039 | LR: 1.00e-07 | MLM: 1.0007 | CTC: 0.3031
Step 728100/1000000 | Loss: 0.4048 | LR: 1.00e-07 | MLM: 0.2853 | CTC: 0.1194
Step 728200/1000000 | Loss: 1.6693 | LR: 1.00e-07 | MLM: 1.2771 | CTC: 0.3923
Step 728300/1000000 | Loss: 1.1233 | LR: 1.00e-07 | MLM: 0.8299 | CTC: 0.2934
Step 728400/1000000 | Loss: 1.2171 | LR: 1.00e-07 | MLM: 0.9345 | CTC: 0.2826
Step 728500/1000000 | Loss: 0.8497 | LR: 1.00e-07 | MLM: 0.6216 | CTC: 0.2281
Step 728600/1000000 | Loss: 0.6543 | LR: 1.00e-07 | MLM: 0.4940 | CTC: 0.1603
Step 728700/1000000 | Loss: 2.4864 | LR: 1.00e-07 | MLM: 1.6000 | CTC: 0.8865
Step 728800/1000000 | Loss: 1.2004 | LR: 1.00e-07 | MLM: 0.9140 | CTC: 0.2864
Step 728900/1000000 | Loss: 1.5760 | LR: 1.00e-07 | MLM: 1.1640 | CTC: 0.4120
Step 729000/1000000 | Loss: 1.2367 | LR: 1.00e-07 | MLM: 0.8860 | CTC: 0.3506
Step 729100/1000000 | Loss: 0.3189 | LR: 1.00e-07 | MLM: 0.2341 | CTC: 0.0848
Step 729200/1000000 | Loss: 1.2135 | LR: 1.00e-07 | MLM: 0.9145 | CTC: 0.2990
Step 729300/1000000 | Loss: 1.5356 | LR: 1.00e-07 | MLM: 1.1558 | CTC: 0.3798
Step 729400/1000000 | Loss: 0.8820 | LR: 1.00e-07 | MLM: 0.5914 | CTC: 0.2906
Step 729500/1000000 | Loss: 1.4021 | LR: 1.00e-07 | MLM: 0.9561 | CTC: 0.4459
Step 729600/1000000 | Loss: 1.5780 | LR: 1.00e-07 | MLM: 1.2515 | CTC: 0.3265
Step 729700/1000000 | Loss: 1.4481 | LR: 1.00e-07 | MLM: 1.0246 | CTC: 0.4235
Step 729800/1000000 | Loss: 1.1281 | LR: 1.00e-07 | MLM: 0.8710 | CTC: 0.2571
Step 729900/1000000 | Loss: 0.8840 | LR: 1.00e-07 | MLM: 0.6496 | CTC: 0.2344
Step 730000/1000000 | Loss: 1.6458 | LR: 1.00e-07 | MLM: 1.3056 | CTC: 0.3402
✓ Saved checkpoint to checkpoint_step_730000.t7
Step 730100/1000000 | Loss: 1.0895 | LR: 1.00e-07 | MLM: 0.8427 | CTC: 0.2468
Step 730200/1000000 | Loss: 1.8035 | LR: 1.00e-07 | MLM: 1.3131 | CTC: 0.4904
Step 730300/1000000 | Loss: 0.8449 | LR: 1.00e-07 | MLM: 0.4615 | CTC: 0.3834
Step 730400/1000000 | Loss: 1.0385 | LR: 1.00e-07 | MLM: 0.8529 | CTC: 0.1857
Step 730500/1000000 | Loss: 0.6377 | LR: 1.00e-07 | MLM: 0.4902 | CTC: 0.1474
Step 730600/1000000 | Loss: 1.6361 | LR: 1.00e-07 | MLM: 1.1244 | CTC: 0.5116
Step 730700/1000000 | Loss: 1.4344 | LR: 1.00e-07 | MLM: 1.0247 | CTC: 0.4097
Step 730800/1000000 | Loss: 1.0028 | LR: 1.00e-07 | MLM: 0.7057 | CTC: 0.2971
Step 730900/1000000 | Loss: 1.2258 | LR: 1.00e-07 | MLM: 0.9635 | CTC: 0.2623
Step 731000/1000000 | Loss: 1.2571 | LR: 1.00e-07 | MLM: 0.9466 | CTC: 0.3104
Step 731100/1000000 | Loss: 0.8917 | LR: 1.00e-07 | MLM: 0.6692 | CTC: 0.2225
Step 731200/1000000 | Loss: 1.5747 | LR: 1.00e-07 | MLM: 1.2028 | CTC: 0.3719
Step 731300/1000000 | Loss: 0.8774 | LR: 1.00e-07 | MLM: 0.5855 | CTC: 0.2920
Step 731400/1000000 | Loss: 1.4410 | LR: 1.00e-07 | MLM: 1.1777 | CTC: 0.2634
Step 731500/1000000 | Loss: 0.5664 | LR: 1.00e-07 | MLM: 0.3707 | CTC: 0.1957
Step 731600/1000000 | Loss: 1.5505 | LR: 1.00e-07 | MLM: 1.1220 | CTC: 0.4285
Step 731700/1000000 | Loss: 1.3136 | LR: 1.00e-07 | MLM: 0.9826 | CTC: 0.3310
Step 731800/1000000 | Loss: 1.4565 | LR: 1.00e-07 | MLM: 1.1431 | CTC: 0.3134
Step 731900/1000000 | Loss: 1.4793 | LR: 1.00e-07 | MLM: 1.1108 | CTC: 0.3685
Step 732000/1000000 | Loss: 1.2067 | LR: 1.00e-07 | MLM: 0.9654 | CTC: 0.2413
Step 732100/1000000 | Loss: 0.4867 | LR: 1.00e-07 | MLM: 0.3073 | CTC: 0.1794
Step 732200/1000000 | Loss: 1.3939 | LR: 1.00e-07 | MLM: 1.1249 | CTC: 0.2690
Step 732300/1000000 | Loss: 1.2024 | LR: 1.00e-07 | MLM: 0.7870 | CTC: 0.4154
Step 732400/1000000 | Loss: 1.4705 | LR: 1.00e-07 | MLM: 1.1903 | CTC: 0.2802
Step 732500/1000000 | Loss: 0.9183 | LR: 1.00e-07 | MLM: 0.6717 | CTC: 0.2466
Step 732600/1000000 | Loss: 1.2039 | LR: 1.00e-07 | MLM: 0.8997 | CTC: 0.3043
Step 732700/1000000 | Loss: 1.6732 | LR: 1.00e-07 | MLM: 1.3445 | CTC: 0.3287
Step 732800/1000000 | Loss: 1.3275 | LR: 1.00e-07 | MLM: 0.9567 | CTC: 0.3708
Step 732900/1000000 | Loss: 1.7209 | LR: 1.00e-07 | MLM: 1.2790 | CTC: 0.4418
Step 733000/1000000 | Loss: 0.9940 | LR: 1.00e-07 | MLM: 0.7018 | CTC: 0.2921
Step 733100/1000000 | Loss: 1.6905 | LR: 1.00e-07 | MLM: 1.1882 | CTC: 0.5022
Step 733200/1000000 | Loss: 1.7817 | LR: 1.00e-07 | MLM: 1.4076 | CTC: 0.3741
Step 733300/1000000 | Loss: 1.5735 | LR: 1.00e-07 | MLM: 1.1404 | CTC: 0.4330
Step 733400/1000000 | Loss: 1.5612 | LR: 1.00e-07 | MLM: 1.1041 | CTC: 0.4571
Step 733500/1000000 | Loss: 0.7710 | LR: 1.00e-07 | MLM: 0.5990 | CTC: 0.1720
Step 733600/1000000 | Loss: 1.6302 | LR: 1.00e-07 | MLM: 1.2948 | CTC: 0.3355
Step 733700/1000000 | Loss: 1.9910 | LR: 1.00e-07 | MLM: 1.5276 | CTC: 0.4634
Step 733800/1000000 | Loss: 0.9984 | LR: 1.00e-07 | MLM: 0.7691 | CTC: 0.2293
Step 733900/1000000 | Loss: 2.0618 | LR: 1.00e-07 | MLM: 1.4045 | CTC: 0.6573
Step 734000/1000000 | Loss: 0.6402 | LR: 1.00e-07 | MLM: 0.4792 | CTC: 0.1610
Step 734100/1000000 | Loss: 1.0711 | LR: 1.00e-07 | MLM: 0.8404 | CTC: 0.2307
Step 734200/1000000 | Loss: 0.9975 | LR: 1.00e-07 | MLM: 0.7370 | CTC: 0.2604
Step 734300/1000000 | Loss: 0.8469 | LR: 1.00e-07 | MLM: 0.5705 | CTC: 0.2764
Step 734400/1000000 | Loss: 1.0504 | LR: 1.00e-07 | MLM: 0.7818 | CTC: 0.2685
Step 734500/1000000 | Loss: 1.3171 | LR: 1.00e-07 | MLM: 0.9451 | CTC: 0.3719
Step 734600/1000000 | Loss: 1.1056 | LR: 1.00e-07 | MLM: 0.8302 | CTC: 0.2753
Step 734700/1000000 | Loss: 1.6300 | LR: 1.00e-07 | MLM: 1.3114 | CTC: 0.3185
Step 734800/1000000 | Loss: 1.3289 | LR: 1.00e-07 | MLM: 0.9523 | CTC: 0.3766
Step 734900/1000000 | Loss: 1.5737 | LR: 1.00e-07 | MLM: 1.1447 | CTC: 0.4290
Step 735000/1000000 | Loss: 1.2069 | LR: 1.00e-07 | MLM: 0.9247 | CTC: 0.2822
✓ Saved checkpoint to checkpoint_step_735000.t7
Step 735100/1000000 | Loss: 1.7703 | LR: 1.00e-07 | MLM: 1.3781 | CTC: 0.3922
Step 735200/1000000 | Loss: 0.6481 | LR: 1.00e-07 | MLM: 0.3864 | CTC: 0.2617
Step 735300/1000000 | Loss: 0.4869 | LR: 1.00e-07 | MLM: 0.3984 | CTC: 0.0885
Step 735400/1000000 | Loss: 1.3141 | LR: 1.00e-07 | MLM: 1.0733 | CTC: 0.2407
Step 735500/1000000 | Loss: 0.1060 | LR: 1.00e-07 | MLM: 0.0597 | CTC: 0.0463
Step 735600/1000000 | Loss: 0.5081 | LR: 1.00e-07 | MLM: 0.4214 | CTC: 0.0867
Step 735700/1000000 | Loss: 1.9327 | LR: 1.00e-07 | MLM: 1.4652 | CTC: 0.4675
Step 735800/1000000 | Loss: 1.3590 | LR: 1.00e-07 | MLM: 0.9609 | CTC: 0.3981
Step 735900/1000000 | Loss: 1.1679 | LR: 1.00e-07 | MLM: 0.8604 | CTC: 0.3075
Step 736000/1000000 | Loss: 1.3835 | LR: 1.00e-07 | MLM: 1.0909 | CTC: 0.2925
Step 736100/1000000 | Loss: 1.4896 | LR: 1.00e-07 | MLM: 1.0182 | CTC: 0.4715
Step 736200/1000000 | Loss: 0.9752 | LR: 1.00e-07 | MLM: 0.7571 | CTC: 0.2181
Step 736300/1000000 | Loss: 0.8949 | LR: 1.00e-07 | MLM: 0.6434 | CTC: 0.2516
Step 736400/1000000 | Loss: 1.2441 | LR: 1.00e-07 | MLM: 0.9350 | CTC: 0.3091
Step 736500/1000000 | Loss: 1.3562 | LR: 1.00e-07 | MLM: 0.9707 | CTC: 0.3855
Step 736600/1000000 | Loss: 1.1012 | LR: 1.00e-07 | MLM: 0.5821 | CTC: 0.5192
Step 736700/1000000 | Loss: 0.8604 | LR: 1.00e-07 | MLM: 0.6777 | CTC: 0.1827
Step 736800/1000000 | Loss: 0.6295 | LR: 1.00e-07 | MLM: 0.4308 | CTC: 0.1987
Step 736900/1000000 | Loss: 1.4510 | LR: 1.00e-07 | MLM: 1.0849 | CTC: 0.3661
Step 737000/1000000 | Loss: 0.9815 | LR: 1.00e-07 | MLM: 0.7894 | CTC: 0.1921
Step 737100/1000000 | Loss: 1.3220 | LR: 1.00e-07 | MLM: 1.0419 | CTC: 0.2800
Step 737200/1000000 | Loss: 1.1023 | LR: 1.00e-07 | MLM: 0.8027 | CTC: 0.2996
Step 737300/1000000 | Loss: 1.3390 | LR: 1.00e-07 | MLM: 0.9894 | CTC: 0.3496
Step 737400/1000000 | Loss: 1.1197 | LR: 1.00e-07 | MLM: 0.7986 | CTC: 0.3211
Step 737500/1000000 | Loss: 0.9415 | LR: 1.00e-07 | MLM: 0.6690 | CTC: 0.2726
Step 737600/1000000 | Loss: 1.8389 | LR: 1.00e-07 | MLM: 1.4380 | CTC: 0.4008
Step 737700/1000000 | Loss: 0.8837 | LR: 1.00e-07 | MLM: 0.7090 | CTC: 0.1747
Step 737800/1000000 | Loss: 1.6777 | LR: 1.00e-07 | MLM: 1.2883 | CTC: 0.3894
Step 737900/1000000 | Loss: 0.9957 | LR: 1.00e-07 | MLM: 0.7710 | CTC: 0.2247
Step 738000/1000000 | Loss: 1.4198 | LR: 1.00e-07 | MLM: 1.1347 | CTC: 0.2851
Step 738100/1000000 | Loss: 1.0986 | LR: 1.00e-07 | MLM: 0.8390 | CTC: 0.2596
Step 738200/1000000 | Loss: 1.5459 | LR: 1.00e-07 | MLM: 1.1127 | CTC: 0.4333
Step 738300/1000000 | Loss: 1.4792 | LR: 1.00e-07 | MLM: 1.0548 | CTC: 0.4243
Step 738400/1000000 | Loss: 1.8398 | LR: 1.00e-07 | MLM: 1.3629 | CTC: 0.4769
Step 738500/1000000 | Loss: 1.2232 | LR: 1.00e-07 | MLM: 0.9000 | CTC: 0.3232
Step 738600/1000000 | Loss: 1.0481 | LR: 1.00e-07 | MLM: 0.7997 | CTC: 0.2484
Step 738700/1000000 | Loss: 1.0480 | LR: 1.00e-07 | MLM: 0.7966 | CTC: 0.2514
Step 738800/1000000 | Loss: 1.6031 | LR: 1.00e-07 | MLM: 1.2081 | CTC: 0.3950
Step 738900/1000000 | Loss: 0.2082 | LR: 1.00e-07 | MLM: 0.1203 | CTC: 0.0879
Step 739000/1000000 | Loss: 1.0052 | LR: 1.00e-07 | MLM: 0.7963 | CTC: 0.2089
Step 739100/1000000 | Loss: 0.5836 | LR: 1.00e-07 | MLM: 0.4348 | CTC: 0.1489
Step 739200/1000000 | Loss: 0.9988 | LR: 1.00e-07 | MLM: 0.7471 | CTC: 0.2517
Step 739300/1000000 | Loss: 1.0923 | LR: 1.00e-07 | MLM: 0.7815 | CTC: 0.3107
Step 739400/1000000 | Loss: 1.4175 | LR: 1.00e-07 | MLM: 1.0355 | CTC: 0.3820
Step 739500/1000000 | Loss: 1.0502 | LR: 1.00e-07 | MLM: 0.7212 | CTC: 0.3291
Step 739600/1000000 | Loss: 0.8182 | LR: 1.00e-07 | MLM: 0.6633 | CTC: 0.1549
Step 739700/1000000 | Loss: 2.0407 | LR: 1.00e-07 | MLM: 1.4233 | CTC: 0.6174
Step 739800/1000000 | Loss: 0.5396 | LR: 1.00e-07 | MLM: 0.3929 | CTC: 0.1467
Step 739900/1000000 | Loss: 1.0021 | LR: 1.00e-07 | MLM: 0.6591 | CTC: 0.3430
Step 740000/1000000 | Loss: 0.1216 | LR: 1.00e-07 | MLM: 0.0799 | CTC: 0.0417
✓ Saved checkpoint to checkpoint_step_740000.t7
Step 740100/1000000 | Loss: 1.6391 | LR: 1.00e-07 | MLM: 1.2318 | CTC: 0.4073
Step 740200/1000000 | Loss: 1.5741 | LR: 1.00e-07 | MLM: 1.2321 | CTC: 0.3419
Step 740300/1000000 | Loss: 0.6430 | LR: 1.00e-07 | MLM: 0.4488 | CTC: 0.1942
Step 740400/1000000 | Loss: 1.2747 | LR: 1.00e-07 | MLM: 1.0441 | CTC: 0.2306
Step 740500/1000000 | Loss: 1.3035 | LR: 1.00e-07 | MLM: 1.0199 | CTC: 0.2835
Step 740600/1000000 | Loss: 1.2031 | LR: 1.00e-07 | MLM: 0.8908 | CTC: 0.3123
Step 740700/1000000 | Loss: 0.5798 | LR: 1.00e-07 | MLM: 0.4280 | CTC: 0.1518
Step 740800/1000000 | Loss: 1.7883 | LR: 1.00e-07 | MLM: 1.3125 | CTC: 0.4758
Step 740900/1000000 | Loss: 0.3620 | LR: 1.00e-07 | MLM: 0.3089 | CTC: 0.0531
Step 741000/1000000 | Loss: 0.8927 | LR: 1.00e-07 | MLM: 0.6837 | CTC: 0.2090
Step 741100/1000000 | Loss: 1.2758 | LR: 1.00e-07 | MLM: 0.9900 | CTC: 0.2859
Step 741200/1000000 | Loss: 0.9790 | LR: 1.00e-07 | MLM: 0.6221 | CTC: 0.3569
Step 741300/1000000 | Loss: 1.1626 | LR: 1.00e-07 | MLM: 0.8242 | CTC: 0.3384
Step 741400/1000000 | Loss: 1.6638 | LR: 1.00e-07 | MLM: 1.2922 | CTC: 0.3716
Step 741500/1000000 | Loss: 2.5201 | LR: 1.00e-07 | MLM: 1.9349 | CTC: 0.5852
Step 741600/1000000 | Loss: 1.6070 | LR: 1.00e-07 | MLM: 1.2556 | CTC: 0.3514
Step 741700/1000000 | Loss: 0.9747 | LR: 1.00e-07 | MLM: 0.7395 | CTC: 0.2352
Step 741800/1000000 | Loss: 0.8713 | LR: 1.00e-07 | MLM: 0.6433 | CTC: 0.2280
Step 741900/1000000 | Loss: 1.8078 | LR: 1.00e-07 | MLM: 1.2085 | CTC: 0.5993
Step 742000/1000000 | Loss: 0.7689 | LR: 1.00e-07 | MLM: 0.5748 | CTC: 0.1941
Step 742100/1000000 | Loss: 1.4565 | LR: 1.00e-07 | MLM: 1.0315 | CTC: 0.4251
Step 742200/1000000 | Loss: 1.5229 | LR: 1.00e-07 | MLM: 1.2179 | CTC: 0.3050
Step 742300/1000000 | Loss: 1.3016 | LR: 1.00e-07 | MLM: 0.9821 | CTC: 0.3195
Step 742400/1000000 | Loss: 0.7326 | LR: 1.00e-07 | MLM: 0.5429 | CTC: 0.1897
Step 742500/1000000 | Loss: 1.4072 | LR: 1.00e-07 | MLM: 1.0445 | CTC: 0.3627
Step 742600/1000000 | Loss: 0.8384 | LR: 1.00e-07 | MLM: 0.6168 | CTC: 0.2217
Step 742700/1000000 | Loss: 1.7785 | LR: 1.00e-07 | MLM: 1.3968 | CTC: 0.3817
Step 742800/1000000 | Loss: 1.9471 | LR: 1.00e-07 | MLM: 1.5342 | CTC: 0.4129
Step 742900/1000000 | Loss: 0.9728 | LR: 1.00e-07 | MLM: 0.7446 | CTC: 0.2282
Step 743000/1000000 | Loss: 1.1630 | LR: 1.00e-07 | MLM: 0.9055 | CTC: 0.2575
Step 743100/1000000 | Loss: 1.5250 | LR: 1.00e-07 | MLM: 1.1633 | CTC: 0.3617
Step 743200/1000000 | Loss: 1.1098 | LR: 1.00e-07 | MLM: 0.8164 | CTC: 0.2935
Step 743300/1000000 | Loss: 1.0952 | LR: 1.00e-07 | MLM: 0.8434 | CTC: 0.2518
Step 743400/1000000 | Loss: 0.8818 | LR: 1.00e-07 | MLM: 0.6953 | CTC: 0.1865
Step 743500/1000000 | Loss: 1.1015 | LR: 1.00e-07 | MLM: 0.7845 | CTC: 0.3171
Step 743600/1000000 | Loss: 0.1738 | LR: 1.00e-07 | MLM: 0.0990 | CTC: 0.0748
Step 743700/1000000 | Loss: 0.6002 | LR: 1.00e-07 | MLM: 0.4053 | CTC: 0.1949
Step 743800/1000000 | Loss: 0.9188 | LR: 1.00e-07 | MLM: 0.6113 | CTC: 0.3075
Step 743900/1000000 | Loss: 1.8254 | LR: 1.00e-07 | MLM: 1.4534 | CTC: 0.3720
Step 744000/1000000 | Loss: 0.6295 | LR: 1.00e-07 | MLM: 0.5279 | CTC: 0.1015
Step 744100/1000000 | Loss: 0.6521 | LR: 1.00e-07 | MLM: 0.4990 | CTC: 0.1531
Step 744200/1000000 | Loss: 0.9623 | LR: 1.00e-07 | MLM: 0.7185 | CTC: 0.2438
Step 744300/1000000 | Loss: 1.6206 | LR: 1.00e-07 | MLM: 1.3114 | CTC: 0.3092
Step 744400/1000000 | Loss: 1.4087 | LR: 1.00e-07 | MLM: 1.1001 | CTC: 0.3086
Step 744500/1000000 | Loss: 1.2283 | LR: 1.00e-07 | MLM: 1.0058 | CTC: 0.2225
Step 744600/1000000 | Loss: 1.5833 | LR: 1.00e-07 | MLM: 1.2171 | CTC: 0.3662
Step 744700/1000000 | Loss: 1.7587 | LR: 1.00e-07 | MLM: 1.2256 | CTC: 0.5331
Step 744800/1000000 | Loss: 0.8197 | LR: 1.00e-07 | MLM: 0.6043 | CTC: 0.2155
Step 744900/1000000 | Loss: 1.2866 | LR: 1.00e-07 | MLM: 0.9951 | CTC: 0.2916
Step 745000/1000000 | Loss: 1.1286 | LR: 1.00e-07 | MLM: 0.8726 | CTC: 0.2561
✓ Saved checkpoint to checkpoint_step_745000.t7
Step 745100/1000000 | Loss: 0.9530 | LR: 1.00e-07 | MLM: 0.6427 | CTC: 0.3103
Step 745200/1000000 | Loss: 1.5703 | LR: 1.00e-07 | MLM: 1.2141 | CTC: 0.3562
Step 745300/1000000 | Loss: 1.2523 | LR: 1.00e-07 | MLM: 0.9985 | CTC: 0.2539
Step 745400/1000000 | Loss: 0.6844 | LR: 1.00e-07 | MLM: 0.5445 | CTC: 0.1400
Step 745500/1000000 | Loss: 1.9608 | LR: 1.00e-07 | MLM: 1.4252 | CTC: 0.5356
Step 745600/1000000 | Loss: 1.1715 | LR: 1.00e-07 | MLM: 0.9541 | CTC: 0.2173
Step 745700/1000000 | Loss: 1.3014 | LR: 1.00e-07 | MLM: 0.9904 | CTC: 0.3110
Step 745800/1000000 | Loss: 2.1635 | LR: 1.00e-07 | MLM: 1.5127 | CTC: 0.6508
Step 745900/1000000 | Loss: 2.1323 | LR: 1.00e-07 | MLM: 1.5627 | CTC: 0.5696
Step 746000/1000000 | Loss: 1.2256 | LR: 1.00e-07 | MLM: 0.9029 | CTC: 0.3227
Step 746100/1000000 | Loss: 1.1877 | LR: 1.00e-07 | MLM: 0.9377 | CTC: 0.2499
Step 746200/1000000 | Loss: 1.3878 | LR: 1.00e-07 | MLM: 1.0239 | CTC: 0.3638
Step 746300/1000000 | Loss: 1.6052 | LR: 1.00e-07 | MLM: 1.2575 | CTC: 0.3477
Step 746400/1000000 | Loss: 0.8329 | LR: 1.00e-07 | MLM: 0.6033 | CTC: 0.2297
Step 746500/1000000 | Loss: 1.0459 | LR: 1.00e-07 | MLM: 0.8148 | CTC: 0.2311
Step 746600/1000000 | Loss: 0.9609 | LR: 1.00e-07 | MLM: 0.7036 | CTC: 0.2573
Step 746700/1000000 | Loss: 2.2443 | LR: 1.00e-07 | MLM: 1.6516 | CTC: 0.5926
Step 746800/1000000 | Loss: 1.4616 | LR: 1.00e-07 | MLM: 1.0307 | CTC: 0.4310
Step 746900/1000000 | Loss: 0.8480 | LR: 1.00e-07 | MLM: 0.6228 | CTC: 0.2252
Step 747000/1000000 | Loss: 0.9140 | LR: 1.00e-07 | MLM: 0.6683 | CTC: 0.2457
Step 747100/1000000 | Loss: 0.1946 | LR: 1.00e-07 | MLM: 0.1475 | CTC: 0.0471
Step 747200/1000000 | Loss: 0.7932 | LR: 1.00e-07 | MLM: 0.5639 | CTC: 0.2293
Step 747300/1000000 | Loss: 0.8670 | LR: 1.00e-07 | MLM: 0.6902 | CTC: 0.1767
Step 747400/1000000 | Loss: 1.1067 | LR: 1.00e-07 | MLM: 0.8999 | CTC: 0.2068
Step 747500/1000000 | Loss: 0.7730 | LR: 1.00e-07 | MLM: 0.6259 | CTC: 0.1470
Step 747600/1000000 | Loss: 0.5908 | LR: 1.00e-07 | MLM: 0.4038 | CTC: 0.1870
Step 747700/1000000 | Loss: 2.0762 | LR: 1.00e-07 | MLM: 1.5462 | CTC: 0.5299
Step 747800/1000000 | Loss: 1.5694 | LR: 1.00e-07 | MLM: 1.1742 | CTC: 0.3952
Step 747900/1000000 | Loss: 1.3757 | LR: 1.00e-07 | MLM: 1.0136 | CTC: 0.3621
Step 748000/1000000 | Loss: 0.9635 | LR: 1.00e-07 | MLM: 0.7651 | CTC: 0.1984
Step 748100/1000000 | Loss: 0.4916 | LR: 1.00e-07 | MLM: 0.3781 | CTC: 0.1136
Step 748200/1000000 | Loss: 0.8043 | LR: 1.00e-07 | MLM: 0.6165 | CTC: 0.1877
Step 748300/1000000 | Loss: 0.2273 | LR: 1.00e-07 | MLM: 0.1663 | CTC: 0.0610
Step 748400/1000000 | Loss: 1.4840 | LR: 1.00e-07 | MLM: 1.1318 | CTC: 0.3522
Step 748500/1000000 | Loss: 0.5863 | LR: 1.00e-07 | MLM: 0.4188 | CTC: 0.1676
Step 748600/1000000 | Loss: 0.1257 | LR: 1.00e-07 | MLM: 0.0834 | CTC: 0.0423
Step 748700/1000000 | Loss: 1.7105 | LR: 1.00e-07 | MLM: 1.3076 | CTC: 0.4029
Step 748800/1000000 | Loss: 1.3194 | LR: 1.00e-07 | MLM: 1.0589 | CTC: 0.2605
Step 748900/1000000 | Loss: 1.2085 | LR: 1.00e-07 | MLM: 0.8245 | CTC: 0.3840
Step 749000/1000000 | Loss: 0.8603 | LR: 1.00e-07 | MLM: 0.7004 | CTC: 0.1599
Step 749100/1000000 | Loss: 0.6489 | LR: 1.00e-07 | MLM: 0.4634 | CTC: 0.1855
Step 749200/1000000 | Loss: 2.1472 | LR: 1.00e-07 | MLM: 1.5362 | CTC: 0.6110
Step 749300/1000000 | Loss: 0.8437 | LR: 1.00e-07 | MLM: 0.6885 | CTC: 0.1552
Step 749400/1000000 | Loss: 1.1028 | LR: 1.00e-07 | MLM: 0.7864 | CTC: 0.3164
Step 749500/1000000 | Loss: 1.9544 | LR: 1.00e-07 | MLM: 1.4786 | CTC: 0.4757
Step 749600/1000000 | Loss: 1.0920 | LR: 1.00e-07 | MLM: 0.8405 | CTC: 0.2515
Step 749700/1000000 | Loss: 1.4070 | LR: 1.00e-07 | MLM: 1.0909 | CTC: 0.3161
Step 749800/1000000 | Loss: 1.2957 | LR: 1.00e-07 | MLM: 1.0345 | CTC: 0.2612
Step 749900/1000000 | Loss: 0.7607 | LR: 1.00e-07 | MLM: 0.5323 | CTC: 0.2284
Step 750000/1000000 | Loss: 0.1460 | LR: 1.00e-07 | MLM: 0.0857 | CTC: 0.0603
✓ Saved checkpoint to checkpoint_step_750000.t7
Step 750100/1000000 | Loss: 0.5947 | LR: 1.00e-07 | MLM: 0.4377 | CTC: 0.1570
Step 750200/1000000 | Loss: 1.3015 | LR: 1.00e-07 | MLM: 0.9516 | CTC: 0.3499
Step 750300/1000000 | Loss: 1.3796 | LR: 1.00e-07 | MLM: 1.0572 | CTC: 0.3224
Step 750400/1000000 | Loss: 1.3744 | LR: 1.00e-07 | MLM: 1.0081 | CTC: 0.3663
Step 750500/1000000 | Loss: 1.7505 | LR: 1.00e-07 | MLM: 1.2922 | CTC: 0.4583
Step 750600/1000000 | Loss: 1.9656 | LR: 1.00e-07 | MLM: 1.4485 | CTC: 0.5171
Step 750700/1000000 | Loss: 0.5827 | LR: 1.00e-07 | MLM: 0.4631 | CTC: 0.1196
Step 750800/1000000 | Loss: 1.5407 | LR: 1.00e-07 | MLM: 1.1591 | CTC: 0.3816
Step 750900/1000000 | Loss: 0.8409 | LR: 1.00e-07 | MLM: 0.6298 | CTC: 0.2110
Step 751000/1000000 | Loss: 0.7221 | LR: 1.00e-07 | MLM: 0.5031 | CTC: 0.2189
Step 751100/1000000 | Loss: 1.0344 | LR: 1.00e-07 | MLM: 0.7576 | CTC: 0.2768
Step 751200/1000000 | Loss: 0.8874 | LR: 1.00e-07 | MLM: 0.6272 | CTC: 0.2603
Step 751300/1000000 | Loss: 1.0407 | LR: 1.00e-07 | MLM: 0.7896 | CTC: 0.2511
Step 751400/1000000 | Loss: 1.1914 | LR: 1.00e-07 | MLM: 0.8836 | CTC: 0.3079
Step 751500/1000000 | Loss: 2.0521 | LR: 1.00e-07 | MLM: 1.4669 | CTC: 0.5852
Step 751600/1000000 | Loss: 1.6289 | LR: 1.00e-07 | MLM: 1.1353 | CTC: 0.4937
Step 751700/1000000 | Loss: 0.9512 | LR: 1.00e-07 | MLM: 0.6984 | CTC: 0.2528
Step 751800/1000000 | Loss: 0.6792 | LR: 1.00e-07 | MLM: 0.4031 | CTC: 0.2760
Step 751900/1000000 | Loss: 0.5699 | LR: 1.00e-07 | MLM: 0.4558 | CTC: 0.1142
Step 752000/1000000 | Loss: 1.6974 | LR: 1.00e-07 | MLM: 1.2645 | CTC: 0.4329
Step 752100/1000000 | Loss: 0.7696 | LR: 1.00e-07 | MLM: 0.4652 | CTC: 0.3044
Step 752200/1000000 | Loss: 0.7403 | LR: 1.00e-07 | MLM: 0.4979 | CTC: 0.2424
Step 752300/1000000 | Loss: 1.5231 | LR: 1.00e-07 | MLM: 1.1844 | CTC: 0.3387
Step 752400/1000000 | Loss: 1.6640 | LR: 1.00e-07 | MLM: 1.2529 | CTC: 0.4111
Step 752500/1000000 | Loss: 0.3892 | LR: 1.00e-07 | MLM: 0.2802 | CTC: 0.1089
Step 752600/1000000 | Loss: 0.9753 | LR: 1.00e-07 | MLM: 0.6991 | CTC: 0.2762
Step 752700/1000000 | Loss: 1.1361 | LR: 1.00e-07 | MLM: 0.8932 | CTC: 0.2429
Step 752800/1000000 | Loss: 1.2940 | LR: 1.00e-07 | MLM: 1.0032 | CTC: 0.2908
Step 752900/1000000 | Loss: 1.3447 | LR: 1.00e-07 | MLM: 1.0189 | CTC: 0.3258
Step 753000/1000000 | Loss: 1.0495 | LR: 1.00e-07 | MLM: 0.7723 | CTC: 0.2773
Step 753100/1000000 | Loss: 1.2383 | LR: 1.00e-07 | MLM: 0.9539 | CTC: 0.2844
Step 753200/1000000 | Loss: 0.8443 | LR: 1.00e-07 | MLM: 0.6084 | CTC: 0.2360
Step 753300/1000000 | Loss: 1.2919 | LR: 1.00e-07 | MLM: 0.9421 | CTC: 0.3498
Step 753400/1000000 | Loss: 0.8916 | LR: 1.00e-07 | MLM: 0.7122 | CTC: 0.1794
Step 753500/1000000 | Loss: 1.8407 | LR: 1.00e-07 | MLM: 1.3683 | CTC: 0.4725
Step 753600/1000000 | Loss: 0.1853 | LR: 1.00e-07 | MLM: 0.1195 | CTC: 0.0658
Step 753700/1000000 | Loss: 1.2657 | LR: 1.00e-07 | MLM: 0.9734 | CTC: 0.2923
Step 753800/1000000 | Loss: 1.1426 | LR: 1.00e-07 | MLM: 0.8845 | CTC: 0.2581
Step 753900/1000000 | Loss: 1.5439 | LR: 1.00e-07 | MLM: 1.1563 | CTC: 0.3876
Step 754000/1000000 | Loss: 0.2900 | LR: 1.00e-07 | MLM: 0.2399 | CTC: 0.0501
Step 754100/1000000 | Loss: 1.5335 | LR: 1.00e-07 | MLM: 1.1350 | CTC: 0.3985
Step 754200/1000000 | Loss: 1.4930 | LR: 1.00e-07 | MLM: 1.1155 | CTC: 0.3775
Step 754300/1000000 | Loss: 1.1330 | LR: 1.00e-07 | MLM: 0.8325 | CTC: 0.3005
Step 754400/1000000 | Loss: 1.6679 | LR: 1.00e-07 | MLM: 1.2584 | CTC: 0.4095
Step 754500/1000000 | Loss: 1.7611 | LR: 1.00e-07 | MLM: 1.3054 | CTC: 0.4557
Step 754600/1000000 | Loss: 1.0925 | LR: 1.00e-07 | MLM: 0.8032 | CTC: 0.2893
Step 754700/1000000 | Loss: 0.9361 | LR: 1.00e-07 | MLM: 0.6888 | CTC: 0.2473
Step 754800/1000000 | Loss: 1.1496 | LR: 1.00e-07 | MLM: 0.8270 | CTC: 0.3226
Step 754900/1000000 | Loss: 0.8048 | LR: 1.00e-07 | MLM: 0.6505 | CTC: 0.1543
Step 755000/1000000 | Loss: 1.4214 | LR: 1.00e-07 | MLM: 1.0425 | CTC: 0.3789
✓ Saved checkpoint to checkpoint_step_755000.t7
Step 755100/1000000 | Loss: 0.8939 | LR: 1.00e-07 | MLM: 0.6583 | CTC: 0.2357
Step 755200/1000000 | Loss: 2.3733 | LR: 1.00e-07 | MLM: 1.8075 | CTC: 0.5658
Step 755300/1000000 | Loss: 2.0866 | LR: 1.00e-07 | MLM: 1.6052 | CTC: 0.4814
Step 755400/1000000 | Loss: 0.9697 | LR: 1.00e-07 | MLM: 0.7415 | CTC: 0.2282
Step 755500/1000000 | Loss: 1.5104 | LR: 1.00e-07 | MLM: 1.2290 | CTC: 0.2814
Step 755600/1000000 | Loss: 0.8332 | LR: 1.00e-07 | MLM: 0.5974 | CTC: 0.2358
Step 755700/1000000 | Loss: 1.1419 | LR: 1.00e-07 | MLM: 0.8302 | CTC: 0.3117
Step 755800/1000000 | Loss: 1.5461 | LR: 1.00e-07 | MLM: 1.0844 | CTC: 0.4616
Step 755900/1000000 | Loss: 1.0981 | LR: 1.00e-07 | MLM: 0.8648 | CTC: 0.2332
Step 756000/1000000 | Loss: 1.1387 | LR: 1.00e-07 | MLM: 0.9252 | CTC: 0.2135
Step 756100/1000000 | Loss: 1.2068 | LR: 1.00e-07 | MLM: 0.9288 | CTC: 0.2780
Step 756200/1000000 | Loss: 0.8271 | LR: 1.00e-07 | MLM: 0.6108 | CTC: 0.2163
Step 756300/1000000 | Loss: 1.3326 | LR: 1.00e-07 | MLM: 0.9598 | CTC: 0.3728
Step 756400/1000000 | Loss: 1.0560 | LR: 1.00e-07 | MLM: 0.7620 | CTC: 0.2940
Step 756500/1000000 | Loss: 1.9636 | LR: 1.00e-07 | MLM: 1.5094 | CTC: 0.4543
Step 756600/1000000 | Loss: 1.4608 | LR: 1.00e-07 | MLM: 1.1814 | CTC: 0.2793
Step 756700/1000000 | Loss: 0.6558 | LR: 1.00e-07 | MLM: 0.4660 | CTC: 0.1898
Step 756800/1000000 | Loss: 1.0767 | LR: 1.00e-07 | MLM: 0.8292 | CTC: 0.2475
Step 756900/1000000 | Loss: 0.5938 | LR: 1.00e-07 | MLM: 0.3960 | CTC: 0.1978
Step 757000/1000000 | Loss: 1.1470 | LR: 1.00e-07 | MLM: 0.7993 | CTC: 0.3477
Step 757100/1000000 | Loss: 0.6240 | LR: 1.00e-07 | MLM: 0.4726 | CTC: 0.1514
Step 757200/1000000 | Loss: 1.2195 | LR: 1.00e-07 | MLM: 0.9409 | CTC: 0.2786
Step 757300/1000000 | Loss: 0.8459 | LR: 1.00e-07 | MLM: 0.5884 | CTC: 0.2575
Step 757400/1000000 | Loss: 0.9299 | LR: 1.00e-07 | MLM: 0.6830 | CTC: 0.2468
Step 757500/1000000 | Loss: 1.0026 | LR: 1.00e-07 | MLM: 0.7397 | CTC: 0.2628
Step 757600/1000000 | Loss: 0.9013 | LR: 1.00e-07 | MLM: 0.6115 | CTC: 0.2898
Step 757700/1000000 | Loss: 1.3086 | LR: 1.00e-07 | MLM: 0.9792 | CTC: 0.3294
Step 757800/1000000 | Loss: 1.2796 | LR: 1.00e-07 | MLM: 0.9477 | CTC: 0.3319
Step 757900/1000000 | Loss: 1.1047 | LR: 1.00e-07 | MLM: 0.7662 | CTC: 0.3386
Step 758000/1000000 | Loss: 1.2956 | LR: 1.00e-07 | MLM: 0.9795 | CTC: 0.3161
Step 758100/1000000 | Loss: 1.5204 | LR: 1.00e-07 | MLM: 1.1544 | CTC: 0.3659
Step 758200/1000000 | Loss: 1.1396 | LR: 1.00e-07 | MLM: 0.8433 | CTC: 0.2963
Step 758300/1000000 | Loss: 1.8942 | LR: 1.00e-07 | MLM: 1.4297 | CTC: 0.4645
Step 758400/1000000 | Loss: 1.2189 | LR: 1.00e-07 | MLM: 0.9303 | CTC: 0.2886
Step 758500/1000000 | Loss: 1.0163 | LR: 1.00e-07 | MLM: 0.7577 | CTC: 0.2586
Step 758600/1000000 | Loss: 1.4399 | LR: 1.00e-07 | MLM: 1.1194 | CTC: 0.3204
Step 758700/1000000 | Loss: 0.9027 | LR: 1.00e-07 | MLM: 0.6473 | CTC: 0.2554
Step 758800/1000000 | Loss: 1.4818 | LR: 1.00e-07 | MLM: 1.0377 | CTC: 0.4442
Step 758900/1000000 | Loss: 1.6142 | LR: 1.00e-07 | MLM: 1.1840 | CTC: 0.4302
Step 759000/1000000 | Loss: 0.6973 | LR: 1.00e-07 | MLM: 0.4890 | CTC: 0.2083
Step 759100/1000000 | Loss: 1.2238 | LR: 1.00e-07 | MLM: 0.9280 | CTC: 0.2958
Step 759200/1000000 | Loss: 0.6924 | LR: 1.00e-07 | MLM: 0.6072 | CTC: 0.0851
Step 759300/1000000 | Loss: 0.5019 | LR: 1.00e-07 | MLM: 0.3929 | CTC: 0.1090
Step 759400/1000000 | Loss: 0.8933 | LR: 1.00e-07 | MLM: 0.6301 | CTC: 0.2632
Step 759500/1000000 | Loss: 1.6756 | LR: 1.00e-07 | MLM: 1.1663 | CTC: 0.5094
Step 759600/1000000 | Loss: 1.3340 | LR: 1.00e-07 | MLM: 0.9170 | CTC: 0.4171
Step 759700/1000000 | Loss: 0.3612 | LR: 1.00e-07 | MLM: 0.2786 | CTC: 0.0826
Step 759800/1000000 | Loss: 1.1018 | LR: 1.00e-07 | MLM: 0.8623 | CTC: 0.2395
Step 759900/1000000 | Loss: 1.5211 | LR: 1.00e-07 | MLM: 1.2001 | CTC: 0.3210
Step 760000/1000000 | Loss: 1.7107 | LR: 1.00e-07 | MLM: 1.3010 | CTC: 0.4097
✓ Saved checkpoint to checkpoint_step_760000.t7
Step 760100/1000000 | Loss: 1.6715 | LR: 1.00e-07 | MLM: 1.3264 | CTC: 0.3452
Step 760200/1000000 | Loss: 0.7845 | LR: 1.00e-07 | MLM: 0.6081 | CTC: 0.1764
Step 760300/1000000 | Loss: 1.3979 | LR: 1.00e-07 | MLM: 1.0656 | CTC: 0.3323
Step 760400/1000000 | Loss: 0.8543 | LR: 1.00e-07 | MLM: 0.6372 | CTC: 0.2170
Step 760500/1000000 | Loss: 2.1272 | LR: 1.00e-07 | MLM: 1.8276 | CTC: 0.2996
Step 760600/1000000 | Loss: 0.9464 | LR: 1.00e-07 | MLM: 0.6630 | CTC: 0.2833
Step 760700/1000000 | Loss: 1.1307 | LR: 1.00e-07 | MLM: 0.8824 | CTC: 0.2483
Step 760800/1000000 | Loss: 0.8240 | LR: 1.00e-07 | MLM: 0.6377 | CTC: 0.1863
Step 760900/1000000 | Loss: 1.6073 | LR: 1.00e-07 | MLM: 1.2417 | CTC: 0.3656
Step 761000/1000000 | Loss: 1.1903 | LR: 1.00e-07 | MLM: 1.0470 | CTC: 0.1432
Step 761100/1000000 | Loss: 2.3240 | LR: 1.00e-07 | MLM: 1.6955 | CTC: 0.6285
Step 761200/1000000 | Loss: 1.1123 | LR: 1.00e-07 | MLM: 0.8589 | CTC: 0.2534
Step 761300/1000000 | Loss: 0.2477 | LR: 1.00e-07 | MLM: 0.2131 | CTC: 0.0345
Step 761400/1000000 | Loss: 1.3541 | LR: 1.00e-07 | MLM: 0.9323 | CTC: 0.4218
Step 761500/1000000 | Loss: 0.8437 | LR: 1.00e-07 | MLM: 0.6327 | CTC: 0.2110
Step 761600/1000000 | Loss: 1.3168 | LR: 1.00e-07 | MLM: 0.9166 | CTC: 0.4002
Step 761700/1000000 | Loss: 1.6129 | LR: 1.00e-07 | MLM: 1.2452 | CTC: 0.3678
Step 761800/1000000 | Loss: 0.6331 | LR: 1.00e-07 | MLM: 0.4019 | CTC: 0.2312
Step 761900/1000000 | Loss: 1.0129 | LR: 1.00e-07 | MLM: 0.7329 | CTC: 0.2801
Step 762000/1000000 | Loss: 0.7426 | LR: 1.00e-07 | MLM: 0.4976 | CTC: 0.2451
Step 762100/1000000 | Loss: 0.6074 | LR: 1.00e-07 | MLM: 0.4594 | CTC: 0.1480
Step 762200/1000000 | Loss: 1.4516 | LR: 1.00e-07 | MLM: 1.1307 | CTC: 0.3209
Step 762300/1000000 | Loss: 1.0260 | LR: 1.00e-07 | MLM: 0.7568 | CTC: 0.2692
Step 762400/1000000 | Loss: 1.7827 | LR: 1.00e-07 | MLM: 1.4311 | CTC: 0.3516
Step 762500/1000000 | Loss: 1.6192 | LR: 1.00e-07 | MLM: 1.1363 | CTC: 0.4829
Step 762600/1000000 | Loss: 1.2081 | LR: 1.00e-07 | MLM: 0.8741 | CTC: 0.3340
Step 762700/1000000 | Loss: 1.6931 | LR: 1.00e-07 | MLM: 1.2305 | CTC: 0.4626
Step 762800/1000000 | Loss: 1.0585 | LR: 1.00e-07 | MLM: 0.7042 | CTC: 0.3542
Step 762900/1000000 | Loss: 1.1828 | LR: 1.00e-07 | MLM: 0.9710 | CTC: 0.2118
Step 763000/1000000 | Loss: 0.8075 | LR: 1.00e-07 | MLM: 0.5704 | CTC: 0.2370
Step 763100/1000000 | Loss: 1.7053 | LR: 1.00e-07 | MLM: 1.2377 | CTC: 0.4677
Step 763200/1000000 | Loss: 1.2606 | LR: 1.00e-07 | MLM: 0.9114 | CTC: 0.3492
Step 763300/1000000 | Loss: 2.2703 | LR: 1.00e-07 | MLM: 1.7203 | CTC: 0.5500
Step 763400/1000000 | Loss: 1.4451 | LR: 1.00e-07 | MLM: 1.0282 | CTC: 0.4169
Step 763500/1000000 | Loss: 1.3853 | LR: 1.00e-07 | MLM: 1.0671 | CTC: 0.3182
Step 763600/1000000 | Loss: 1.2821 | LR: 1.00e-07 | MLM: 0.9670 | CTC: 0.3151
Step 763700/1000000 | Loss: 1.7773 | LR: 1.00e-07 | MLM: 1.3597 | CTC: 0.4175
Step 763800/1000000 | Loss: 1.1244 | LR: 1.00e-07 | MLM: 0.8202 | CTC: 0.3043
Step 763900/1000000 | Loss: 1.1369 | LR: 1.00e-07 | MLM: 0.7991 | CTC: 0.3379
Step 764000/1000000 | Loss: 1.9770 | LR: 1.00e-07 | MLM: 1.4577 | CTC: 0.5193
Step 764100/1000000 | Loss: 1.0888 | LR: 1.00e-07 | MLM: 0.8768 | CTC: 0.2120
Step 764200/1000000 | Loss: 1.5668 | LR: 1.00e-07 | MLM: 1.2020 | CTC: 0.3648
Step 764300/1000000 | Loss: 0.8617 | LR: 1.00e-07 | MLM: 0.6636 | CTC: 0.1981
Step 764400/1000000 | Loss: 1.4301 | LR: 1.00e-07 | MLM: 1.0482 | CTC: 0.3819
Step 764500/1000000 | Loss: 0.8982 | LR: 1.00e-07 | MLM: 0.6255 | CTC: 0.2727
Step 764600/1000000 | Loss: 1.3231 | LR: 1.00e-07 | MLM: 1.0307 | CTC: 0.2924
Step 764700/1000000 | Loss: 2.2899 | LR: 1.00e-07 | MLM: 1.6890 | CTC: 0.6009
Step 764800/1000000 | Loss: 1.5638 | LR: 1.00e-07 | MLM: 1.2239 | CTC: 0.3398
Step 764900/1000000 | Loss: 0.7364 | LR: 1.00e-07 | MLM: 0.5693 | CTC: 0.1671
Step 765000/1000000 | Loss: 0.8790 | LR: 1.00e-07 | MLM: 0.6160 | CTC: 0.2631
✓ Saved checkpoint to checkpoint_step_765000.t7
Step 765100/1000000 | Loss: 0.8083 | LR: 1.00e-07 | MLM: 0.6505 | CTC: 0.1577
Step 765200/1000000 | Loss: 1.8088 | LR: 1.00e-07 | MLM: 1.3046 | CTC: 0.5042
Step 765300/1000000 | Loss: 1.4571 | LR: 1.00e-07 | MLM: 1.1965 | CTC: 0.2606
Step 765400/1000000 | Loss: 1.2902 | LR: 1.00e-07 | MLM: 0.9318 | CTC: 0.3585
Step 765500/1000000 | Loss: 1.6767 | LR: 1.00e-07 | MLM: 1.2623 | CTC: 0.4143
Step 765600/1000000 | Loss: 1.2536 | LR: 1.00e-07 | MLM: 0.9103 | CTC: 0.3432
Step 765700/1000000 | Loss: 0.8476 | LR: 1.00e-07 | MLM: 0.6277 | CTC: 0.2199
Step 765800/1000000 | Loss: 1.7617 | LR: 1.00e-07 | MLM: 1.3420 | CTC: 0.4197
Step 765900/1000000 | Loss: 1.6635 | LR: 1.00e-07 | MLM: 1.2519 | CTC: 0.4117
Step 766000/1000000 | Loss: 0.6564 | LR: 1.00e-07 | MLM: 0.5211 | CTC: 0.1352
Step 766100/1000000 | Loss: 0.9874 | LR: 1.00e-07 | MLM: 0.7894 | CTC: 0.1980
Step 766200/1000000 | Loss: 2.3235 | LR: 1.00e-07 | MLM: 1.6843 | CTC: 0.6393
Step 766300/1000000 | Loss: 1.3966 | LR: 1.00e-07 | MLM: 1.0956 | CTC: 0.3010
Step 766400/1000000 | Loss: 2.1698 | LR: 1.00e-07 | MLM: 1.5835 | CTC: 0.5863
Step 766500/1000000 | Loss: 0.2335 | LR: 1.00e-07 | MLM: 0.1917 | CTC: 0.0418
Step 766600/1000000 | Loss: 0.2302 | LR: 1.00e-07 | MLM: 0.1472 | CTC: 0.0830
Step 766700/1000000 | Loss: 1.8342 | LR: 1.00e-07 | MLM: 1.3965 | CTC: 0.4377
Step 766800/1000000 | Loss: 0.9493 | LR: 1.00e-07 | MLM: 0.7302 | CTC: 0.2191
Step 766900/1000000 | Loss: 0.7817 | LR: 1.00e-07 | MLM: 0.5883 | CTC: 0.1935
Step 767000/1000000 | Loss: 1.6505 | LR: 1.00e-07 | MLM: 1.3534 | CTC: 0.2971
Step 767100/1000000 | Loss: 1.3283 | LR: 1.00e-07 | MLM: 0.9778 | CTC: 0.3505
Step 767200/1000000 | Loss: 1.7972 | LR: 1.00e-07 | MLM: 1.2864 | CTC: 0.5108
Step 767300/1000000 | Loss: 0.6255 | LR: 1.00e-07 | MLM: 0.4949 | CTC: 0.1305
Step 767400/1000000 | Loss: 1.9274 | LR: 1.00e-07 | MLM: 1.5251 | CTC: 0.4023
Step 767500/1000000 | Loss: 1.3616 | LR: 1.00e-07 | MLM: 0.9959 | CTC: 0.3657
Step 767600/1000000 | Loss: 1.2093 | LR: 1.00e-07 | MLM: 0.9551 | CTC: 0.2542
Step 767700/1000000 | Loss: 0.8813 | LR: 1.00e-07 | MLM: 0.6492 | CTC: 0.2321
Step 767800/1000000 | Loss: 2.0575 | LR: 1.00e-07 | MLM: 1.4236 | CTC: 0.6339
Step 767900/1000000 | Loss: 0.8346 | LR: 1.00e-07 | MLM: 0.6492 | CTC: 0.1854
Step 768000/1000000 | Loss: 1.0183 | LR: 1.00e-07 | MLM: 0.7268 | CTC: 0.2915
Step 768100/1000000 | Loss: 0.1553 | LR: 1.00e-07 | MLM: 0.1091 | CTC: 0.0463
Step 768200/1000000 | Loss: 0.6024 | LR: 1.00e-07 | MLM: 0.4299 | CTC: 0.1726
Step 768300/1000000 | Loss: 1.4473 | LR: 1.00e-07 | MLM: 1.1681 | CTC: 0.2792
Step 768400/1000000 | Loss: 0.6292 | LR: 1.00e-07 | MLM: 0.5235 | CTC: 0.1057
Step 768500/1000000 | Loss: 0.8983 | LR: 1.00e-07 | MLM: 0.6814 | CTC: 0.2169
Step 768600/1000000 | Loss: 2.2355 | LR: 1.00e-07 | MLM: 1.7421 | CTC: 0.4934
Step 768700/1000000 | Loss: 1.5236 | LR: 1.00e-07 | MLM: 1.1770 | CTC: 0.3467
Step 768800/1000000 | Loss: 0.5599 | LR: 1.00e-07 | MLM: 0.4182 | CTC: 0.1417
Step 768900/1000000 | Loss: 1.3385 | LR: 1.00e-07 | MLM: 0.9730 | CTC: 0.3655
Step 769000/1000000 | Loss: 0.7651 | LR: 1.00e-07 | MLM: 0.4946 | CTC: 0.2705
Step 769100/1000000 | Loss: 1.5508 | LR: 1.00e-07 | MLM: 1.1616 | CTC: 0.3892
Step 769200/1000000 | Loss: 1.0344 | LR: 1.00e-07 | MLM: 0.7245 | CTC: 0.3099
Step 769300/1000000 | Loss: 1.1890 | LR: 1.00e-07 | MLM: 0.8678 | CTC: 0.3213
Step 769400/1000000 | Loss: 1.7261 | LR: 1.00e-07 | MLM: 1.3260 | CTC: 0.4001
Step 769500/1000000 | Loss: 0.1903 | LR: 1.00e-07 | MLM: 0.1397 | CTC: 0.0505
Step 769600/1000000 | Loss: 0.3325 | LR: 1.00e-07 | MLM: 0.2167 | CTC: 0.1158
Step 769700/1000000 | Loss: 0.1978 | LR: 1.00e-07 | MLM: 0.1409 | CTC: 0.0569
Step 769800/1000000 | Loss: 0.0678 | LR: 1.00e-07 | MLM: 0.0423 | CTC: 0.0255
Step 769900/1000000 | Loss: 1.8762 | LR: 1.00e-07 | MLM: 1.4291 | CTC: 0.4471
Step 770000/1000000 | Loss: 0.3674 | LR: 1.00e-07 | MLM: 0.2269 | CTC: 0.1405
✓ Saved checkpoint to checkpoint_step_770000.t7
Step 770100/1000000 | Loss: 1.1949 | LR: 1.00e-07 | MLM: 0.8764 | CTC: 0.3185
Step 770200/1000000 | Loss: 0.5753 | LR: 1.00e-07 | MLM: 0.3739 | CTC: 0.2014
Step 770300/1000000 | Loss: 0.7456 | LR: 1.00e-07 | MLM: 0.4898 | CTC: 0.2558
Step 770400/1000000 | Loss: 1.4435 | LR: 1.00e-07 | MLM: 1.1502 | CTC: 0.2933
Step 770500/1000000 | Loss: 2.0210 | LR: 1.00e-07 | MLM: 1.4769 | CTC: 0.5441
Step 770600/1000000 | Loss: 1.5332 | LR: 1.00e-07 | MLM: 1.2358 | CTC: 0.2974
Step 770700/1000000 | Loss: 1.7271 | LR: 1.00e-07 | MLM: 1.2985 | CTC: 0.4286
Step 770800/1000000 | Loss: 1.5538 | LR: 1.00e-07 | MLM: 1.1307 | CTC: 0.4231
Step 770900/1000000 | Loss: 0.6917 | LR: 1.00e-07 | MLM: 0.4994 | CTC: 0.1923
Step 771000/1000000 | Loss: 1.2939 | LR: 1.00e-07 | MLM: 0.9753 | CTC: 0.3186
Step 771100/1000000 | Loss: 1.5636 | LR: 1.00e-07 | MLM: 1.1850 | CTC: 0.3786
Step 771200/1000000 | Loss: 0.7376 | LR: 1.00e-07 | MLM: 0.5765 | CTC: 0.1611
Step 771300/1000000 | Loss: 1.4766 | LR: 1.00e-07 | MLM: 1.0407 | CTC: 0.4359
Step 771400/1000000 | Loss: 0.4139 | LR: 1.00e-07 | MLM: 0.2721 | CTC: 0.1418
Step 771500/1000000 | Loss: 0.8751 | LR: 1.00e-07 | MLM: 0.6049 | CTC: 0.2701
Step 771600/1000000 | Loss: 1.6680 | LR: 1.00e-07 | MLM: 1.2899 | CTC: 0.3780
Step 771700/1000000 | Loss: 0.6455 | LR: 1.00e-07 | MLM: 0.4538 | CTC: 0.1917
Step 771800/1000000 | Loss: 1.3177 | LR: 1.00e-07 | MLM: 0.9849 | CTC: 0.3328
Step 771900/1000000 | Loss: 1.4769 | LR: 1.00e-07 | MLM: 1.1424 | CTC: 0.3346
Step 772000/1000000 | Loss: 1.4863 | LR: 1.00e-07 | MLM: 1.2174 | CTC: 0.2689
Step 772100/1000000 | Loss: 1.3773 | LR: 1.00e-07 | MLM: 1.0377 | CTC: 0.3396
Step 772200/1000000 | Loss: 0.3093 | LR: 1.00e-07 | MLM: 0.2275 | CTC: 0.0818
Step 772300/1000000 | Loss: 1.4865 | LR: 1.00e-07 | MLM: 1.1806 | CTC: 0.3059
Step 772400/1000000 | Loss: 0.4376 | LR: 1.00e-07 | MLM: 0.3131 | CTC: 0.1246
Step 772500/1000000 | Loss: 1.2782 | LR: 1.00e-07 | MLM: 0.9017 | CTC: 0.3765
Step 772600/1000000 | Loss: 1.1040 | LR: 1.00e-07 | MLM: 0.8549 | CTC: 0.2491
Step 772700/1000000 | Loss: 1.7022 | LR: 1.00e-07 | MLM: 1.2855 | CTC: 0.4167
Step 772800/1000000 | Loss: 1.3982 | LR: 1.00e-07 | MLM: 1.0064 | CTC: 0.3919
Step 772900/1000000 | Loss: 1.2286 | LR: 1.00e-07 | MLM: 0.8218 | CTC: 0.4068
Step 773000/1000000 | Loss: 1.5106 | LR: 1.00e-07 | MLM: 1.1062 | CTC: 0.4044
Step 773100/1000000 | Loss: 2.2565 | LR: 1.00e-07 | MLM: 1.6398 | CTC: 0.6166
Step 773200/1000000 | Loss: 1.5951 | LR: 1.00e-07 | MLM: 1.2578 | CTC: 0.3372
Step 773300/1000000 | Loss: 1.3793 | LR: 1.00e-07 | MLM: 1.0316 | CTC: 0.3477
Step 773400/1000000 | Loss: 1.6040 | LR: 1.00e-07 | MLM: 1.2295 | CTC: 0.3745
Step 773500/1000000 | Loss: 1.3518 | LR: 1.00e-07 | MLM: 1.0353 | CTC: 0.3165
Step 773600/1000000 | Loss: 1.3136 | LR: 1.00e-07 | MLM: 0.9526 | CTC: 0.3610
Step 773700/1000000 | Loss: 0.3402 | LR: 1.00e-07 | MLM: 0.2330 | CTC: 0.1072
Step 773800/1000000 | Loss: 1.6831 | LR: 1.00e-07 | MLM: 1.1482 | CTC: 0.5349
Step 773900/1000000 | Loss: 1.4658 | LR: 1.00e-07 | MLM: 1.1037 | CTC: 0.3622
Step 774000/1000000 | Loss: 0.0356 | LR: 1.00e-07 | MLM: 0.0162 | CTC: 0.0193
Step 774100/1000000 | Loss: 0.7058 | LR: 1.00e-07 | MLM: 0.5355 | CTC: 0.1703
Step 774200/1000000 | Loss: 1.6262 | LR: 1.00e-07 | MLM: 1.2145 | CTC: 0.4117
Step 774300/1000000 | Loss: 1.3421 | LR: 1.00e-07 | MLM: 1.0263 | CTC: 0.3158
Step 774400/1000000 | Loss: 1.7259 | LR: 1.00e-07 | MLM: 1.2366 | CTC: 0.4893
Step 774500/1000000 | Loss: 1.1867 | LR: 1.00e-07 | MLM: 0.8964 | CTC: 0.2903
Step 774600/1000000 | Loss: 1.1429 | LR: 1.00e-07 | MLM: 0.8112 | CTC: 0.3317
Step 774700/1000000 | Loss: 1.7334 | LR: 1.00e-07 | MLM: 1.3235 | CTC: 0.4099
Step 774800/1000000 | Loss: 0.9915 | LR: 1.00e-07 | MLM: 0.7212 | CTC: 0.2703
Step 774900/1000000 | Loss: 1.4079 | LR: 1.00e-07 | MLM: 1.0828 | CTC: 0.3250
Step 775000/1000000 | Loss: 0.4244 | LR: 1.00e-07 | MLM: 0.3266 | CTC: 0.0978
✓ Saved checkpoint to checkpoint_step_775000.t7
Step 775100/1000000 | Loss: 1.1567 | LR: 1.00e-07 | MLM: 0.8942 | CTC: 0.2626
Step 775200/1000000 | Loss: 1.1866 | LR: 1.00e-07 | MLM: 0.9287 | CTC: 0.2579
Step 775300/1000000 | Loss: 1.3495 | LR: 1.00e-07 | MLM: 0.9907 | CTC: 0.3588
Step 775400/1000000 | Loss: 1.3571 | LR: 1.00e-07 | MLM: 1.0497 | CTC: 0.3074
Step 775500/1000000 | Loss: 1.7310 | LR: 1.00e-07 | MLM: 1.3110 | CTC: 0.4201
Step 775600/1000000 | Loss: 1.3515 | LR: 1.00e-07 | MLM: 0.9752 | CTC: 0.3763
Step 775700/1000000 | Loss: 0.9004 | LR: 1.00e-07 | MLM: 0.6165 | CTC: 0.2838
Step 775800/1000000 | Loss: 1.7254 | LR: 1.00e-07 | MLM: 1.3529 | CTC: 0.3726
Step 775900/1000000 | Loss: 0.0742 | LR: 1.00e-07 | MLM: 0.0287 | CTC: 0.0455
Step 776000/1000000 | Loss: 1.4060 | LR: 1.00e-07 | MLM: 1.0778 | CTC: 0.3282
Step 776100/1000000 | Loss: 1.6956 | LR: 1.00e-07 | MLM: 1.1947 | CTC: 0.5008
Step 776200/1000000 | Loss: 1.6042 | LR: 1.00e-07 | MLM: 1.0903 | CTC: 0.5139
Step 776300/1000000 | Loss: 1.5343 | LR: 1.00e-07 | MLM: 1.2373 | CTC: 0.2970
Step 776400/1000000 | Loss: 1.3724 | LR: 1.00e-07 | MLM: 1.0236 | CTC: 0.3488
Step 776500/1000000 | Loss: 0.5775 | LR: 1.00e-07 | MLM: 0.4317 | CTC: 0.1458
Step 776600/1000000 | Loss: 1.7475 | LR: 1.00e-07 | MLM: 1.1741 | CTC: 0.5734
Step 776700/1000000 | Loss: 1.5448 | LR: 1.00e-07 | MLM: 1.0770 | CTC: 0.4678
Step 776800/1000000 | Loss: 0.4907 | LR: 1.00e-07 | MLM: 0.4133 | CTC: 0.0774
Step 776900/1000000 | Loss: 0.9766 | LR: 1.00e-07 | MLM: 0.7461 | CTC: 0.2305
Step 777000/1000000 | Loss: 0.4512 | LR: 1.00e-07 | MLM: 0.3008 | CTC: 0.1504
Step 777100/1000000 | Loss: 0.2417 | LR: 1.00e-07 | MLM: 0.1667 | CTC: 0.0751
Step 777200/1000000 | Loss: 1.5845 | LR: 1.00e-07 | MLM: 1.2055 | CTC: 0.3790
Step 777300/1000000 | Loss: 0.7756 | LR: 1.00e-07 | MLM: 0.5320 | CTC: 0.2436
Step 777400/1000000 | Loss: 0.3935 | LR: 1.00e-07 | MLM: 0.3257 | CTC: 0.0678
Step 777500/1000000 | Loss: 0.6802 | LR: 1.00e-07 | MLM: 0.5112 | CTC: 0.1690
Step 777600/1000000 | Loss: 1.2359 | LR: 1.00e-07 | MLM: 0.9352 | CTC: 0.3007
Step 777700/1000000 | Loss: 2.0267 | LR: 1.00e-07 | MLM: 1.4587 | CTC: 0.5680
Step 777800/1000000 | Loss: 1.4639 | LR: 1.00e-07 | MLM: 1.0540 | CTC: 0.4099
Step 777900/1000000 | Loss: 1.9144 | LR: 1.00e-07 | MLM: 1.3857 | CTC: 0.5287
Step 778000/1000000 | Loss: 1.3140 | LR: 1.00e-07 | MLM: 0.9755 | CTC: 0.3385
Step 778100/1000000 | Loss: 1.0954 | LR: 1.00e-07 | MLM: 0.8403 | CTC: 0.2551
Step 778200/1000000 | Loss: 2.0269 | LR: 1.00e-07 | MLM: 1.5224 | CTC: 0.5046
Step 778300/1000000 | Loss: 1.1458 | LR: 1.00e-07 | MLM: 0.7218 | CTC: 0.4240
Step 778400/1000000 | Loss: 0.7538 | LR: 1.00e-07 | MLM: 0.5599 | CTC: 0.1939
Step 778500/1000000 | Loss: 1.0676 | LR: 1.00e-07 | MLM: 0.8084 | CTC: 0.2592
Step 778600/1000000 | Loss: 1.4877 | LR: 1.00e-07 | MLM: 1.0890 | CTC: 0.3986
Step 778700/1000000 | Loss: 0.7439 | LR: 1.00e-07 | MLM: 0.5032 | CTC: 0.2407
Step 778800/1000000 | Loss: 0.8261 | LR: 1.00e-07 | MLM: 0.5695 | CTC: 0.2566
Step 778900/1000000 | Loss: 1.5038 | LR: 1.00e-07 | MLM: 1.1277 | CTC: 0.3762
Step 779000/1000000 | Loss: 1.7086 | LR: 1.00e-07 | MLM: 1.3639 | CTC: 0.3447
Step 779100/1000000 | Loss: 0.9700 | LR: 1.00e-07 | MLM: 0.6472 | CTC: 0.3228
Step 779200/1000000 | Loss: 0.9097 | LR: 1.00e-07 | MLM: 0.7607 | CTC: 0.1490
Step 779300/1000000 | Loss: 0.8596 | LR: 1.00e-07 | MLM: 0.6744 | CTC: 0.1852
Step 779400/1000000 | Loss: 1.6310 | LR: 1.00e-07 | MLM: 1.1262 | CTC: 0.5048
Step 779500/1000000 | Loss: 1.5073 | LR: 1.00e-07 | MLM: 0.9863 | CTC: 0.5210
Step 779600/1000000 | Loss: 0.2949 | LR: 1.00e-07 | MLM: 0.2296 | CTC: 0.0653
Step 779700/1000000 | Loss: 1.7177 | LR: 1.00e-07 | MLM: 1.3089 | CTC: 0.4087
Step 779800/1000000 | Loss: 1.2914 | LR: 1.00e-07 | MLM: 1.0554 | CTC: 0.2360
Step 779900/1000000 | Loss: 1.8171 | LR: 1.00e-07 | MLM: 1.5204 | CTC: 0.2968
Step 780000/1000000 | Loss: 0.8427 | LR: 1.00e-07 | MLM: 0.6256 | CTC: 0.2171
✓ Saved checkpoint to checkpoint_step_780000.t7
Step 780100/1000000 | Loss: 1.7279 | LR: 1.00e-07 | MLM: 1.2996 | CTC: 0.4283
Step 780200/1000000 | Loss: 1.7429 | LR: 1.00e-07 | MLM: 1.3030 | CTC: 0.4399
Step 780300/1000000 | Loss: 0.5647 | LR: 1.00e-07 | MLM: 0.4071 | CTC: 0.1577
Step 780400/1000000 | Loss: 1.0398 | LR: 1.00e-07 | MLM: 0.8156 | CTC: 0.2241
Step 780500/1000000 | Loss: 1.9987 | LR: 1.00e-07 | MLM: 1.5313 | CTC: 0.4675
Step 780600/1000000 | Loss: 0.2698 | LR: 1.00e-07 | MLM: 0.1648 | CTC: 0.1050
Step 780700/1000000 | Loss: 1.1180 | LR: 1.00e-07 | MLM: 0.9278 | CTC: 0.1902
Step 780800/1000000 | Loss: 1.1146 | LR: 1.00e-07 | MLM: 0.7984 | CTC: 0.3162
Step 780900/1000000 | Loss: 0.5157 | LR: 1.00e-07 | MLM: 0.3465 | CTC: 0.1693
Step 781000/1000000 | Loss: 1.6197 | LR: 1.00e-07 | MLM: 1.1993 | CTC: 0.4204
Step 781100/1000000 | Loss: 0.9098 | LR: 1.00e-07 | MLM: 0.6408 | CTC: 0.2690
Step 781200/1000000 | Loss: 1.3447 | LR: 1.00e-07 | MLM: 0.9545 | CTC: 0.3902
Step 781300/1000000 | Loss: 0.8395 | LR: 1.00e-07 | MLM: 0.6356 | CTC: 0.2039
Step 781400/1000000 | Loss: 1.8762 | LR: 1.00e-07 | MLM: 1.3109 | CTC: 0.5653
Step 781500/1000000 | Loss: 0.7792 | LR: 1.00e-07 | MLM: 0.5962 | CTC: 0.1830
Step 781600/1000000 | Loss: 2.6356 | LR: 1.00e-07 | MLM: 1.9997 | CTC: 0.6358
Step 781700/1000000 | Loss: 1.2840 | LR: 1.00e-07 | MLM: 0.9250 | CTC: 0.3590
Step 781800/1000000 | Loss: 2.1737 | LR: 1.00e-07 | MLM: 1.6583 | CTC: 0.5154
Step 781900/1000000 | Loss: 0.2899 | LR: 1.00e-07 | MLM: 0.1908 | CTC: 0.0991
Step 782000/1000000 | Loss: 0.9648 | LR: 1.00e-07 | MLM: 0.6844 | CTC: 0.2804
Step 782100/1000000 | Loss: 1.7629 | LR: 1.00e-07 | MLM: 1.4158 | CTC: 0.3471
Step 782200/1000000 | Loss: 1.7333 | LR: 1.00e-07 | MLM: 1.2823 | CTC: 0.4510
Step 782300/1000000 | Loss: 0.8966 | LR: 1.00e-07 | MLM: 0.5804 | CTC: 0.3162
Step 782400/1000000 | Loss: 1.7512 | LR: 1.00e-07 | MLM: 1.2854 | CTC: 0.4659
Step 782500/1000000 | Loss: 1.3774 | LR: 1.00e-07 | MLM: 1.0413 | CTC: 0.3361
Step 782600/1000000 | Loss: 1.6411 | LR: 1.00e-07 | MLM: 1.2539 | CTC: 0.3871
Step 782700/1000000 | Loss: 1.2473 | LR: 1.00e-07 | MLM: 0.9635 | CTC: 0.2838
Step 782800/1000000 | Loss: 1.1675 | LR: 1.00e-07 | MLM: 0.9412 | CTC: 0.2264
Step 782900/1000000 | Loss: 0.5271 | LR: 1.00e-07 | MLM: 0.3315 | CTC: 0.1956
Step 783000/1000000 | Loss: 1.0500 | LR: 1.00e-07 | MLM: 0.8731 | CTC: 0.1770
Step 783100/1000000 | Loss: 1.2142 | LR: 1.00e-07 | MLM: 0.9456 | CTC: 0.2686
Step 783200/1000000 | Loss: 0.7361 | LR: 1.00e-07 | MLM: 0.4247 | CTC: 0.3113
Step 783300/1000000 | Loss: 2.2297 | LR: 1.00e-07 | MLM: 1.6528 | CTC: 0.5770
Step 783400/1000000 | Loss: 1.7145 | LR: 1.00e-07 | MLM: 1.2970 | CTC: 0.4175
Step 783500/1000000 | Loss: 1.4297 | LR: 1.00e-07 | MLM: 1.0587 | CTC: 0.3710
Step 783600/1000000 | Loss: 0.6196 | LR: 1.00e-07 | MLM: 0.4288 | CTC: 0.1908
Step 783700/1000000 | Loss: 0.3164 | LR: 1.00e-07 | MLM: 0.2377 | CTC: 0.0787
Step 783800/1000000 | Loss: 1.0556 | LR: 1.00e-07 | MLM: 0.8178 | CTC: 0.2378
Step 783900/1000000 | Loss: 1.7600 | LR: 1.00e-07 | MLM: 1.3879 | CTC: 0.3721
Step 784000/1000000 | Loss: 0.9896 | LR: 1.00e-07 | MLM: 0.6766 | CTC: 0.3131
Step 784100/1000000 | Loss: 1.0126 | LR: 1.00e-07 | MLM: 0.7678 | CTC: 0.2448
Step 784200/1000000 | Loss: 0.0597 | LR: 1.00e-07 | MLM: 0.0067 | CTC: 0.0530
Step 784300/1000000 | Loss: 1.6621 | LR: 1.00e-07 | MLM: 1.1600 | CTC: 0.5020
Step 784400/1000000 | Loss: 0.5102 | LR: 1.00e-07 | MLM: 0.3926 | CTC: 0.1176
Step 784500/1000000 | Loss: 0.8815 | LR: 1.00e-07 | MLM: 0.6812 | CTC: 0.2003
Step 784600/1000000 | Loss: 1.4298 | LR: 1.00e-07 | MLM: 1.0780 | CTC: 0.3518
Step 784700/1000000 | Loss: 1.0823 | LR: 1.00e-07 | MLM: 0.8064 | CTC: 0.2759
Step 784800/1000000 | Loss: 0.6849 | LR: 1.00e-07 | MLM: 0.5002 | CTC: 0.1847
Step 784900/1000000 | Loss: 1.5028 | LR: 1.00e-07 | MLM: 1.1555 | CTC: 0.3473
Step 785000/1000000 | Loss: 1.2769 | LR: 1.00e-07 | MLM: 0.9786 | CTC: 0.2982
✓ Saved checkpoint to checkpoint_step_785000.t7
Step 785100/1000000 | Loss: 0.8555 | LR: 1.00e-07 | MLM: 0.6331 | CTC: 0.2224
Step 785200/1000000 | Loss: 2.2006 | LR: 1.00e-07 | MLM: 1.6473 | CTC: 0.5533
Step 785300/1000000 | Loss: 0.7432 | LR: 1.00e-07 | MLM: 0.5296 | CTC: 0.2136
Step 785400/1000000 | Loss: 1.7138 | LR: 1.00e-07 | MLM: 1.3082 | CTC: 0.4056
Step 785500/1000000 | Loss: 0.4732 | LR: 1.00e-07 | MLM: 0.3889 | CTC: 0.0843
Step 785600/1000000 | Loss: 1.4308 | LR: 1.00e-07 | MLM: 1.0551 | CTC: 0.3756
Step 785700/1000000 | Loss: 1.3702 | LR: 1.00e-07 | MLM: 1.0096 | CTC: 0.3607
Step 785800/1000000 | Loss: 1.0889 | LR: 1.00e-07 | MLM: 0.8304 | CTC: 0.2585
Step 785900/1000000 | Loss: 1.4502 | LR: 1.00e-07 | MLM: 1.1062 | CTC: 0.3440
Step 786000/1000000 | Loss: 0.9463 | LR: 1.00e-07 | MLM: 0.7566 | CTC: 0.1897
Step 786100/1000000 | Loss: 2.3808 | LR: 1.00e-07 | MLM: 1.7450 | CTC: 0.6357
Step 786200/1000000 | Loss: 1.4884 | LR: 1.00e-07 | MLM: 1.1086 | CTC: 0.3798
Step 786300/1000000 | Loss: 1.0361 | LR: 1.00e-07 | MLM: 0.8041 | CTC: 0.2320
Step 786400/1000000 | Loss: 0.3043 | LR: 1.00e-07 | MLM: 0.2283 | CTC: 0.0760
Step 786500/1000000 | Loss: 1.3718 | LR: 1.00e-07 | MLM: 1.0039 | CTC: 0.3679
Step 786600/1000000 | Loss: 1.5958 | LR: 1.00e-07 | MLM: 1.1975 | CTC: 0.3983
Step 786700/1000000 | Loss: 0.9873 | LR: 1.00e-07 | MLM: 0.7692 | CTC: 0.2181
Step 786800/1000000 | Loss: 1.1845 | LR: 1.00e-07 | MLM: 0.9234 | CTC: 0.2611
Step 786900/1000000 | Loss: 2.2398 | LR: 1.00e-07 | MLM: 1.7649 | CTC: 0.4749
Step 787000/1000000 | Loss: 1.6837 | LR: 1.00e-07 | MLM: 1.2420 | CTC: 0.4417
Step 787100/1000000 | Loss: 0.4724 | LR: 1.00e-07 | MLM: 0.3433 | CTC: 0.1291
Step 787200/1000000 | Loss: 1.8933 | LR: 1.00e-07 | MLM: 1.3768 | CTC: 0.5165
Step 787300/1000000 | Loss: 1.7907 | LR: 1.00e-07 | MLM: 1.4209 | CTC: 0.3698
Step 787400/1000000 | Loss: 1.3876 | LR: 1.00e-07 | MLM: 1.0249 | CTC: 0.3627
Step 787500/1000000 | Loss: 1.2310 | LR: 1.00e-07 | MLM: 0.8811 | CTC: 0.3499
Step 787600/1000000 | Loss: 1.7461 | LR: 1.00e-07 | MLM: 1.2378 | CTC: 0.5084
Step 787700/1000000 | Loss: 1.8548 | LR: 1.00e-07 | MLM: 1.3461 | CTC: 0.5087
Step 787800/1000000 | Loss: 0.7971 | LR: 1.00e-07 | MLM: 0.6076 | CTC: 0.1895
Step 787900/1000000 | Loss: 0.7995 | LR: 1.00e-07 | MLM: 0.6006 | CTC: 0.1989
Step 788000/1000000 | Loss: 0.5490 | LR: 1.00e-07 | MLM: 0.3940 | CTC: 0.1550
Step 788100/1000000 | Loss: 0.7251 | LR: 1.00e-07 | MLM: 0.5515 | CTC: 0.1736
Step 788200/1000000 | Loss: 1.5474 | LR: 1.00e-07 | MLM: 1.2627 | CTC: 0.2847
Step 788300/1000000 | Loss: 2.0103 | LR: 1.00e-07 | MLM: 1.5214 | CTC: 0.4889
Step 788400/1000000 | Loss: 0.9200 | LR: 1.00e-07 | MLM: 0.7059 | CTC: 0.2141
Step 788500/1000000 | Loss: 1.2554 | LR: 1.00e-07 | MLM: 0.9652 | CTC: 0.2903
Step 788600/1000000 | Loss: 1.2831 | LR: 1.00e-07 | MLM: 0.9855 | CTC: 0.2976
Step 788700/1000000 | Loss: 0.7504 | LR: 1.00e-07 | MLM: 0.5657 | CTC: 0.1848
Step 788800/1000000 | Loss: 0.8088 | LR: 1.00e-07 | MLM: 0.6337 | CTC: 0.1751
Step 788900/1000000 | Loss: 0.9909 | LR: 1.00e-07 | MLM: 0.8078 | CTC: 0.1832
Step 789000/1000000 | Loss: 1.3072 | LR: 1.00e-07 | MLM: 1.0321 | CTC: 0.2751
Step 789100/1000000 | Loss: 1.6755 | LR: 1.00e-07 | MLM: 1.2553 | CTC: 0.4201
Step 789200/1000000 | Loss: 1.4982 | LR: 1.00e-07 | MLM: 1.2286 | CTC: 0.2696
Step 789300/1000000 | Loss: 2.0260 | LR: 1.00e-07 | MLM: 1.5031 | CTC: 0.5229
Step 789400/1000000 | Loss: 2.0424 | LR: 1.00e-07 | MLM: 1.4386 | CTC: 0.6038
Step 789500/1000000 | Loss: 1.1793 | LR: 1.00e-07 | MLM: 0.8894 | CTC: 0.2899
Step 789600/1000000 | Loss: 1.2465 | LR: 1.00e-07 | MLM: 0.8444 | CTC: 0.4021
Step 789700/1000000 | Loss: 0.7276 | LR: 1.00e-07 | MLM: 0.5938 | CTC: 0.1338
Step 789800/1000000 | Loss: 1.3374 | LR: 1.00e-07 | MLM: 1.0343 | CTC: 0.3031
Step 789900/1000000 | Loss: 0.4712 | LR: 1.00e-07 | MLM: 0.3465 | CTC: 0.1247
Step 790000/1000000 | Loss: 1.2559 | LR: 1.00e-07 | MLM: 0.8670 | CTC: 0.3889
✓ Saved checkpoint to checkpoint_step_790000.t7
Step 790100/1000000 | Loss: 0.9816 | LR: 1.00e-07 | MLM: 0.7728 | CTC: 0.2088
Step 790200/1000000 | Loss: 1.3016 | LR: 1.00e-07 | MLM: 0.9156 | CTC: 0.3860
Step 790300/1000000 | Loss: 1.4697 | LR: 1.00e-07 | MLM: 1.1122 | CTC: 0.3576
Step 790400/1000000 | Loss: 1.2725 | LR: 1.00e-07 | MLM: 0.9618 | CTC: 0.3107
Step 790500/1000000 | Loss: 1.3212 | LR: 1.00e-07 | MLM: 1.0345 | CTC: 0.2867
Step 790600/1000000 | Loss: 1.5196 | LR: 1.00e-07 | MLM: 1.1730 | CTC: 0.3466
Step 790700/1000000 | Loss: 1.2478 | LR: 1.00e-07 | MLM: 0.9463 | CTC: 0.3015
Step 790800/1000000 | Loss: 1.3402 | LR: 1.00e-07 | MLM: 1.0366 | CTC: 0.3036
Step 790900/1000000 | Loss: 1.4871 | LR: 1.00e-07 | MLM: 1.1373 | CTC: 0.3498
Step 791000/1000000 | Loss: 2.2086 | LR: 1.00e-07 | MLM: 1.6177 | CTC: 0.5908
Step 791100/1000000 | Loss: 1.3333 | LR: 1.00e-07 | MLM: 1.0541 | CTC: 0.2792
Step 791200/1000000 | Loss: 1.3440 | LR: 1.00e-07 | MLM: 1.0055 | CTC: 0.3385
Step 791300/1000000 | Loss: 1.0147 | LR: 1.00e-07 | MLM: 0.7950 | CTC: 0.2197
Step 791400/1000000 | Loss: 0.9162 | LR: 1.00e-07 | MLM: 0.7019 | CTC: 0.2143
Step 791500/1000000 | Loss: 1.4050 | LR: 1.00e-07 | MLM: 0.9411 | CTC: 0.4640
Step 791600/1000000 | Loss: 2.2462 | LR: 1.00e-07 | MLM: 1.7051 | CTC: 0.5411
Step 791700/1000000 | Loss: 1.0074 | LR: 1.00e-07 | MLM: 0.7433 | CTC: 0.2641
Step 791800/1000000 | Loss: 0.7100 | LR: 1.00e-07 | MLM: 0.5060 | CTC: 0.2040
Step 791900/1000000 | Loss: 2.0202 | LR: 1.00e-07 | MLM: 1.5948 | CTC: 0.4254
Step 792000/1000000 | Loss: 1.4399 | LR: 1.00e-07 | MLM: 1.0620 | CTC: 0.3779
Step 792100/1000000 | Loss: 0.0264 | LR: 1.00e-07 | MLM: 0.0037 | CTC: 0.0227
Step 792200/1000000 | Loss: 0.8535 | LR: 1.00e-07 | MLM: 0.6308 | CTC: 0.2227
Step 792300/1000000 | Loss: 0.5028 | LR: 1.00e-07 | MLM: 0.3875 | CTC: 0.1153
Step 792400/1000000 | Loss: 1.0138 | LR: 1.00e-07 | MLM: 0.7392 | CTC: 0.2746
Step 792500/1000000 | Loss: 0.6536 | LR: 1.00e-07 | MLM: 0.4682 | CTC: 0.1854
Step 792600/1000000 | Loss: 1.6397 | LR: 1.00e-07 | MLM: 1.1849 | CTC: 0.4549
Step 792700/1000000 | Loss: 0.7223 | LR: 1.00e-07 | MLM: 0.5738 | CTC: 0.1485
Step 792800/1000000 | Loss: 1.2119 | LR: 1.00e-07 | MLM: 0.8912 | CTC: 0.3208
Step 792900/1000000 | Loss: 0.3676 | LR: 1.00e-07 | MLM: 0.2454 | CTC: 0.1222
Step 793000/1000000 | Loss: 0.8215 | LR: 1.00e-07 | MLM: 0.5987 | CTC: 0.2228
Step 793100/1000000 | Loss: 1.3237 | LR: 1.00e-07 | MLM: 0.8967 | CTC: 0.4270
Step 793200/1000000 | Loss: 1.5340 | LR: 1.00e-07 | MLM: 1.2201 | CTC: 0.3138
Step 793300/1000000 | Loss: 1.2881 | LR: 1.00e-07 | MLM: 0.9743 | CTC: 0.3138
Step 793400/1000000 | Loss: 0.9999 | LR: 1.00e-07 | MLM: 0.7002 | CTC: 0.2998
Step 793500/1000000 | Loss: 2.0066 | LR: 1.00e-07 | MLM: 1.4805 | CTC: 0.5261
Step 793600/1000000 | Loss: 1.2220 | LR: 1.00e-07 | MLM: 0.9168 | CTC: 0.3052
Step 793700/1000000 | Loss: 1.3447 | LR: 1.00e-07 | MLM: 0.9763 | CTC: 0.3684
Step 793800/1000000 | Loss: 1.4532 | LR: 1.00e-07 | MLM: 1.1556 | CTC: 0.2976
Step 793900/1000000 | Loss: 1.1769 | LR: 1.00e-07 | MLM: 0.8776 | CTC: 0.2994
Step 794000/1000000 | Loss: 1.7314 | LR: 1.00e-07 | MLM: 1.2359 | CTC: 0.4955
Step 794100/1000000 | Loss: 0.6442 | LR: 1.00e-07 | MLM: 0.4560 | CTC: 0.1882
Step 794200/1000000 | Loss: 1.4313 | LR: 1.00e-07 | MLM: 1.0133 | CTC: 0.4180
Step 794300/1000000 | Loss: 0.9413 | LR: 1.00e-07 | MLM: 0.7493 | CTC: 0.1921
Step 794400/1000000 | Loss: 1.8580 | LR: 1.00e-07 | MLM: 1.4752 | CTC: 0.3828
Step 794500/1000000 | Loss: 0.7349 | LR: 1.00e-07 | MLM: 0.5457 | CTC: 0.1892
Step 794600/1000000 | Loss: 0.4529 | LR: 1.00e-07 | MLM: 0.3413 | CTC: 0.1116
Step 794700/1000000 | Loss: 0.8391 | LR: 1.00e-07 | MLM: 0.6059 | CTC: 0.2332
Step 794800/1000000 | Loss: 1.0709 | LR: 1.00e-07 | MLM: 0.8471 | CTC: 0.2238
Step 794900/1000000 | Loss: 0.7787 | LR: 1.00e-07 | MLM: 0.5976 | CTC: 0.1811
Step 795000/1000000 | Loss: 1.2342 | LR: 1.00e-07 | MLM: 0.9695 | CTC: 0.2647
✓ Saved checkpoint to checkpoint_step_795000.t7
Step 795100/1000000 | Loss: 1.5754 | LR: 1.00e-07 | MLM: 1.2570 | CTC: 0.3184
Step 795200/1000000 | Loss: 1.2112 | LR: 1.00e-07 | MLM: 0.9124 | CTC: 0.2988
Step 795300/1000000 | Loss: 1.0448 | LR: 1.00e-07 | MLM: 0.7844 | CTC: 0.2604
Step 795400/1000000 | Loss: 1.1635 | LR: 1.00e-07 | MLM: 0.9117 | CTC: 0.2518
Step 795500/1000000 | Loss: 1.4684 | LR: 1.00e-07 | MLM: 1.0178 | CTC: 0.4506
Step 795600/1000000 | Loss: 1.1797 | LR: 1.00e-07 | MLM: 0.7609 | CTC: 0.4188
Step 795700/1000000 | Loss: 1.4753 | LR: 1.00e-07 | MLM: 1.0991 | CTC: 0.3761
Step 795800/1000000 | Loss: 1.8041 | LR: 1.00e-07 | MLM: 1.2735 | CTC: 0.5306
Step 795900/1000000 | Loss: 0.8299 | LR: 1.00e-07 | MLM: 0.6910 | CTC: 0.1389
Step 796000/1000000 | Loss: 1.0080 | LR: 1.00e-07 | MLM: 0.6988 | CTC: 0.3092
Step 796100/1000000 | Loss: 0.2814 | LR: 1.00e-07 | MLM: 0.1955 | CTC: 0.0859
Step 796200/1000000 | Loss: 1.6235 | LR: 1.00e-07 | MLM: 1.1264 | CTC: 0.4970
Step 796300/1000000 | Loss: 1.5344 | LR: 1.00e-07 | MLM: 1.1451 | CTC: 0.3893
Step 796400/1000000 | Loss: 1.5007 | LR: 1.00e-07 | MLM: 1.2002 | CTC: 0.3005
Step 796500/1000000 | Loss: 1.3304 | LR: 1.00e-07 | MLM: 1.0341 | CTC: 0.2963
Step 796600/1000000 | Loss: 0.8821 | LR: 1.00e-07 | MLM: 0.7359 | CTC: 0.1462
Step 796700/1000000 | Loss: 1.0087 | LR: 1.00e-07 | MLM: 0.7335 | CTC: 0.2752
Step 796800/1000000 | Loss: 1.3582 | LR: 1.00e-07 | MLM: 1.0690 | CTC: 0.2892
Step 796900/1000000 | Loss: 1.5568 | LR: 1.00e-07 | MLM: 1.1950 | CTC: 0.3617
Step 797000/1000000 | Loss: 1.8414 | LR: 1.00e-07 | MLM: 1.3512 | CTC: 0.4902
Step 797100/1000000 | Loss: 0.2474 | LR: 1.00e-07 | MLM: 0.1928 | CTC: 0.0545
Step 797200/1000000 | Loss: 1.3745 | LR: 1.00e-07 | MLM: 1.0911 | CTC: 0.2833
Step 797300/1000000 | Loss: 0.7243 | LR: 1.00e-07 | MLM: 0.5515 | CTC: 0.1728
Step 797400/1000000 | Loss: 1.4168 | LR: 1.00e-07 | MLM: 1.0451 | CTC: 0.3718
Step 797500/1000000 | Loss: 0.6846 | LR: 1.00e-07 | MLM: 0.5316 | CTC: 0.1530
Step 797600/1000000 | Loss: 1.1230 | LR: 1.00e-07 | MLM: 0.8571 | CTC: 0.2659
Step 797700/1000000 | Loss: 1.0280 | LR: 1.00e-07 | MLM: 0.8331 | CTC: 0.1948
Step 797800/1000000 | Loss: 1.4706 | LR: 1.00e-07 | MLM: 1.0945 | CTC: 0.3761
Step 797900/1000000 | Loss: 1.2307 | LR: 1.00e-07 | MLM: 0.9089 | CTC: 0.3218
Step 798000/1000000 | Loss: 1.2751 | LR: 1.00e-07 | MLM: 0.9452 | CTC: 0.3300
Step 798100/1000000 | Loss: 1.1476 | LR: 1.00e-07 | MLM: 0.9425 | CTC: 0.2051
Step 798200/1000000 | Loss: 1.1742 | LR: 1.00e-07 | MLM: 0.8930 | CTC: 0.2812
Step 798300/1000000 | Loss: 1.6099 | LR: 1.00e-07 | MLM: 1.2671 | CTC: 0.3428
Step 798400/1000000 | Loss: 0.6797 | LR: 1.00e-07 | MLM: 0.5140 | CTC: 0.1657
Step 798500/1000000 | Loss: 0.9927 | LR: 1.00e-07 | MLM: 0.7398 | CTC: 0.2529
Step 798600/1000000 | Loss: 0.7535 | LR: 1.00e-07 | MLM: 0.6225 | CTC: 0.1310
Step 798700/1000000 | Loss: 1.9994 | LR: 1.00e-07 | MLM: 1.4528 | CTC: 0.5467
Step 798800/1000000 | Loss: 2.2043 | LR: 1.00e-07 | MLM: 1.6432 | CTC: 0.5611
Step 798900/1000000 | Loss: 1.2994 | LR: 1.00e-07 | MLM: 0.9319 | CTC: 0.3675
Step 799000/1000000 | Loss: 0.6413 | LR: 1.00e-07 | MLM: 0.4666 | CTC: 0.1747
Step 799100/1000000 | Loss: 2.0794 | LR: 1.00e-07 | MLM: 1.5452 | CTC: 0.5342
Step 799200/1000000 | Loss: 1.0976 | LR: 1.00e-07 | MLM: 0.9020 | CTC: 0.1956
Step 799300/1000000 | Loss: 2.0177 | LR: 1.00e-07 | MLM: 1.6256 | CTC: 0.3921
Step 799400/1000000 | Loss: 0.4852 | LR: 1.00e-07 | MLM: 0.3735 | CTC: 0.1117
Step 799500/1000000 | Loss: 1.5440 | LR: 1.00e-07 | MLM: 1.2107 | CTC: 0.3333
Step 799600/1000000 | Loss: 2.2466 | LR: 1.00e-07 | MLM: 1.6208 | CTC: 0.6258
Step 799700/1000000 | Loss: 1.5336 | LR: 1.00e-07 | MLM: 1.1265 | CTC: 0.4071
Step 799800/1000000 | Loss: 0.9204 | LR: 1.00e-07 | MLM: 0.6876 | CTC: 0.2328
Step 799900/1000000 | Loss: 1.1870 | LR: 1.00e-07 | MLM: 0.8191 | CTC: 0.3679
Step 800000/1000000 | Loss: 1.0417 | LR: 1.00e-07 | MLM: 0.7704 | CTC: 0.2712
✓ Saved checkpoint to checkpoint_step_800000.t7
Step 800100/1000000 | Loss: 1.0008 | LR: 1.00e-07 | MLM: 0.7744 | CTC: 0.2265
Step 800200/1000000 | Loss: 1.0881 | LR: 1.00e-07 | MLM: 0.8541 | CTC: 0.2340
Step 800300/1000000 | Loss: 1.5872 | LR: 1.00e-07 | MLM: 1.2434 | CTC: 0.3438
Step 800400/1000000 | Loss: 1.7361 | LR: 1.00e-07 | MLM: 1.3298 | CTC: 0.4063
Step 800500/1000000 | Loss: 1.2605 | LR: 1.00e-07 | MLM: 0.9788 | CTC: 0.2817
Step 800600/1000000 | Loss: 1.4280 | LR: 1.00e-07 | MLM: 1.0792 | CTC: 0.3488
Step 800700/1000000 | Loss: 1.2818 | LR: 1.00e-07 | MLM: 0.8665 | CTC: 0.4153
Step 800800/1000000 | Loss: 0.1038 | LR: 1.00e-07 | MLM: 0.0706 | CTC: 0.0332
Step 800900/1000000 | Loss: 1.5384 | LR: 1.00e-07 | MLM: 1.1748 | CTC: 0.3636
Step 801000/1000000 | Loss: 0.6874 | LR: 1.00e-07 | MLM: 0.5104 | CTC: 0.1770
Step 801100/1000000 | Loss: 1.5238 | LR: 1.00e-07 | MLM: 1.1223 | CTC: 0.4015
Step 801200/1000000 | Loss: 1.4899 | LR: 1.00e-07 | MLM: 1.0669 | CTC: 0.4230
Step 801300/1000000 | Loss: 0.8499 | LR: 1.00e-07 | MLM: 0.5942 | CTC: 0.2558
Step 801400/1000000 | Loss: 0.5366 | LR: 1.00e-07 | MLM: 0.3920 | CTC: 0.1446
Step 801500/1000000 | Loss: 1.6451 | LR: 1.00e-07 | MLM: 1.2727 | CTC: 0.3724
Step 801600/1000000 | Loss: 1.6948 | LR: 1.00e-07 | MLM: 1.2943 | CTC: 0.4004
Step 801700/1000000 | Loss: 1.0378 | LR: 1.00e-07 | MLM: 0.7694 | CTC: 0.2684
Step 801800/1000000 | Loss: 1.7987 | LR: 1.00e-07 | MLM: 1.4717 | CTC: 0.3270
Step 801900/1000000 | Loss: 1.2770 | LR: 1.00e-07 | MLM: 0.9724 | CTC: 0.3046
Step 802000/1000000 | Loss: 1.1010 | LR: 1.00e-07 | MLM: 0.8626 | CTC: 0.2384
Step 802100/1000000 | Loss: 0.9097 | LR: 1.00e-07 | MLM: 0.7243 | CTC: 0.1854
Step 802200/1000000 | Loss: 1.4334 | LR: 1.00e-07 | MLM: 1.0766 | CTC: 0.3568
Step 802300/1000000 | Loss: 0.6035 | LR: 1.00e-07 | MLM: 0.5002 | CTC: 0.1033
Step 802400/1000000 | Loss: 1.7622 | LR: 1.00e-07 | MLM: 1.3613 | CTC: 0.4009
Step 802500/1000000 | Loss: 1.9994 | LR: 1.00e-07 | MLM: 1.5432 | CTC: 0.4562
Step 802600/1000000 | Loss: 1.7804 | LR: 1.00e-07 | MLM: 1.3339 | CTC: 0.4465
Step 802700/1000000 | Loss: 1.6339 | LR: 1.00e-07 | MLM: 1.2511 | CTC: 0.3828
Step 802800/1000000 | Loss: 1.0083 | LR: 1.00e-07 | MLM: 0.6981 | CTC: 0.3102
Step 802900/1000000 | Loss: 1.4834 | LR: 1.00e-07 | MLM: 1.1062 | CTC: 0.3772
Step 803000/1000000 | Loss: 1.1748 | LR: 1.00e-07 | MLM: 0.8792 | CTC: 0.2956
Step 803100/1000000 | Loss: 0.4341 | LR: 1.00e-07 | MLM: 0.3199 | CTC: 0.1142
Step 803200/1000000 | Loss: 1.5621 | LR: 1.00e-07 | MLM: 1.1745 | CTC: 0.3876
Step 803300/1000000 | Loss: 1.4198 | LR: 1.00e-07 | MLM: 1.0679 | CTC: 0.3518
Step 803400/1000000 | Loss: 0.7739 | LR: 1.00e-07 | MLM: 0.6135 | CTC: 0.1604
Step 803500/1000000 | Loss: 1.7877 | LR: 1.00e-07 | MLM: 1.3417 | CTC: 0.4460
Step 803600/1000000 | Loss: 0.5579 | LR: 1.00e-07 | MLM: 0.4108 | CTC: 0.1471
Step 803700/1000000 | Loss: 0.5363 | LR: 1.00e-07 | MLM: 0.3655 | CTC: 0.1707
Step 803800/1000000 | Loss: 0.5018 | LR: 1.00e-07 | MLM: 0.3658 | CTC: 0.1360
Step 803900/1000000 | Loss: 0.8814 | LR: 1.00e-07 | MLM: 0.6325 | CTC: 0.2489
Step 804000/1000000 | Loss: 0.8384 | LR: 1.00e-07 | MLM: 0.6204 | CTC: 0.2180
Step 804100/1000000 | Loss: 0.3522 | LR: 1.00e-07 | MLM: 0.2715 | CTC: 0.0807
Step 804200/1000000 | Loss: 1.7404 | LR: 1.00e-07 | MLM: 1.3401 | CTC: 0.4002
Step 804300/1000000 | Loss: 0.4647 | LR: 1.00e-07 | MLM: 0.3527 | CTC: 0.1121
Step 804400/1000000 | Loss: 1.8583 | LR: 1.00e-07 | MLM: 1.3794 | CTC: 0.4789
Step 804500/1000000 | Loss: 1.6787 | LR: 1.00e-07 | MLM: 1.2836 | CTC: 0.3951
Step 804600/1000000 | Loss: 1.1290 | LR: 1.00e-07 | MLM: 0.7567 | CTC: 0.3723
Step 804700/1000000 | Loss: 0.7116 | LR: 1.00e-07 | MLM: 0.5280 | CTC: 0.1836
Step 804800/1000000 | Loss: 1.2588 | LR: 1.00e-07 | MLM: 0.9684 | CTC: 0.2904
Step 804900/1000000 | Loss: 1.4127 | LR: 1.00e-07 | MLM: 0.9908 | CTC: 0.4219
Step 805000/1000000 | Loss: 0.5531 | LR: 1.00e-07 | MLM: 0.3863 | CTC: 0.1669
✓ Saved checkpoint to checkpoint_step_805000.t7
Step 805100/1000000 | Loss: 1.6000 | LR: 1.00e-07 | MLM: 1.3018 | CTC: 0.2983
Step 805200/1000000 | Loss: 1.0082 | LR: 1.00e-07 | MLM: 0.7347 | CTC: 0.2736
Step 805300/1000000 | Loss: 1.2893 | LR: 1.00e-07 | MLM: 0.9380 | CTC: 0.3512
Step 805400/1000000 | Loss: 0.7733 | LR: 1.00e-07 | MLM: 0.6095 | CTC: 0.1638
Step 805500/1000000 | Loss: 0.8770 | LR: 1.00e-07 | MLM: 0.6841 | CTC: 0.1929
Step 805600/1000000 | Loss: 0.8342 | LR: 1.00e-07 | MLM: 0.5689 | CTC: 0.2653
Step 805700/1000000 | Loss: 2.0265 | LR: 1.00e-07 | MLM: 1.5209 | CTC: 0.5057
Step 805800/1000000 | Loss: 0.5923 | LR: 1.00e-07 | MLM: 0.3895 | CTC: 0.2028
Step 805900/1000000 | Loss: 1.0206 | LR: 1.00e-07 | MLM: 0.7527 | CTC: 0.2679
Step 806000/1000000 | Loss: 0.9246 | LR: 1.00e-07 | MLM: 0.7217 | CTC: 0.2029
Step 806100/1000000 | Loss: 1.1279 | LR: 1.00e-07 | MLM: 0.8945 | CTC: 0.2334
Step 806200/1000000 | Loss: 0.5398 | LR: 1.00e-07 | MLM: 0.4196 | CTC: 0.1202
Step 806300/1000000 | Loss: 1.3947 | LR: 1.00e-07 | MLM: 1.1628 | CTC: 0.2319
Step 806400/1000000 | Loss: 0.6874 | LR: 1.00e-07 | MLM: 0.4668 | CTC: 0.2206
Step 806500/1000000 | Loss: 1.5284 | LR: 1.00e-07 | MLM: 1.2064 | CTC: 0.3220
Step 806600/1000000 | Loss: 0.7454 | LR: 1.00e-07 | MLM: 0.6008 | CTC: 0.1446
Step 806700/1000000 | Loss: 1.6624 | LR: 1.00e-07 | MLM: 1.4160 | CTC: 0.2464
Step 806800/1000000 | Loss: 1.8700 | LR: 1.00e-07 | MLM: 1.2487 | CTC: 0.6213
Step 806900/1000000 | Loss: 1.6558 | LR: 1.00e-07 | MLM: 1.2680 | CTC: 0.3878
Step 807000/1000000 | Loss: 1.4342 | LR: 1.00e-07 | MLM: 1.1585 | CTC: 0.2757
Step 807100/1000000 | Loss: 0.8118 | LR: 1.00e-07 | MLM: 0.6158 | CTC: 0.1960
Step 807200/1000000 | Loss: 0.7417 | LR: 1.00e-07 | MLM: 0.5706 | CTC: 0.1711
Step 807300/1000000 | Loss: 0.2701 | LR: 1.00e-07 | MLM: 0.1966 | CTC: 0.0735
Step 807400/1000000 | Loss: 1.4230 | LR: 1.00e-07 | MLM: 1.1131 | CTC: 0.3099
Step 807500/1000000 | Loss: 1.1876 | LR: 1.00e-07 | MLM: 0.9105 | CTC: 0.2771
Step 807600/1000000 | Loss: 0.7629 | LR: 1.00e-07 | MLM: 0.5684 | CTC: 0.1945
Step 807700/1000000 | Loss: 1.2540 | LR: 1.00e-07 | MLM: 0.9755 | CTC: 0.2785
Step 807800/1000000 | Loss: 1.8904 | LR: 1.00e-07 | MLM: 1.3731 | CTC: 0.5173
Step 807900/1000000 | Loss: 1.1667 | LR: 1.00e-07 | MLM: 0.9800 | CTC: 0.1867
Step 808000/1000000 | Loss: 1.1243 | LR: 1.00e-07 | MLM: 0.8177 | CTC: 0.3066
Step 808100/1000000 | Loss: 1.7217 | LR: 1.00e-07 | MLM: 1.3439 | CTC: 0.3778
Step 808200/1000000 | Loss: 1.2798 | LR: 1.00e-07 | MLM: 1.0631 | CTC: 0.2168
Step 808300/1000000 | Loss: 0.8619 | LR: 1.00e-07 | MLM: 0.5884 | CTC: 0.2735
Step 808400/1000000 | Loss: 1.9679 | LR: 1.00e-07 | MLM: 1.4256 | CTC: 0.5423
Step 808500/1000000 | Loss: 1.3590 | LR: 1.00e-07 | MLM: 1.0579 | CTC: 0.3010
Step 808600/1000000 | Loss: 1.4658 | LR: 1.00e-07 | MLM: 1.1765 | CTC: 0.2894
Step 808700/1000000 | Loss: 1.1831 | LR: 1.00e-07 | MLM: 0.9326 | CTC: 0.2505
Step 808800/1000000 | Loss: 1.4944 | LR: 1.00e-07 | MLM: 1.1181 | CTC: 0.3763
Step 808900/1000000 | Loss: 1.2496 | LR: 1.00e-07 | MLM: 0.8792 | CTC: 0.3704
Step 809000/1000000 | Loss: 1.2879 | LR: 1.00e-07 | MLM: 1.0095 | CTC: 0.2783
Step 809100/1000000 | Loss: 0.2478 | LR: 1.00e-07 | MLM: 0.1902 | CTC: 0.0575
Step 809200/1000000 | Loss: 0.7988 | LR: 1.00e-07 | MLM: 0.6256 | CTC: 0.1732
Step 809300/1000000 | Loss: 1.4579 | LR: 1.00e-07 | MLM: 1.1687 | CTC: 0.2893
Step 809400/1000000 | Loss: 0.5434 | LR: 1.00e-07 | MLM: 0.4206 | CTC: 0.1228
Step 809500/1000000 | Loss: 0.8404 | LR: 1.00e-07 | MLM: 0.6562 | CTC: 0.1842
Step 809600/1000000 | Loss: 0.8069 | LR: 1.00e-07 | MLM: 0.6544 | CTC: 0.1525
Step 809700/1000000 | Loss: 0.9159 | LR: 1.00e-07 | MLM: 0.6726 | CTC: 0.2433
Step 809800/1000000 | Loss: 0.9796 | LR: 1.00e-07 | MLM: 0.7457 | CTC: 0.2339
Step 809900/1000000 | Loss: 1.1177 | LR: 1.00e-07 | MLM: 0.8200 | CTC: 0.2976
Step 810000/1000000 | Loss: 0.5866 | LR: 1.00e-07 | MLM: 0.3845 | CTC: 0.2022
✓ Saved checkpoint to checkpoint_step_810000.t7
Step 810100/1000000 | Loss: 0.2196 | LR: 1.00e-07 | MLM: 0.1128 | CTC: 0.1068
Step 810200/1000000 | Loss: 0.6731 | LR: 1.00e-07 | MLM: 0.5453 | CTC: 0.1278
Step 810300/1000000 | Loss: 0.6069 | LR: 1.00e-07 | MLM: 0.4406 | CTC: 0.1662
Step 810400/1000000 | Loss: 0.6994 | LR: 1.00e-07 | MLM: 0.5595 | CTC: 0.1398
Step 810500/1000000 | Loss: 2.1467 | LR: 1.00e-07 | MLM: 1.4918 | CTC: 0.6548
Step 810600/1000000 | Loss: 0.5856 | LR: 1.00e-07 | MLM: 0.3808 | CTC: 0.2048
Step 810700/1000000 | Loss: 0.8439 | LR: 1.00e-07 | MLM: 0.6759 | CTC: 0.1680
Step 810800/1000000 | Loss: 0.8982 | LR: 1.00e-07 | MLM: 0.7079 | CTC: 0.1903
Step 810900/1000000 | Loss: 1.1242 | LR: 1.00e-07 | MLM: 0.8436 | CTC: 0.2806
Step 811000/1000000 | Loss: 1.1268 | LR: 1.00e-07 | MLM: 0.8383 | CTC: 0.2885
Step 811100/1000000 | Loss: 0.3986 | LR: 1.00e-07 | MLM: 0.2730 | CTC: 0.1257
Step 811200/1000000 | Loss: 1.3975 | LR: 1.00e-07 | MLM: 1.0800 | CTC: 0.3175
Step 811300/1000000 | Loss: 1.2556 | LR: 1.00e-07 | MLM: 0.9867 | CTC: 0.2689
Step 811400/1000000 | Loss: 0.6946 | LR: 1.00e-07 | MLM: 0.4933 | CTC: 0.2013
Step 811500/1000000 | Loss: 1.3149 | LR: 1.00e-07 | MLM: 1.0902 | CTC: 0.2247
Step 811600/1000000 | Loss: 0.9392 | LR: 1.00e-07 | MLM: 0.7114 | CTC: 0.2278
Step 811700/1000000 | Loss: 0.6008 | LR: 1.00e-07 | MLM: 0.4635 | CTC: 0.1373
Step 811800/1000000 | Loss: 0.7971 | LR: 1.00e-07 | MLM: 0.6261 | CTC: 0.1711
Step 811900/1000000 | Loss: 1.0627 | LR: 1.00e-07 | MLM: 0.7667 | CTC: 0.2960
Step 812000/1000000 | Loss: 0.6246 | LR: 1.00e-07 | MLM: 0.4377 | CTC: 0.1870
Step 812100/1000000 | Loss: 1.3751 | LR: 1.00e-07 | MLM: 1.1118 | CTC: 0.2633
Step 812200/1000000 | Loss: 1.5386 | LR: 1.00e-07 | MLM: 1.1505 | CTC: 0.3882
Step 812300/1000000 | Loss: 1.1747 | LR: 1.00e-07 | MLM: 0.9324 | CTC: 0.2423
Step 812400/1000000 | Loss: 0.8379 | LR: 1.00e-07 | MLM: 0.5677 | CTC: 0.2702
Step 812500/1000000 | Loss: 1.8733 | LR: 1.00e-07 | MLM: 1.4070 | CTC: 0.4663
Step 812600/1000000 | Loss: 1.4712 | LR: 1.00e-07 | MLM: 1.0820 | CTC: 0.3892
Step 812700/1000000 | Loss: 0.8023 | LR: 1.00e-07 | MLM: 0.5252 | CTC: 0.2771
Step 812800/1000000 | Loss: 1.3879 | LR: 1.00e-07 | MLM: 1.0425 | CTC: 0.3454
Step 812900/1000000 | Loss: 0.7149 | LR: 1.00e-07 | MLM: 0.5405 | CTC: 0.1744
Step 813000/1000000 | Loss: 0.4720 | LR: 1.00e-07 | MLM: 0.3564 | CTC: 0.1156
Step 813100/1000000 | Loss: 0.9798 | LR: 1.00e-07 | MLM: 0.7451 | CTC: 0.2347
Step 813200/1000000 | Loss: 0.5484 | LR: 1.00e-07 | MLM: 0.4386 | CTC: 0.1098
Step 813300/1000000 | Loss: 0.2659 | LR: 1.00e-07 | MLM: 0.1702 | CTC: 0.0956
Step 813400/1000000 | Loss: 1.0263 | LR: 1.00e-07 | MLM: 0.7749 | CTC: 0.2514
Step 813500/1000000 | Loss: 1.9885 | LR: 1.00e-07 | MLM: 1.6983 | CTC: 0.2902
Step 813600/1000000 | Loss: 1.0822 | LR: 1.00e-07 | MLM: 0.7072 | CTC: 0.3750
Step 813700/1000000 | Loss: 1.6292 | LR: 1.00e-07 | MLM: 1.1726 | CTC: 0.4567
Step 813800/1000000 | Loss: 1.2204 | LR: 1.00e-07 | MLM: 0.8546 | CTC: 0.3658
Step 813900/1000000 | Loss: 0.5895 | LR: 1.00e-07 | MLM: 0.4540 | CTC: 0.1356
Step 814000/1000000 | Loss: 1.1617 | LR: 1.00e-07 | MLM: 0.8742 | CTC: 0.2876
Step 814100/1000000 | Loss: 0.6199 | LR: 1.00e-07 | MLM: 0.4369 | CTC: 0.1830
Step 814200/1000000 | Loss: 1.5329 | LR: 1.00e-07 | MLM: 1.2096 | CTC: 0.3233
Step 814300/1000000 | Loss: 0.4293 | LR: 1.00e-07 | MLM: 0.3381 | CTC: 0.0912
Step 814400/1000000 | Loss: 0.9121 | LR: 1.00e-07 | MLM: 0.5990 | CTC: 0.3131
Step 814500/1000000 | Loss: 1.0414 | LR: 1.00e-07 | MLM: 0.8137 | CTC: 0.2277
Step 814600/1000000 | Loss: 1.7354 | LR: 1.00e-07 | MLM: 1.2852 | CTC: 0.4502
Step 814700/1000000 | Loss: 0.8062 | LR: 1.00e-07 | MLM: 0.6436 | CTC: 0.1626
Step 814800/1000000 | Loss: 1.2725 | LR: 1.00e-07 | MLM: 1.0304 | CTC: 0.2422
Step 814900/1000000 | Loss: 0.9736 | LR: 1.00e-07 | MLM: 0.7085 | CTC: 0.2651
Step 815000/1000000 | Loss: 1.2253 | LR: 1.00e-07 | MLM: 0.9356 | CTC: 0.2898
✓ Saved checkpoint to checkpoint_step_815000.t7
Step 815100/1000000 | Loss: 0.9736 | LR: 1.00e-07 | MLM: 0.7241 | CTC: 0.2496
Step 815200/1000000 | Loss: 1.0412 | LR: 1.00e-07 | MLM: 0.8491 | CTC: 0.1921
Step 815300/1000000 | Loss: 1.4096 | LR: 1.00e-07 | MLM: 1.0469 | CTC: 0.3627
Step 815400/1000000 | Loss: 1.1789 | LR: 1.00e-07 | MLM: 0.9650 | CTC: 0.2139
Step 815500/1000000 | Loss: 0.7666 | LR: 1.00e-07 | MLM: 0.5822 | CTC: 0.1844
Step 815600/1000000 | Loss: 0.5219 | LR: 1.00e-07 | MLM: 0.3808 | CTC: 0.1410
Step 815700/1000000 | Loss: 1.3206 | LR: 1.00e-07 | MLM: 1.0724 | CTC: 0.2483
Step 815800/1000000 | Loss: 1.3042 | LR: 1.00e-07 | MLM: 1.0075 | CTC: 0.2966
Step 815900/1000000 | Loss: 1.2076 | LR: 1.00e-07 | MLM: 0.9134 | CTC: 0.2943
Step 816000/1000000 | Loss: 1.5724 | LR: 1.00e-07 | MLM: 1.0509 | CTC: 0.5215
Step 816100/1000000 | Loss: 1.1693 | LR: 1.00e-07 | MLM: 0.8834 | CTC: 0.2859
Step 816200/1000000 | Loss: 0.9883 | LR: 1.00e-07 | MLM: 0.7341 | CTC: 0.2542
Step 816300/1000000 | Loss: 1.6824 | LR: 1.00e-07 | MLM: 1.2933 | CTC: 0.3891
Step 816400/1000000 | Loss: 0.7442 | LR: 1.00e-07 | MLM: 0.5276 | CTC: 0.2165
Step 816500/1000000 | Loss: 0.5719 | LR: 1.00e-07 | MLM: 0.3916 | CTC: 0.1802
Step 816600/1000000 | Loss: 1.3123 | LR: 1.00e-07 | MLM: 0.9865 | CTC: 0.3259
Step 816700/1000000 | Loss: 0.8282 | LR: 1.00e-07 | MLM: 0.5942 | CTC: 0.2340
Step 816800/1000000 | Loss: 1.0045 | LR: 1.00e-07 | MLM: 0.7718 | CTC: 0.2327
Step 816900/1000000 | Loss: 0.5713 | LR: 1.00e-07 | MLM: 0.4248 | CTC: 0.1465
Step 817000/1000000 | Loss: 2.2974 | LR: 1.00e-07 | MLM: 1.6930 | CTC: 0.6044
Step 817100/1000000 | Loss: 1.4482 | LR: 1.00e-07 | MLM: 1.0499 | CTC: 0.3983
Step 817200/1000000 | Loss: 0.6027 | LR: 1.00e-07 | MLM: 0.5220 | CTC: 0.0807
Step 817300/1000000 | Loss: 0.8883 | LR: 1.00e-07 | MLM: 0.6526 | CTC: 0.2356
Step 817400/1000000 | Loss: 1.6455 | LR: 1.00e-07 | MLM: 1.2646 | CTC: 0.3809
Step 817500/1000000 | Loss: 0.4388 | LR: 1.00e-07 | MLM: 0.3402 | CTC: 0.0987
Step 817600/1000000 | Loss: 2.2875 | LR: 1.00e-07 | MLM: 1.7046 | CTC: 0.5829
Step 817700/1000000 | Loss: 0.5082 | LR: 1.00e-07 | MLM: 0.3607 | CTC: 0.1475
Step 817800/1000000 | Loss: 1.4599 | LR: 1.00e-07 | MLM: 0.9857 | CTC: 0.4741
Step 817900/1000000 | Loss: 0.7075 | LR: 1.00e-07 | MLM: 0.5385 | CTC: 0.1691
Step 818000/1000000 | Loss: 0.7126 | LR: 1.00e-07 | MLM: 0.5490 | CTC: 0.1637
Step 818100/1000000 | Loss: 1.1731 | LR: 1.00e-07 | MLM: 0.8638 | CTC: 0.3092
Step 818200/1000000 | Loss: 1.7644 | LR: 1.00e-07 | MLM: 1.3162 | CTC: 0.4483
Step 818300/1000000 | Loss: 1.4657 | LR: 1.00e-07 | MLM: 1.1289 | CTC: 0.3368
Step 818400/1000000 | Loss: 0.2362 | LR: 1.00e-07 | MLM: 0.1301 | CTC: 0.1061
Step 818500/1000000 | Loss: 1.1514 | LR: 1.00e-07 | MLM: 0.8666 | CTC: 0.2848
Step 818600/1000000 | Loss: 1.0925 | LR: 1.00e-07 | MLM: 0.8143 | CTC: 0.2782
Step 818700/1000000 | Loss: 1.0699 | LR: 1.00e-07 | MLM: 0.8820 | CTC: 0.1878
Step 818800/1000000 | Loss: 0.3455 | LR: 1.00e-07 | MLM: 0.2806 | CTC: 0.0649
Step 818900/1000000 | Loss: 1.2851 | LR: 1.00e-07 | MLM: 1.0171 | CTC: 0.2679
Step 819000/1000000 | Loss: 1.3252 | LR: 1.00e-07 | MLM: 1.0135 | CTC: 0.3117
Step 819100/1000000 | Loss: 1.0468 | LR: 1.00e-07 | MLM: 0.7824 | CTC: 0.2644
Step 819200/1000000 | Loss: 0.4651 | LR: 1.00e-07 | MLM: 0.3688 | CTC: 0.0963
Step 819300/1000000 | Loss: 1.5565 | LR: 1.00e-07 | MLM: 1.1784 | CTC: 0.3781
Step 819400/1000000 | Loss: 1.6740 | LR: 1.00e-07 | MLM: 1.1963 | CTC: 0.4777
Step 819500/1000000 | Loss: 0.6076 | LR: 1.00e-07 | MLM: 0.4260 | CTC: 0.1815
Step 819600/1000000 | Loss: 0.6451 | LR: 1.00e-07 | MLM: 0.4941 | CTC: 0.1510
Step 819700/1000000 | Loss: 1.5728 | LR: 1.00e-07 | MLM: 1.1357 | CTC: 0.4371
Step 819800/1000000 | Loss: 0.8415 | LR: 1.00e-07 | MLM: 0.6701 | CTC: 0.1713
Step 819900/1000000 | Loss: 1.2757 | LR: 1.00e-07 | MLM: 0.9485 | CTC: 0.3272
Step 820000/1000000 | Loss: 1.7861 | LR: 1.00e-07 | MLM: 1.4701 | CTC: 0.3160
✓ Saved checkpoint to checkpoint_step_820000.t7
Step 820100/1000000 | Loss: 1.2825 | LR: 1.00e-07 | MLM: 1.0713 | CTC: 0.2112
Step 820200/1000000 | Loss: 0.4935 | LR: 1.00e-07 | MLM: 0.3859 | CTC: 0.1076
Step 820300/1000000 | Loss: 0.6580 | LR: 1.00e-07 | MLM: 0.4461 | CTC: 0.2119
Step 820400/1000000 | Loss: 1.9614 | LR: 1.00e-07 | MLM: 1.5308 | CTC: 0.4306
Step 820500/1000000 | Loss: 0.3910 | LR: 1.00e-07 | MLM: 0.3162 | CTC: 0.0748
Step 820600/1000000 | Loss: 0.2990 | LR: 1.00e-07 | MLM: 0.2229 | CTC: 0.0761
Step 820700/1000000 | Loss: 1.3054 | LR: 1.00e-07 | MLM: 0.9916 | CTC: 0.3138
Step 820800/1000000 | Loss: 1.2298 | LR: 1.00e-07 | MLM: 0.8432 | CTC: 0.3866
Step 820900/1000000 | Loss: 0.7776 | LR: 1.00e-07 | MLM: 0.5321 | CTC: 0.2455
Step 821000/1000000 | Loss: 2.0841 | LR: 1.00e-07 | MLM: 1.4897 | CTC: 0.5945
Step 821100/1000000 | Loss: 1.1511 | LR: 1.00e-07 | MLM: 0.8289 | CTC: 0.3223
Step 821200/1000000 | Loss: 0.7222 | LR: 1.00e-07 | MLM: 0.4919 | CTC: 0.2303
Step 821300/1000000 | Loss: 0.8741 | LR: 1.00e-07 | MLM: 0.6266 | CTC: 0.2475
Step 821400/1000000 | Loss: 1.7327 | LR: 1.00e-07 | MLM: 1.2548 | CTC: 0.4778
Step 821500/1000000 | Loss: 1.7162 | LR: 1.00e-07 | MLM: 1.3129 | CTC: 0.4033
Step 821600/1000000 | Loss: 1.9754 | LR: 1.00e-07 | MLM: 1.5314 | CTC: 0.4439
Step 821700/1000000 | Loss: 1.1984 | LR: 1.00e-07 | MLM: 0.8591 | CTC: 0.3394
Step 821800/1000000 | Loss: 1.8644 | LR: 1.00e-07 | MLM: 1.3611 | CTC: 0.5033
Step 821900/1000000 | Loss: 0.5787 | LR: 1.00e-07 | MLM: 0.3916 | CTC: 0.1871
Step 822000/1000000 | Loss: 0.5757 | LR: 1.00e-07 | MLM: 0.4021 | CTC: 0.1736
Step 822100/1000000 | Loss: 1.4207 | LR: 1.00e-07 | MLM: 1.0643 | CTC: 0.3565
Step 822200/1000000 | Loss: 1.7014 | LR: 1.00e-07 | MLM: 1.3284 | CTC: 0.3730
Step 822300/1000000 | Loss: 0.6142 | LR: 1.00e-07 | MLM: 0.4488 | CTC: 0.1654
Step 822400/1000000 | Loss: 1.6497 | LR: 1.00e-07 | MLM: 1.1785 | CTC: 0.4712
Step 822500/1000000 | Loss: 0.8600 | LR: 1.00e-07 | MLM: 0.6419 | CTC: 0.2181
Step 822600/1000000 | Loss: 1.1157 | LR: 1.00e-07 | MLM: 0.7854 | CTC: 0.3304
Step 822700/1000000 | Loss: 1.5850 | LR: 1.00e-07 | MLM: 1.2188 | CTC: 0.3662
Step 822800/1000000 | Loss: 0.9173 | LR: 1.00e-07 | MLM: 0.6783 | CTC: 0.2390
Step 822900/1000000 | Loss: 1.4118 | LR: 1.00e-07 | MLM: 1.1030 | CTC: 0.3088
Step 823000/1000000 | Loss: 1.8687 | LR: 1.00e-07 | MLM: 1.3675 | CTC: 0.5012
Step 823100/1000000 | Loss: 1.2954 | LR: 1.00e-07 | MLM: 0.9415 | CTC: 0.3540
Step 823200/1000000 | Loss: 0.1492 | LR: 1.00e-07 | MLM: 0.1141 | CTC: 0.0351
Step 823300/1000000 | Loss: 1.1056 | LR: 1.00e-07 | MLM: 0.8820 | CTC: 0.2237
Step 823400/1000000 | Loss: 0.1352 | LR: 1.00e-07 | MLM: 0.1055 | CTC: 0.0297
Step 823500/1000000 | Loss: 0.9037 | LR: 1.00e-07 | MLM: 0.6968 | CTC: 0.2069
Step 823600/1000000 | Loss: 0.9362 | LR: 1.00e-07 | MLM: 0.7803 | CTC: 0.1559
Step 823700/1000000 | Loss: 0.4901 | LR: 1.00e-07 | MLM: 0.3003 | CTC: 0.1897
Step 823800/1000000 | Loss: 1.3783 | LR: 1.00e-07 | MLM: 1.0872 | CTC: 0.2911
Step 823900/1000000 | Loss: 0.9313 | LR: 1.00e-07 | MLM: 0.6627 | CTC: 0.2686
Step 824000/1000000 | Loss: 1.0127 | LR: 1.00e-07 | MLM: 0.7737 | CTC: 0.2390
Step 824100/1000000 | Loss: 1.3612 | LR: 1.00e-07 | MLM: 1.0527 | CTC: 0.3086
Step 824200/1000000 | Loss: 1.7564 | LR: 1.00e-07 | MLM: 1.3464 | CTC: 0.4099
Step 824300/1000000 | Loss: 0.8348 | LR: 1.00e-07 | MLM: 0.5365 | CTC: 0.2983
Step 824400/1000000 | Loss: 1.6851 | LR: 1.00e-07 | MLM: 1.2244 | CTC: 0.4607
Step 824500/1000000 | Loss: 1.0831 | LR: 1.00e-07 | MLM: 0.8521 | CTC: 0.2310
Step 824600/1000000 | Loss: 0.7562 | LR: 1.00e-07 | MLM: 0.5674 | CTC: 0.1888
Step 824700/1000000 | Loss: 1.1607 | LR: 1.00e-07 | MLM: 0.8883 | CTC: 0.2724
Step 824800/1000000 | Loss: 1.2943 | LR: 1.00e-07 | MLM: 0.9087 | CTC: 0.3856
Step 824900/1000000 | Loss: 1.8517 | LR: 1.00e-07 | MLM: 1.1920 | CTC: 0.6597
Step 825000/1000000 | Loss: 1.2020 | LR: 1.00e-07 | MLM: 0.9541 | CTC: 0.2480
✓ Saved checkpoint to checkpoint_step_825000.t7
Step 825100/1000000 | Loss: 1.7870 | LR: 1.00e-07 | MLM: 1.2708 | CTC: 0.5162
Step 825200/1000000 | Loss: 0.8446 | LR: 1.00e-07 | MLM: 0.6617 | CTC: 0.1829
Step 825300/1000000 | Loss: 1.4765 | LR: 1.00e-07 | MLM: 1.1047 | CTC: 0.3718
Step 825400/1000000 | Loss: 0.3461 | LR: 1.00e-07 | MLM: 0.1828 | CTC: 0.1633
Step 825500/1000000 | Loss: 0.6179 | LR: 1.00e-07 | MLM: 0.4443 | CTC: 0.1736
Step 825600/1000000 | Loss: 1.2276 | LR: 1.00e-07 | MLM: 0.8881 | CTC: 0.3394
Step 825700/1000000 | Loss: 1.0932 | LR: 1.00e-07 | MLM: 0.8262 | CTC: 0.2670
Step 825800/1000000 | Loss: 1.3001 | LR: 1.00e-07 | MLM: 0.9560 | CTC: 0.3442
Step 825900/1000000 | Loss: 1.5515 | LR: 1.00e-07 | MLM: 1.1776 | CTC: 0.3739
Step 826000/1000000 | Loss: 0.7706 | LR: 1.00e-07 | MLM: 0.4976 | CTC: 0.2730
Step 826100/1000000 | Loss: 1.4845 | LR: 1.00e-07 | MLM: 1.0966 | CTC: 0.3879
Step 826200/1000000 | Loss: 1.3001 | LR: 1.00e-07 | MLM: 1.0035 | CTC: 0.2966
Step 826300/1000000 | Loss: 1.2728 | LR: 1.00e-07 | MLM: 0.9803 | CTC: 0.2926
Step 826400/1000000 | Loss: 1.3171 | LR: 1.00e-07 | MLM: 1.0115 | CTC: 0.3056
Step 826500/1000000 | Loss: 1.2084 | LR: 1.00e-07 | MLM: 0.8569 | CTC: 0.3515
Step 826600/1000000 | Loss: 1.1676 | LR: 1.00e-07 | MLM: 0.9450 | CTC: 0.2226
Step 826700/1000000 | Loss: 0.7329 | LR: 1.00e-07 | MLM: 0.5766 | CTC: 0.1562
Step 826800/1000000 | Loss: 0.6597 | LR: 1.00e-07 | MLM: 0.4875 | CTC: 0.1722
Step 826900/1000000 | Loss: 1.0293 | LR: 1.00e-07 | MLM: 0.8225 | CTC: 0.2068
Step 827000/1000000 | Loss: 1.0771 | LR: 1.00e-07 | MLM: 0.7965 | CTC: 0.2806
Step 827100/1000000 | Loss: 1.4963 | LR: 1.00e-07 | MLM: 1.1176 | CTC: 0.3788
Step 827200/1000000 | Loss: 1.3111 | LR: 1.00e-07 | MLM: 1.0379 | CTC: 0.2732
Step 827300/1000000 | Loss: 1.0125 | LR: 1.00e-07 | MLM: 0.8104 | CTC: 0.2021
Step 827400/1000000 | Loss: 1.4339 | LR: 1.00e-07 | MLM: 1.0499 | CTC: 0.3841
Step 827500/1000000 | Loss: 0.9364 | LR: 1.00e-07 | MLM: 0.8133 | CTC: 0.1231
Step 827600/1000000 | Loss: 1.7600 | LR: 1.00e-07 | MLM: 1.4154 | CTC: 0.3446
Step 827700/1000000 | Loss: 1.3740 | LR: 1.00e-07 | MLM: 1.0330 | CTC: 0.3409
Step 827800/1000000 | Loss: 0.9078 | LR: 1.00e-07 | MLM: 0.6536 | CTC: 0.2542
Step 827900/1000000 | Loss: 1.1132 | LR: 1.00e-07 | MLM: 0.8536 | CTC: 0.2596
Step 828000/1000000 | Loss: 0.9927 | LR: 1.00e-07 | MLM: 0.7278 | CTC: 0.2649
Step 828100/1000000 | Loss: 0.6560 | LR: 1.00e-07 | MLM: 0.4783 | CTC: 0.1777
Step 828200/1000000 | Loss: 1.2350 | LR: 1.00e-07 | MLM: 0.9244 | CTC: 0.3106
Step 828300/1000000 | Loss: 1.6499 | LR: 1.00e-07 | MLM: 1.2946 | CTC: 0.3553
Step 828400/1000000 | Loss: 0.8796 | LR: 1.00e-07 | MLM: 0.6351 | CTC: 0.2445
Step 828500/1000000 | Loss: 0.8030 | LR: 1.00e-07 | MLM: 0.5446 | CTC: 0.2584
Step 828600/1000000 | Loss: 0.7915 | LR: 1.00e-07 | MLM: 0.6271 | CTC: 0.1644
Step 828700/1000000 | Loss: 0.3990 | LR: 1.00e-07 | MLM: 0.2930 | CTC: 0.1060
Step 828800/1000000 | Loss: 1.0309 | LR: 1.00e-07 | MLM: 0.8023 | CTC: 0.2286
Step 828900/1000000 | Loss: 1.1346 | LR: 1.00e-07 | MLM: 0.9143 | CTC: 0.2203
Step 829000/1000000 | Loss: 0.8437 | LR: 1.00e-07 | MLM: 0.5903 | CTC: 0.2535
Step 829100/1000000 | Loss: 0.7525 | LR: 1.00e-07 | MLM: 0.5459 | CTC: 0.2066
Step 829200/1000000 | Loss: 0.2656 | LR: 1.00e-07 | MLM: 0.2268 | CTC: 0.0388
Step 829300/1000000 | Loss: 1.3216 | LR: 1.00e-07 | MLM: 0.9779 | CTC: 0.3438
Step 829400/1000000 | Loss: 1.1659 | LR: 1.00e-07 | MLM: 0.8765 | CTC: 0.2894
Step 829500/1000000 | Loss: 0.7657 | LR: 1.00e-07 | MLM: 0.5911 | CTC: 0.1745
Step 829600/1000000 | Loss: 1.5800 | LR: 1.00e-07 | MLM: 1.2274 | CTC: 0.3526
Step 829700/1000000 | Loss: 0.9461 | LR: 1.00e-07 | MLM: 0.7060 | CTC: 0.2401
Step 829800/1000000 | Loss: 0.6225 | LR: 1.00e-07 | MLM: 0.4214 | CTC: 0.2011
Step 829900/1000000 | Loss: 0.7360 | LR: 1.00e-07 | MLM: 0.5404 | CTC: 0.1956
Step 830000/1000000 | Loss: 1.7341 | LR: 1.00e-07 | MLM: 1.3081 | CTC: 0.4260
✓ Saved checkpoint to checkpoint_step_830000.t7
Step 830100/1000000 | Loss: 2.1439 | LR: 1.00e-07 | MLM: 1.6439 | CTC: 0.5000
Step 830200/1000000 | Loss: 0.9401 | LR: 1.00e-07 | MLM: 0.7487 | CTC: 0.1915
Step 830300/1000000 | Loss: 1.2875 | LR: 1.00e-07 | MLM: 0.9774 | CTC: 0.3101
Step 830400/1000000 | Loss: 0.9457 | LR: 1.00e-07 | MLM: 0.7185 | CTC: 0.2272
Step 830500/1000000 | Loss: 1.3950 | LR: 1.00e-07 | MLM: 1.0380 | CTC: 0.3571
Step 830600/1000000 | Loss: 0.9243 | LR: 1.00e-07 | MLM: 0.7916 | CTC: 0.1327
Step 830700/1000000 | Loss: 1.4612 | LR: 1.00e-07 | MLM: 1.0685 | CTC: 0.3927
Step 830800/1000000 | Loss: 1.3297 | LR: 1.00e-07 | MLM: 0.9858 | CTC: 0.3439
Step 830900/1000000 | Loss: 0.6957 | LR: 1.00e-07 | MLM: 0.4739 | CTC: 0.2218
Step 831000/1000000 | Loss: 1.3863 | LR: 1.00e-07 | MLM: 1.0651 | CTC: 0.3212
Step 831100/1000000 | Loss: 1.4756 | LR: 1.00e-07 | MLM: 1.1418 | CTC: 0.3338
Step 831200/1000000 | Loss: 1.7120 | LR: 1.00e-07 | MLM: 1.2298 | CTC: 0.4821
Step 831300/1000000 | Loss: 1.0363 | LR: 1.00e-07 | MLM: 0.7181 | CTC: 0.3182
Step 831400/1000000 | Loss: 1.2412 | LR: 1.00e-07 | MLM: 0.8072 | CTC: 0.4340
Step 831500/1000000 | Loss: 1.6979 | LR: 1.00e-07 | MLM: 1.2700 | CTC: 0.4279
Step 831600/1000000 | Loss: 1.7491 | LR: 1.00e-07 | MLM: 1.0829 | CTC: 0.6662
Step 831700/1000000 | Loss: 1.7750 | LR: 1.00e-07 | MLM: 1.3624 | CTC: 0.4126
Step 831800/1000000 | Loss: 2.1193 | LR: 1.00e-07 | MLM: 1.6627 | CTC: 0.4567
Step 831900/1000000 | Loss: 1.1572 | LR: 1.00e-07 | MLM: 0.9276 | CTC: 0.2296
Step 832000/1000000 | Loss: 1.8412 | LR: 1.00e-07 | MLM: 1.4122 | CTC: 0.4289
Step 832100/1000000 | Loss: 1.0473 | LR: 1.00e-07 | MLM: 0.7932 | CTC: 0.2541
Step 832200/1000000 | Loss: 1.6648 | LR: 1.00e-07 | MLM: 1.2959 | CTC: 0.3688
Step 832300/1000000 | Loss: 0.4401 | LR: 1.00e-07 | MLM: 0.3383 | CTC: 0.1017
Step 832400/1000000 | Loss: 1.3732 | LR: 1.00e-07 | MLM: 1.0001 | CTC: 0.3731
Step 832500/1000000 | Loss: 2.5761 | LR: 1.00e-07 | MLM: 1.8622 | CTC: 0.7139
Step 832600/1000000 | Loss: 1.4737 | LR: 1.00e-07 | MLM: 1.1184 | CTC: 0.3553
Step 832700/1000000 | Loss: 1.9782 | LR: 1.00e-07 | MLM: 1.5170 | CTC: 0.4612
Step 832800/1000000 | Loss: 1.1832 | LR: 1.00e-07 | MLM: 0.8942 | CTC: 0.2890
Step 832900/1000000 | Loss: 1.0047 | LR: 1.00e-07 | MLM: 0.6493 | CTC: 0.3554
Step 833000/1000000 | Loss: 1.6356 | LR: 1.00e-07 | MLM: 1.0036 | CTC: 0.6319
Step 833100/1000000 | Loss: 1.4583 | LR: 1.00e-07 | MLM: 1.1536 | CTC: 0.3048
Step 833200/1000000 | Loss: 1.3003 | LR: 1.00e-07 | MLM: 0.9489 | CTC: 0.3514
Step 833300/1000000 | Loss: 0.9551 | LR: 1.00e-07 | MLM: 0.7313 | CTC: 0.2238
Step 833400/1000000 | Loss: 0.8956 | LR: 1.00e-07 | MLM: 0.6578 | CTC: 0.2378
Step 833500/1000000 | Loss: 0.5776 | LR: 1.00e-07 | MLM: 0.4846 | CTC: 0.0930
Step 833600/1000000 | Loss: 0.2945 | LR: 1.00e-07 | MLM: 0.2139 | CTC: 0.0805
Step 833700/1000000 | Loss: 0.9696 | LR: 1.00e-07 | MLM: 0.6576 | CTC: 0.3119
Step 833800/1000000 | Loss: 0.8359 | LR: 1.00e-07 | MLM: 0.6275 | CTC: 0.2084
Step 833900/1000000 | Loss: 1.3082 | LR: 1.00e-07 | MLM: 0.9825 | CTC: 0.3256
Step 834000/1000000 | Loss: 1.1860 | LR: 1.00e-07 | MLM: 0.9343 | CTC: 0.2516
Step 834100/1000000 | Loss: 1.5891 | LR: 1.00e-07 | MLM: 1.2682 | CTC: 0.3209
Step 834200/1000000 | Loss: 0.5842 | LR: 1.00e-07 | MLM: 0.4224 | CTC: 0.1618
Step 834300/1000000 | Loss: 0.3755 | LR: 1.00e-07 | MLM: 0.2451 | CTC: 0.1305
Step 834400/1000000 | Loss: 0.7715 | LR: 1.00e-07 | MLM: 0.4883 | CTC: 0.2832
Step 834500/1000000 | Loss: 1.2994 | LR: 1.00e-07 | MLM: 0.9070 | CTC: 0.3924
Step 834600/1000000 | Loss: 0.6168 | LR: 1.00e-07 | MLM: 0.4902 | CTC: 0.1266
Step 834700/1000000 | Loss: 1.3170 | LR: 1.00e-07 | MLM: 1.0269 | CTC: 0.2902
Step 834800/1000000 | Loss: 1.1970 | LR: 1.00e-07 | MLM: 0.9130 | CTC: 0.2840
Step 834900/1000000 | Loss: 0.0228 | LR: 1.00e-07 | MLM: 0.0152 | CTC: 0.0076
Step 835000/1000000 | Loss: 1.5369 | LR: 1.00e-07 | MLM: 1.0892 | CTC: 0.4477
✓ Saved checkpoint to checkpoint_step_835000.t7
Step 835100/1000000 | Loss: 0.8961 | LR: 1.00e-07 | MLM: 0.5267 | CTC: 0.3695
Step 835200/1000000 | Loss: 1.1714 | LR: 1.00e-07 | MLM: 0.8860 | CTC: 0.2855
Step 835300/1000000 | Loss: 1.3911 | LR: 1.00e-07 | MLM: 1.0737 | CTC: 0.3174
Step 835400/1000000 | Loss: 0.5594 | LR: 1.00e-07 | MLM: 0.4410 | CTC: 0.1184
Step 835500/1000000 | Loss: 1.6664 | LR: 1.00e-07 | MLM: 1.2095 | CTC: 0.4569
Step 835600/1000000 | Loss: 1.1683 | LR: 1.00e-07 | MLM: 0.9157 | CTC: 0.2526
Step 835700/1000000 | Loss: 0.9294 | LR: 1.00e-07 | MLM: 0.7061 | CTC: 0.2233
Step 835800/1000000 | Loss: 0.7038 | LR: 1.00e-07 | MLM: 0.5140 | CTC: 0.1898
Step 835900/1000000 | Loss: 1.0743 | LR: 1.00e-07 | MLM: 0.9136 | CTC: 0.1607
Step 836000/1000000 | Loss: 0.7173 | LR: 1.00e-07 | MLM: 0.5130 | CTC: 0.2043
Step 836100/1000000 | Loss: 1.2439 | LR: 1.00e-07 | MLM: 0.9529 | CTC: 0.2910
Step 836200/1000000 | Loss: 0.8888 | LR: 1.00e-07 | MLM: 0.6438 | CTC: 0.2450
Step 836300/1000000 | Loss: 0.6534 | LR: 1.00e-07 | MLM: 0.4495 | CTC: 0.2039
Step 836400/1000000 | Loss: 0.4079 | LR: 1.00e-07 | MLM: 0.2411 | CTC: 0.1667
Step 836500/1000000 | Loss: 1.1978 | LR: 1.00e-07 | MLM: 0.9076 | CTC: 0.2902
Step 836600/1000000 | Loss: 0.8568 | LR: 1.00e-07 | MLM: 0.6165 | CTC: 0.2403
Step 836700/1000000 | Loss: 1.3651 | LR: 1.00e-07 | MLM: 1.0477 | CTC: 0.3174
Step 836800/1000000 | Loss: 1.6426 | LR: 1.00e-07 | MLM: 1.2784 | CTC: 0.3643
Step 836900/1000000 | Loss: 1.0112 | LR: 1.00e-07 | MLM: 0.8154 | CTC: 0.1958
Step 837000/1000000 | Loss: 0.6005 | LR: 1.00e-07 | MLM: 0.4271 | CTC: 0.1734
Step 837100/1000000 | Loss: 0.7979 | LR: 1.00e-07 | MLM: 0.6110 | CTC: 0.1869
Step 837200/1000000 | Loss: 1.8839 | LR: 1.00e-07 | MLM: 1.3825 | CTC: 0.5014
Step 837300/1000000 | Loss: 1.1488 | LR: 1.00e-07 | MLM: 0.8160 | CTC: 0.3329
Step 837400/1000000 | Loss: 1.8219 | LR: 1.00e-07 | MLM: 1.2716 | CTC: 0.5502
Step 837500/1000000 | Loss: 1.0663 | LR: 1.00e-07 | MLM: 0.8076 | CTC: 0.2587
Step 837600/1000000 | Loss: 1.3714 | LR: 1.00e-07 | MLM: 1.0226 | CTC: 0.3488
Step 837700/1000000 | Loss: 1.5665 | LR: 1.00e-07 | MLM: 1.2415 | CTC: 0.3250
Step 837800/1000000 | Loss: 0.8484 | LR: 1.00e-07 | MLM: 0.5961 | CTC: 0.2523
Step 837900/1000000 | Loss: 1.6367 | LR: 1.00e-07 | MLM: 1.1252 | CTC: 0.5115
Step 838000/1000000 | Loss: 0.3350 | LR: 1.00e-07 | MLM: 0.2556 | CTC: 0.0794
Step 838100/1000000 | Loss: 1.9868 | LR: 1.00e-07 | MLM: 1.3955 | CTC: 0.5913
Step 838200/1000000 | Loss: 1.2585 | LR: 1.00e-07 | MLM: 1.0066 | CTC: 0.2520
Step 838300/1000000 | Loss: 0.9670 | LR: 1.00e-07 | MLM: 0.7226 | CTC: 0.2443
Step 838400/1000000 | Loss: 1.7804 | LR: 1.00e-07 | MLM: 1.3211 | CTC: 0.4593
Step 838500/1000000 | Loss: 0.9483 | LR: 1.00e-07 | MLM: 0.7644 | CTC: 0.1839
Step 838600/1000000 | Loss: 0.4488 | LR: 1.00e-07 | MLM: 0.3168 | CTC: 0.1321
Step 838700/1000000 | Loss: 1.6863 | LR: 1.00e-07 | MLM: 1.2656 | CTC: 0.4207
Step 838800/1000000 | Loss: 1.3391 | LR: 1.00e-07 | MLM: 1.0602 | CTC: 0.2790
Step 838900/1000000 | Loss: 1.2028 | LR: 1.00e-07 | MLM: 0.8888 | CTC: 0.3140
Step 839000/1000000 | Loss: 1.0422 | LR: 1.00e-07 | MLM: 0.7952 | CTC: 0.2470
Step 839100/1000000 | Loss: 0.9026 | LR: 1.00e-07 | MLM: 0.6714 | CTC: 0.2312
Step 839200/1000000 | Loss: 1.0307 | LR: 1.00e-07 | MLM: 0.6800 | CTC: 0.3507
Step 839300/1000000 | Loss: 2.3104 | LR: 1.00e-07 | MLM: 1.7146 | CTC: 0.5958
Step 839400/1000000 | Loss: 1.1140 | LR: 1.00e-07 | MLM: 0.9237 | CTC: 0.1903
Step 839500/1000000 | Loss: 1.6660 | LR: 1.00e-07 | MLM: 1.1315 | CTC: 0.5345
Step 839600/1000000 | Loss: 0.9988 | LR: 1.00e-07 | MLM: 0.7653 | CTC: 0.2335
Step 839700/1000000 | Loss: 1.1493 | LR: 1.00e-07 | MLM: 0.8204 | CTC: 0.3289
Step 839800/1000000 | Loss: 0.7255 | LR: 1.00e-07 | MLM: 0.5013 | CTC: 0.2242
Step 839900/1000000 | Loss: 1.7752 | LR: 1.00e-07 | MLM: 1.3970 | CTC: 0.3782
Step 840000/1000000 | Loss: 0.9396 | LR: 1.00e-07 | MLM: 0.6533 | CTC: 0.2864
✓ Saved checkpoint to checkpoint_step_840000.t7
Step 840100/1000000 | Loss: 1.1326 | LR: 1.00e-07 | MLM: 0.8967 | CTC: 0.2359
Step 840200/1000000 | Loss: 1.8908 | LR: 1.00e-07 | MLM: 1.3990 | CTC: 0.4918
Step 840300/1000000 | Loss: 1.2933 | LR: 1.00e-07 | MLM: 0.9158 | CTC: 0.3775
Step 840400/1000000 | Loss: 1.6794 | LR: 1.00e-07 | MLM: 1.3379 | CTC: 0.3415
Step 840500/1000000 | Loss: 1.4685 | LR: 1.00e-07 | MLM: 1.1599 | CTC: 0.3086
Step 840600/1000000 | Loss: 1.3103 | LR: 1.00e-07 | MLM: 1.0277 | CTC: 0.2825
Step 840700/1000000 | Loss: 0.7144 | LR: 1.00e-07 | MLM: 0.4322 | CTC: 0.2822
Step 840800/1000000 | Loss: 1.0649 | LR: 1.00e-07 | MLM: 0.8013 | CTC: 0.2636
Step 840900/1000000 | Loss: 0.7665 | LR: 1.00e-07 | MLM: 0.6175 | CTC: 0.1490
Step 841000/1000000 | Loss: 1.2920 | LR: 1.00e-07 | MLM: 0.8576 | CTC: 0.4344
Step 841100/1000000 | Loss: 1.0450 | LR: 1.00e-07 | MLM: 0.7790 | CTC: 0.2661
Step 841200/1000000 | Loss: 0.9458 | LR: 1.00e-07 | MLM: 0.6809 | CTC: 0.2649
Step 841300/1000000 | Loss: 1.1839 | LR: 1.00e-07 | MLM: 0.8373 | CTC: 0.3465
Step 841400/1000000 | Loss: 1.2655 | LR: 1.00e-07 | MLM: 0.9272 | CTC: 0.3383
Step 841500/1000000 | Loss: 0.3233 | LR: 1.00e-07 | MLM: 0.2232 | CTC: 0.1001
Step 841600/1000000 | Loss: 0.5686 | LR: 1.00e-07 | MLM: 0.3984 | CTC: 0.1702
Step 841700/1000000 | Loss: 0.9597 | LR: 1.00e-07 | MLM: 0.7519 | CTC: 0.2078
Step 841800/1000000 | Loss: 1.6227 | LR: 1.00e-07 | MLM: 1.4581 | CTC: 0.1646
Step 841900/1000000 | Loss: 1.0585 | LR: 1.00e-07 | MLM: 0.7904 | CTC: 0.2681
Step 842000/1000000 | Loss: 0.6592 | LR: 1.00e-07 | MLM: 0.4832 | CTC: 0.1760
Step 842100/1000000 | Loss: 1.0449 | LR: 1.00e-07 | MLM: 0.7589 | CTC: 0.2860
Step 842200/1000000 | Loss: 1.2700 | LR: 1.00e-07 | MLM: 0.9389 | CTC: 0.3311
Step 842300/1000000 | Loss: 1.0509 | LR: 1.00e-07 | MLM: 0.7726 | CTC: 0.2783
Step 842400/1000000 | Loss: 0.8403 | LR: 1.00e-07 | MLM: 0.6038 | CTC: 0.2364
Step 842500/1000000 | Loss: 1.2660 | LR: 1.00e-07 | MLM: 1.0217 | CTC: 0.2442
Step 842600/1000000 | Loss: 0.4969 | LR: 1.00e-07 | MLM: 0.4092 | CTC: 0.0877
Step 842700/1000000 | Loss: 1.0681 | LR: 1.00e-07 | MLM: 0.7308 | CTC: 0.3373
Step 842800/1000000 | Loss: 0.8180 | LR: 1.00e-07 | MLM: 0.6088 | CTC: 0.2092
Step 842900/1000000 | Loss: 0.9770 | LR: 1.00e-07 | MLM: 0.7466 | CTC: 0.2304
Step 843000/1000000 | Loss: 1.8009 | LR: 1.00e-07 | MLM: 1.4437 | CTC: 0.3572
Step 843100/1000000 | Loss: 0.8761 | LR: 1.00e-07 | MLM: 0.6761 | CTC: 0.2001
Step 843200/1000000 | Loss: 1.5539 | LR: 1.00e-07 | MLM: 1.1682 | CTC: 0.3857
Step 843300/1000000 | Loss: 1.0318 | LR: 1.00e-07 | MLM: 0.7159 | CTC: 0.3159
Step 843400/1000000 | Loss: 1.5406 | LR: 1.00e-07 | MLM: 1.2755 | CTC: 0.2651
Step 843500/1000000 | Loss: 1.4667 | LR: 1.00e-07 | MLM: 1.0308 | CTC: 0.4359
Step 843600/1000000 | Loss: 1.3049 | LR: 1.00e-07 | MLM: 0.9810 | CTC: 0.3239
Step 843700/1000000 | Loss: 1.2254 | LR: 1.00e-07 | MLM: 0.8395 | CTC: 0.3859
Step 843800/1000000 | Loss: 0.6177 | LR: 1.00e-07 | MLM: 0.3438 | CTC: 0.2738
Step 843900/1000000 | Loss: 1.9802 | LR: 1.00e-07 | MLM: 1.3688 | CTC: 0.6114
Step 844000/1000000 | Loss: 0.6718 | LR: 1.00e-07 | MLM: 0.5081 | CTC: 0.1637
Step 844100/1000000 | Loss: 0.3607 | LR: 1.00e-07 | MLM: 0.2317 | CTC: 0.1291
Step 844200/1000000 | Loss: 0.0571 | LR: 1.00e-07 | MLM: 0.0063 | CTC: 0.0508
Step 844300/1000000 | Loss: 1.3710 | LR: 1.00e-07 | MLM: 1.0982 | CTC: 0.2727
Step 844400/1000000 | Loss: 0.7906 | LR: 1.00e-07 | MLM: 0.6073 | CTC: 0.1834
Step 844500/1000000 | Loss: 0.1537 | LR: 1.00e-07 | MLM: 0.0887 | CTC: 0.0650
Step 844600/1000000 | Loss: 1.7024 | LR: 1.00e-07 | MLM: 1.3085 | CTC: 0.3939
Step 844700/1000000 | Loss: 1.1391 | LR: 1.00e-07 | MLM: 0.8954 | CTC: 0.2437
Step 844800/1000000 | Loss: 1.0009 | LR: 1.00e-07 | MLM: 0.5922 | CTC: 0.4087
Step 844900/1000000 | Loss: 1.3203 | LR: 1.00e-07 | MLM: 0.9966 | CTC: 0.3237
Step 845000/1000000 | Loss: 1.3496 | LR: 1.00e-07 | MLM: 1.0856 | CTC: 0.2641
✓ Saved checkpoint to checkpoint_step_845000.t7
Step 845100/1000000 | Loss: 1.5280 | LR: 1.00e-07 | MLM: 1.1768 | CTC: 0.3511
Step 845200/1000000 | Loss: 1.2447 | LR: 1.00e-07 | MLM: 0.9994 | CTC: 0.2453
Step 845300/1000000 | Loss: 2.1235 | LR: 1.00e-07 | MLM: 1.5808 | CTC: 0.5427
Step 845400/1000000 | Loss: 0.5196 | LR: 1.00e-07 | MLM: 0.3903 | CTC: 0.1292
Step 845500/1000000 | Loss: 0.8543 | LR: 1.00e-07 | MLM: 0.6460 | CTC: 0.2082
Step 845600/1000000 | Loss: 1.2808 | LR: 1.00e-07 | MLM: 0.9799 | CTC: 0.3009
Step 845700/1000000 | Loss: 1.6056 | LR: 1.00e-07 | MLM: 1.1775 | CTC: 0.4280
Step 845800/1000000 | Loss: 0.6227 | LR: 1.00e-07 | MLM: 0.4621 | CTC: 0.1606
Step 845900/1000000 | Loss: 1.8696 | LR: 1.00e-07 | MLM: 1.4265 | CTC: 0.4431
Step 846000/1000000 | Loss: 1.7252 | LR: 1.00e-07 | MLM: 1.2773 | CTC: 0.4478
Step 846100/1000000 | Loss: 1.4891 | LR: 1.00e-07 | MLM: 1.1621 | CTC: 0.3270
Step 846200/1000000 | Loss: 1.5347 | LR: 1.00e-07 | MLM: 1.1301 | CTC: 0.4046
Step 846300/1000000 | Loss: 0.5030 | LR: 1.00e-07 | MLM: 0.4005 | CTC: 0.1025
Step 846400/1000000 | Loss: 1.2494 | LR: 1.00e-07 | MLM: 0.9968 | CTC: 0.2526
Step 846500/1000000 | Loss: 1.2595 | LR: 1.00e-07 | MLM: 0.9803 | CTC: 0.2792
Step 846600/1000000 | Loss: 1.0195 | LR: 1.00e-07 | MLM: 0.8204 | CTC: 0.1991
Step 846700/1000000 | Loss: 0.8926 | LR: 1.00e-07 | MLM: 0.6701 | CTC: 0.2225
Step 846800/1000000 | Loss: 1.1846 | LR: 1.00e-07 | MLM: 0.8392 | CTC: 0.3454
Step 846900/1000000 | Loss: 0.8236 | LR: 1.00e-07 | MLM: 0.5553 | CTC: 0.2682
Step 847000/1000000 | Loss: 1.7312 | LR: 1.00e-07 | MLM: 1.3358 | CTC: 0.3954
Step 847100/1000000 | Loss: 0.4107 | LR: 1.00e-07 | MLM: 0.2991 | CTC: 0.1116
Step 847200/1000000 | Loss: 2.0215 | LR: 1.00e-07 | MLM: 1.5630 | CTC: 0.4584
Step 847300/1000000 | Loss: 1.7996 | LR: 1.00e-07 | MLM: 1.3366 | CTC: 0.4630
Step 847400/1000000 | Loss: 1.5441 | LR: 1.00e-07 | MLM: 1.2664 | CTC: 0.2777
Step 847500/1000000 | Loss: 1.2045 | LR: 1.00e-07 | MLM: 0.8923 | CTC: 0.3122
Step 847600/1000000 | Loss: 1.5795 | LR: 1.00e-07 | MLM: 1.1064 | CTC: 0.4731
Step 847700/1000000 | Loss: 0.8483 | LR: 1.00e-07 | MLM: 0.6252 | CTC: 0.2231
Step 847800/1000000 | Loss: 0.1776 | LR: 1.00e-07 | MLM: 0.0669 | CTC: 0.1106
Step 847900/1000000 | Loss: 0.4558 | LR: 1.00e-07 | MLM: 0.3347 | CTC: 0.1211
Step 848000/1000000 | Loss: 1.0408 | LR: 1.00e-07 | MLM: 0.8167 | CTC: 0.2242
Step 848100/1000000 | Loss: 0.3126 | LR: 1.00e-07 | MLM: 0.2402 | CTC: 0.0725
Step 848200/1000000 | Loss: 0.7451 | LR: 1.00e-07 | MLM: 0.5776 | CTC: 0.1675
Step 848300/1000000 | Loss: 1.4302 | LR: 1.00e-07 | MLM: 1.0494 | CTC: 0.3808
Step 848400/1000000 | Loss: 1.0416 | LR: 1.00e-07 | MLM: 0.7446 | CTC: 0.2970
Step 848500/1000000 | Loss: 0.9544 | LR: 1.00e-07 | MLM: 0.7048 | CTC: 0.2496
Step 848600/1000000 | Loss: 0.9492 | LR: 1.00e-07 | MLM: 0.7323 | CTC: 0.2169
Step 848700/1000000 | Loss: 0.6892 | LR: 1.00e-07 | MLM: 0.5413 | CTC: 0.1479
Step 848800/1000000 | Loss: 1.7165 | LR: 1.00e-07 | MLM: 1.3282 | CTC: 0.3882
Step 848900/1000000 | Loss: 0.9466 | LR: 1.00e-07 | MLM: 0.6841 | CTC: 0.2625
Step 849000/1000000 | Loss: 0.6959 | LR: 1.00e-07 | MLM: 0.4685 | CTC: 0.2274
Step 849100/1000000 | Loss: 1.6619 | LR: 1.00e-07 | MLM: 1.2776 | CTC: 0.3843
Step 849200/1000000 | Loss: 2.2274 | LR: 1.00e-07 | MLM: 1.6728 | CTC: 0.5546
Step 849300/1000000 | Loss: 0.9518 | LR: 1.00e-07 | MLM: 0.7322 | CTC: 0.2196
Step 849400/1000000 | Loss: 1.4881 | LR: 1.00e-07 | MLM: 1.0951 | CTC: 0.3930
Step 849500/1000000 | Loss: 1.0740 | LR: 1.00e-07 | MLM: 0.7862 | CTC: 0.2878
Step 849600/1000000 | Loss: 1.4341 | LR: 1.00e-07 | MLM: 1.1041 | CTC: 0.3299
Step 849700/1000000 | Loss: 1.0556 | LR: 1.00e-07 | MLM: 0.7224 | CTC: 0.3333
Step 849800/1000000 | Loss: 1.2791 | LR: 1.00e-07 | MLM: 1.0014 | CTC: 0.2777
Step 849900/1000000 | Loss: 0.5290 | LR: 1.00e-07 | MLM: 0.3160 | CTC: 0.2130
Step 850000/1000000 | Loss: 1.3172 | LR: 1.00e-07 | MLM: 1.0612 | CTC: 0.2561
✓ Saved checkpoint to checkpoint_step_850000.t7
Step 850100/1000000 | Loss: 0.8397 | LR: 1.00e-07 | MLM: 0.6296 | CTC: 0.2101
Step 850200/1000000 | Loss: 1.4717 | LR: 1.00e-07 | MLM: 1.1914 | CTC: 0.2803
Step 850300/1000000 | Loss: 0.0306 | LR: 1.00e-07 | MLM: 0.0022 | CTC: 0.0284
Step 850400/1000000 | Loss: 1.4164 | LR: 1.00e-07 | MLM: 1.0700 | CTC: 0.3464
Step 850500/1000000 | Loss: 1.7546 | LR: 1.00e-07 | MLM: 1.3870 | CTC: 0.3677
Step 850600/1000000 | Loss: 1.5323 | LR: 1.00e-07 | MLM: 1.0033 | CTC: 0.5290
Step 850700/1000000 | Loss: 1.9079 | LR: 1.00e-07 | MLM: 1.4924 | CTC: 0.4156
Step 850800/1000000 | Loss: 1.0318 | LR: 1.00e-07 | MLM: 0.7680 | CTC: 0.2638
Step 850900/1000000 | Loss: 1.4557 | LR: 1.00e-07 | MLM: 1.1503 | CTC: 0.3055
Step 851000/1000000 | Loss: 0.1777 | LR: 1.00e-07 | MLM: 0.1069 | CTC: 0.0708
Step 851100/1000000 | Loss: 1.0907 | LR: 1.00e-07 | MLM: 0.7734 | CTC: 0.3173
Step 851200/1000000 | Loss: 1.1145 | LR: 1.00e-07 | MLM: 0.8278 | CTC: 0.2866
Step 851300/1000000 | Loss: 2.1077 | LR: 1.00e-07 | MLM: 1.5243 | CTC: 0.5834
Step 851400/1000000 | Loss: 1.6161 | LR: 1.00e-07 | MLM: 1.2886 | CTC: 0.3275
Step 851500/1000000 | Loss: 1.1456 | LR: 1.00e-07 | MLM: 0.8140 | CTC: 0.3316
Step 851600/1000000 | Loss: 1.5832 | LR: 1.00e-07 | MLM: 1.0107 | CTC: 0.5725
Step 851700/1000000 | Loss: 1.2877 | LR: 1.00e-07 | MLM: 0.9918 | CTC: 0.2959
Step 851800/1000000 | Loss: 1.5214 | LR: 1.00e-07 | MLM: 1.1397 | CTC: 0.3818
Step 851900/1000000 | Loss: 1.7572 | LR: 1.00e-07 | MLM: 1.3819 | CTC: 0.3753
Step 852000/1000000 | Loss: 0.8312 | LR: 1.00e-07 | MLM: 0.5798 | CTC: 0.2514
Step 852100/1000000 | Loss: 1.9883 | LR: 1.00e-07 | MLM: 1.5019 | CTC: 0.4863
Step 852200/1000000 | Loss: 1.6704 | LR: 1.00e-07 | MLM: 1.1859 | CTC: 0.4846
Step 852300/1000000 | Loss: 0.6993 | LR: 1.00e-07 | MLM: 0.4972 | CTC: 0.2021
Step 852400/1000000 | Loss: 1.4050 | LR: 1.00e-07 | MLM: 1.1042 | CTC: 0.3008
Step 852500/1000000 | Loss: 0.9444 | LR: 1.00e-07 | MLM: 0.6751 | CTC: 0.2693
Step 852600/1000000 | Loss: 1.3584 | LR: 1.00e-07 | MLM: 0.9564 | CTC: 0.4020
Step 852700/1000000 | Loss: 1.9142 | LR: 1.00e-07 | MLM: 1.5026 | CTC: 0.4116
Step 852800/1000000 | Loss: 1.2474 | LR: 1.00e-07 | MLM: 0.9392 | CTC: 0.3081
Step 852900/1000000 | Loss: 1.0995 | LR: 1.00e-07 | MLM: 0.8695 | CTC: 0.2301
Step 853000/1000000 | Loss: 1.3106 | LR: 1.00e-07 | MLM: 0.9667 | CTC: 0.3440
Step 853100/1000000 | Loss: 1.0523 | LR: 1.00e-07 | MLM: 0.7056 | CTC: 0.3466
Step 853200/1000000 | Loss: 1.5587 | LR: 1.00e-07 | MLM: 1.2327 | CTC: 0.3260
Step 853300/1000000 | Loss: 1.0996 | LR: 1.00e-07 | MLM: 0.8596 | CTC: 0.2399
Step 853400/1000000 | Loss: 1.8200 | LR: 1.00e-07 | MLM: 1.2943 | CTC: 0.5257
Step 853500/1000000 | Loss: 1.3138 | LR: 1.00e-07 | MLM: 1.0252 | CTC: 0.2887
Step 853600/1000000 | Loss: 1.1987 | LR: 1.00e-07 | MLM: 0.9905 | CTC: 0.2082
Step 853700/1000000 | Loss: 0.6501 | LR: 1.00e-07 | MLM: 0.4714 | CTC: 0.1787
Step 853800/1000000 | Loss: 1.6441 | LR: 1.00e-07 | MLM: 1.2551 | CTC: 0.3889
Step 853900/1000000 | Loss: 1.2437 | LR: 1.00e-07 | MLM: 0.8869 | CTC: 0.3569
Step 854000/1000000 | Loss: 1.1601 | LR: 1.00e-07 | MLM: 0.8253 | CTC: 0.3348
Step 854100/1000000 | Loss: 0.3092 | LR: 1.00e-07 | MLM: 0.1944 | CTC: 0.1149
Step 854200/1000000 | Loss: 0.4725 | LR: 1.00e-07 | MLM: 0.3541 | CTC: 0.1184
Step 854300/1000000 | Loss: 1.3843 | LR: 1.00e-07 | MLM: 1.0575 | CTC: 0.3268
Step 854400/1000000 | Loss: 1.4279 | LR: 1.00e-07 | MLM: 1.0143 | CTC: 0.4135
Step 854500/1000000 | Loss: 1.0005 | LR: 1.00e-07 | MLM: 0.7363 | CTC: 0.2642
Step 854600/1000000 | Loss: 0.4294 | LR: 1.00e-07 | MLM: 0.2643 | CTC: 0.1651
Step 854700/1000000 | Loss: 1.4369 | LR: 1.00e-07 | MLM: 0.9708 | CTC: 0.4661
Step 854800/1000000 | Loss: 1.8305 | LR: 1.00e-07 | MLM: 1.3151 | CTC: 0.5154
Step 854900/1000000 | Loss: 1.4991 | LR: 1.00e-07 | MLM: 1.0794 | CTC: 0.4197
Step 855000/1000000 | Loss: 0.8926 | LR: 1.00e-07 | MLM: 0.7076 | CTC: 0.1851
✓ Saved checkpoint to checkpoint_step_855000.t7
Step 855100/1000000 | Loss: 0.3748 | LR: 1.00e-07 | MLM: 0.2745 | CTC: 0.1003
Step 855200/1000000 | Loss: 1.7646 | LR: 1.00e-07 | MLM: 1.3164 | CTC: 0.4482
Step 855300/1000000 | Loss: 1.1972 | LR: 1.00e-07 | MLM: 0.8538 | CTC: 0.3434
Step 855400/1000000 | Loss: 1.9103 | LR: 1.00e-07 | MLM: 1.4175 | CTC: 0.4928
Step 855500/1000000 | Loss: 1.4265 | LR: 1.00e-07 | MLM: 1.0210 | CTC: 0.4055
Step 855600/1000000 | Loss: 1.0547 | LR: 1.00e-07 | MLM: 0.7687 | CTC: 0.2860
Step 855700/1000000 | Loss: 0.7213 | LR: 1.00e-07 | MLM: 0.5704 | CTC: 0.1509
Step 855800/1000000 | Loss: 1.5640 | LR: 1.00e-07 | MLM: 1.2465 | CTC: 0.3176
Step 855900/1000000 | Loss: 1.5911 | LR: 1.00e-07 | MLM: 1.0941 | CTC: 0.4970
Step 856000/1000000 | Loss: 0.7160 | LR: 1.00e-07 | MLM: 0.5777 | CTC: 0.1383
Step 856100/1000000 | Loss: 1.2893 | LR: 1.00e-07 | MLM: 1.0084 | CTC: 0.2808
Step 856200/1000000 | Loss: 2.0217 | LR: 1.00e-07 | MLM: 1.5899 | CTC: 0.4318
Step 856300/1000000 | Loss: 1.0120 | LR: 1.00e-07 | MLM: 0.7274 | CTC: 0.2846
Step 856400/1000000 | Loss: 0.7289 | LR: 1.00e-07 | MLM: 0.5221 | CTC: 0.2069
Step 856500/1000000 | Loss: 0.9923 | LR: 1.00e-07 | MLM: 0.6644 | CTC: 0.3279
Step 856600/1000000 | Loss: 0.7526 | LR: 1.00e-07 | MLM: 0.5611 | CTC: 0.1915
Step 856700/1000000 | Loss: 1.1980 | LR: 1.00e-07 | MLM: 0.9341 | CTC: 0.2639
Step 856800/1000000 | Loss: 0.9750 | LR: 1.00e-07 | MLM: 0.6881 | CTC: 0.2869
Step 856900/1000000 | Loss: 2.2815 | LR: 1.00e-07 | MLM: 1.7290 | CTC: 0.5526
Step 857000/1000000 | Loss: 1.1990 | LR: 1.00e-07 | MLM: 0.9399 | CTC: 0.2591
Step 857100/1000000 | Loss: 0.8615 | LR: 1.00e-07 | MLM: 0.6757 | CTC: 0.1858
Step 857200/1000000 | Loss: 1.2853 | LR: 1.00e-07 | MLM: 0.9007 | CTC: 0.3846
Step 857300/1000000 | Loss: 0.5543 | LR: 1.00e-07 | MLM: 0.3855 | CTC: 0.1688
Step 857400/1000000 | Loss: 1.8245 | LR: 1.00e-07 | MLM: 1.3866 | CTC: 0.4379
Step 857500/1000000 | Loss: 0.9051 | LR: 1.00e-07 | MLM: 0.6874 | CTC: 0.2176
Step 857600/1000000 | Loss: 0.4326 | LR: 1.00e-07 | MLM: 0.2999 | CTC: 0.1327
Step 857700/1000000 | Loss: 1.2703 | LR: 1.00e-07 | MLM: 0.9741 | CTC: 0.2962
Step 857800/1000000 | Loss: 1.4485 | LR: 1.00e-07 | MLM: 1.0912 | CTC: 0.3573
Step 857900/1000000 | Loss: 1.3585 | LR: 1.00e-07 | MLM: 0.9859 | CTC: 0.3726
Step 858000/1000000 | Loss: 1.2249 | LR: 1.00e-07 | MLM: 0.9316 | CTC: 0.2933
Step 858100/1000000 | Loss: 1.6610 | LR: 1.00e-07 | MLM: 1.2347 | CTC: 0.4263
Step 858200/1000000 | Loss: 1.7949 | LR: 1.00e-07 | MLM: 1.2484 | CTC: 0.5464
Step 858300/1000000 | Loss: 1.0699 | LR: 1.00e-07 | MLM: 0.8100 | CTC: 0.2599
Step 858400/1000000 | Loss: 0.9995 | LR: 1.00e-07 | MLM: 0.7130 | CTC: 0.2865
Step 858500/1000000 | Loss: 1.1734 | LR: 1.00e-07 | MLM: 0.9270 | CTC: 0.2464
Step 858600/1000000 | Loss: 0.2902 | LR: 1.00e-07 | MLM: 0.1790 | CTC: 0.1112
Step 858700/1000000 | Loss: 1.5395 | LR: 1.00e-07 | MLM: 1.1987 | CTC: 0.3408
Step 858800/1000000 | Loss: 2.2853 | LR: 1.00e-07 | MLM: 1.8355 | CTC: 0.4498
Step 858900/1000000 | Loss: 1.0098 | LR: 1.00e-07 | MLM: 0.8129 | CTC: 0.1969
Step 859000/1000000 | Loss: 1.0127 | LR: 1.00e-07 | MLM: 0.7974 | CTC: 0.2154
Step 859100/1000000 | Loss: 1.4762 | LR: 1.00e-07 | MLM: 1.1457 | CTC: 0.3305
Step 859200/1000000 | Loss: 0.9808 | LR: 1.00e-07 | MLM: 0.7327 | CTC: 0.2481
Step 859300/1000000 | Loss: 1.7144 | LR: 1.00e-07 | MLM: 1.2812 | CTC: 0.4332
Step 859400/1000000 | Loss: 1.1635 | LR: 1.00e-07 | MLM: 0.8991 | CTC: 0.2644
Step 859500/1000000 | Loss: 1.1573 | LR: 1.00e-07 | MLM: 0.9155 | CTC: 0.2419
Step 859600/1000000 | Loss: 0.1573 | LR: 1.00e-07 | MLM: 0.1186 | CTC: 0.0387
Step 859700/1000000 | Loss: 1.1456 | LR: 1.00e-07 | MLM: 0.8138 | CTC: 0.3318
Step 859800/1000000 | Loss: 1.2999 | LR: 1.00e-07 | MLM: 1.0038 | CTC: 0.2961
Step 859900/1000000 | Loss: 0.7990 | LR: 1.00e-07 | MLM: 0.5494 | CTC: 0.2495
Step 860000/1000000 | Loss: 1.5047 | LR: 1.00e-07 | MLM: 1.2102 | CTC: 0.2945
✓ Saved checkpoint to checkpoint_step_860000.t7
Step 860100/1000000 | Loss: 1.8743 | LR: 1.00e-07 | MLM: 1.3857 | CTC: 0.4886
Step 860200/1000000 | Loss: 2.1954 | LR: 1.00e-07 | MLM: 1.6979 | CTC: 0.4976
Step 860300/1000000 | Loss: 1.0558 | LR: 1.00e-07 | MLM: 0.8046 | CTC: 0.2512
Step 860400/1000000 | Loss: 0.8190 | LR: 1.00e-07 | MLM: 0.6396 | CTC: 0.1794
Step 860500/1000000 | Loss: 1.1198 | LR: 1.00e-07 | MLM: 0.8314 | CTC: 0.2883
Step 860600/1000000 | Loss: 1.0999 | LR: 1.00e-07 | MLM: 0.8485 | CTC: 0.2514
Step 860700/1000000 | Loss: 1.9991 | LR: 1.00e-07 | MLM: 1.5531 | CTC: 0.4460
Step 860800/1000000 | Loss: 1.2660 | LR: 1.00e-07 | MLM: 0.9329 | CTC: 0.3331
Step 860900/1000000 | Loss: 1.5290 | LR: 1.00e-07 | MLM: 1.2121 | CTC: 0.3170
Step 861000/1000000 | Loss: 1.9099 | LR: 1.00e-07 | MLM: 1.4717 | CTC: 0.4382
Step 861100/1000000 | Loss: 0.8539 | LR: 1.00e-07 | MLM: 0.5815 | CTC: 0.2724
Step 861200/1000000 | Loss: 1.6773 | LR: 1.00e-07 | MLM: 1.3203 | CTC: 0.3570
Step 861300/1000000 | Loss: 0.7770 | LR: 1.00e-07 | MLM: 0.5856 | CTC: 0.1914
Step 861400/1000000 | Loss: 1.7077 | LR: 1.00e-07 | MLM: 1.2271 | CTC: 0.4806
Step 861500/1000000 | Loss: 1.0581 | LR: 1.00e-07 | MLM: 0.8187 | CTC: 0.2393
Step 861600/1000000 | Loss: 1.5285 | LR: 1.00e-07 | MLM: 1.1585 | CTC: 0.3700
Step 861700/1000000 | Loss: 0.8949 | LR: 1.00e-07 | MLM: 0.6494 | CTC: 0.2455
Step 861800/1000000 | Loss: 0.6722 | LR: 1.00e-07 | MLM: 0.4499 | CTC: 0.2223
Step 861900/1000000 | Loss: 1.2566 | LR: 1.00e-07 | MLM: 0.9826 | CTC: 0.2740
Step 862000/1000000 | Loss: 0.9976 | LR: 1.00e-07 | MLM: 0.7481 | CTC: 0.2495
Step 862100/1000000 | Loss: 0.9712 | LR: 1.00e-07 | MLM: 0.7250 | CTC: 0.2462
Step 862200/1000000 | Loss: 1.1984 | LR: 1.00e-07 | MLM: 0.9322 | CTC: 0.2662
Step 862300/1000000 | Loss: 1.2375 | LR: 1.00e-07 | MLM: 0.8500 | CTC: 0.3875
Step 862400/1000000 | Loss: 1.3945 | LR: 1.00e-07 | MLM: 1.0793 | CTC: 0.3152
Step 862500/1000000 | Loss: 1.1990 | LR: 1.00e-07 | MLM: 0.9450 | CTC: 0.2541
Step 862600/1000000 | Loss: 0.8629 | LR: 1.00e-07 | MLM: 0.6735 | CTC: 0.1894
Step 862700/1000000 | Loss: 1.4517 | LR: 1.00e-07 | MLM: 1.0578 | CTC: 0.3940
Step 862800/1000000 | Loss: 0.5778 | LR: 1.00e-07 | MLM: 0.4414 | CTC: 0.1364
Step 862900/1000000 | Loss: 0.8495 | LR: 1.00e-07 | MLM: 0.6361 | CTC: 0.2135
Step 863000/1000000 | Loss: 0.7411 | LR: 1.00e-07 | MLM: 0.6112 | CTC: 0.1299
Step 863100/1000000 | Loss: 0.4729 | LR: 1.00e-07 | MLM: 0.2854 | CTC: 0.1875
Step 863200/1000000 | Loss: 1.5543 | LR: 1.00e-07 | MLM: 1.1587 | CTC: 0.3956
Step 863300/1000000 | Loss: 0.9396 | LR: 1.00e-07 | MLM: 0.6502 | CTC: 0.2894
Step 863400/1000000 | Loss: 0.8373 | LR: 1.00e-07 | MLM: 0.6128 | CTC: 0.2244
Step 863500/1000000 | Loss: 1.4536 | LR: 1.00e-07 | MLM: 1.1328 | CTC: 0.3209
Step 863600/1000000 | Loss: 1.2537 | LR: 1.00e-07 | MLM: 0.9419 | CTC: 0.3118
Step 863700/1000000 | Loss: 0.9750 | LR: 1.00e-07 | MLM: 0.6670 | CTC: 0.3080
Step 863800/1000000 | Loss: 1.0426 | LR: 1.00e-07 | MLM: 0.7829 | CTC: 0.2598
Step 863900/1000000 | Loss: 1.2203 | LR: 1.00e-07 | MLM: 0.9424 | CTC: 0.2779
Step 864000/1000000 | Loss: 1.2541 | LR: 1.00e-07 | MLM: 0.9841 | CTC: 0.2700
Step 864100/1000000 | Loss: 0.6361 | LR: 1.00e-07 | MLM: 0.4752 | CTC: 0.1609
Step 864200/1000000 | Loss: 1.4909 | LR: 1.00e-07 | MLM: 1.1034 | CTC: 0.3875
Step 864300/1000000 | Loss: 1.9514 | LR: 1.00e-07 | MLM: 1.5025 | CTC: 0.4490
Step 864400/1000000 | Loss: 1.3200 | LR: 1.00e-07 | MLM: 0.8682 | CTC: 0.4519
Step 864500/1000000 | Loss: 0.8567 | LR: 1.00e-07 | MLM: 0.6609 | CTC: 0.1958
Step 864600/1000000 | Loss: 1.1705 | LR: 1.00e-07 | MLM: 0.9268 | CTC: 0.2437
Step 864700/1000000 | Loss: 0.5254 | LR: 1.00e-07 | MLM: 0.3810 | CTC: 0.1444
Step 864800/1000000 | Loss: 0.0876 | LR: 1.00e-07 | MLM: 0.0506 | CTC: 0.0370
Step 864900/1000000 | Loss: 1.0218 | LR: 1.00e-07 | MLM: 0.8076 | CTC: 0.2142
Step 865000/1000000 | Loss: 0.7183 | LR: 1.00e-07 | MLM: 0.5173 | CTC: 0.2009
✓ Saved checkpoint to checkpoint_step_865000.t7
Step 865100/1000000 | Loss: 1.7788 | LR: 1.00e-07 | MLM: 1.3264 | CTC: 0.4524
Step 865200/1000000 | Loss: 1.1344 | LR: 1.00e-07 | MLM: 0.9224 | CTC: 0.2120
Step 865300/1000000 | Loss: 0.4909 | LR: 1.00e-07 | MLM: 0.3763 | CTC: 0.1146
Step 865400/1000000 | Loss: 0.8739 | LR: 1.00e-07 | MLM: 0.6584 | CTC: 0.2156
Step 865500/1000000 | Loss: 1.4866 | LR: 1.00e-07 | MLM: 1.1228 | CTC: 0.3638
Step 865600/1000000 | Loss: 1.3309 | LR: 1.00e-07 | MLM: 0.9830 | CTC: 0.3479
Step 865700/1000000 | Loss: 0.9740 | LR: 1.00e-07 | MLM: 0.7123 | CTC: 0.2617
Step 865800/1000000 | Loss: 0.9037 | LR: 1.00e-07 | MLM: 0.7205 | CTC: 0.1832
Step 865900/1000000 | Loss: 1.6067 | LR: 1.00e-07 | MLM: 1.2101 | CTC: 0.3967
Step 866000/1000000 | Loss: 0.9453 | LR: 1.00e-07 | MLM: 0.7214 | CTC: 0.2239
Step 866100/1000000 | Loss: 1.1463 | LR: 1.00e-07 | MLM: 0.8790 | CTC: 0.2673
Step 866200/1000000 | Loss: 0.5983 | LR: 1.00e-07 | MLM: 0.4264 | CTC: 0.1719
Step 866300/1000000 | Loss: 0.7162 | LR: 1.00e-07 | MLM: 0.5244 | CTC: 0.1918
Step 866400/1000000 | Loss: 1.2961 | LR: 1.00e-07 | MLM: 0.9251 | CTC: 0.3710
Step 866500/1000000 | Loss: 1.6176 | LR: 1.00e-07 | MLM: 1.1561 | CTC: 0.4615
Step 866600/1000000 | Loss: 1.4264 | LR: 1.00e-07 | MLM: 1.1467 | CTC: 0.2797
Step 866700/1000000 | Loss: 1.3287 | LR: 1.00e-07 | MLM: 0.9947 | CTC: 0.3340
Step 866800/1000000 | Loss: 1.1599 | LR: 1.00e-07 | MLM: 0.8674 | CTC: 0.2924
Step 866900/1000000 | Loss: 1.4199 | LR: 1.00e-07 | MLM: 0.9925 | CTC: 0.4275
Step 867000/1000000 | Loss: 1.6666 | LR: 1.00e-07 | MLM: 1.3650 | CTC: 0.3016
Step 867100/1000000 | Loss: 0.7921 | LR: 1.00e-07 | MLM: 0.5335 | CTC: 0.2586
Step 867200/1000000 | Loss: 0.3970 | LR: 1.00e-07 | MLM: 0.2827 | CTC: 0.1143
Step 867300/1000000 | Loss: 0.8462 | LR: 1.00e-07 | MLM: 0.6370 | CTC: 0.2092
Step 867400/1000000 | Loss: 0.8295 | LR: 1.00e-07 | MLM: 0.5707 | CTC: 0.2588
Step 867500/1000000 | Loss: 1.4793 | LR: 1.00e-07 | MLM: 1.0998 | CTC: 0.3795
Step 867600/1000000 | Loss: 1.5256 | LR: 1.00e-07 | MLM: 1.1526 | CTC: 0.3730
Step 867700/1000000 | Loss: 0.9136 | LR: 1.00e-07 | MLM: 0.6974 | CTC: 0.2162
Step 867800/1000000 | Loss: 1.5504 | LR: 1.00e-07 | MLM: 1.2509 | CTC: 0.2995
Step 867900/1000000 | Loss: 0.4375 | LR: 1.00e-07 | MLM: 0.3286 | CTC: 0.1089
Step 868000/1000000 | Loss: 1.3871 | LR: 1.00e-07 | MLM: 0.8946 | CTC: 0.4926
Step 868100/1000000 | Loss: 1.6604 | LR: 1.00e-07 | MLM: 1.3101 | CTC: 0.3503
Step 868200/1000000 | Loss: 0.1139 | LR: 1.00e-07 | MLM: 0.0696 | CTC: 0.0443
Step 868300/1000000 | Loss: 0.5242 | LR: 1.00e-07 | MLM: 0.3829 | CTC: 0.1414
Step 868400/1000000 | Loss: 0.4199 | LR: 1.00e-07 | MLM: 0.2966 | CTC: 0.1233
Step 868500/1000000 | Loss: 0.4494 | LR: 1.00e-07 | MLM: 0.3396 | CTC: 0.1098
Step 868600/1000000 | Loss: 1.8750 | LR: 1.00e-07 | MLM: 1.4375 | CTC: 0.4375
Step 868700/1000000 | Loss: 0.3406 | LR: 1.00e-07 | MLM: 0.2507 | CTC: 0.0899
Step 868800/1000000 | Loss: 2.2487 | LR: 1.00e-07 | MLM: 1.8027 | CTC: 0.4460
Step 868900/1000000 | Loss: 0.6418 | LR: 1.00e-07 | MLM: 0.5016 | CTC: 0.1402
Step 869000/1000000 | Loss: 0.5442 | LR: 1.00e-07 | MLM: 0.3518 | CTC: 0.1924
Step 869100/1000000 | Loss: 1.0319 | LR: 1.00e-07 | MLM: 0.8049 | CTC: 0.2270
Step 869200/1000000 | Loss: 1.3110 | LR: 1.00e-07 | MLM: 0.9541 | CTC: 0.3569
Step 869300/1000000 | Loss: 1.2032 | LR: 1.00e-07 | MLM: 0.8919 | CTC: 0.3113
Step 869400/1000000 | Loss: 1.2611 | LR: 1.00e-07 | MLM: 0.9611 | CTC: 0.3000
Step 869500/1000000 | Loss: 1.0503 | LR: 1.00e-07 | MLM: 0.8173 | CTC: 0.2331
Step 869600/1000000 | Loss: 2.0678 | LR: 1.00e-07 | MLM: 1.3945 | CTC: 0.6733
Step 869700/1000000 | Loss: 1.2789 | LR: 1.00e-07 | MLM: 0.9666 | CTC: 0.3122
Step 869800/1000000 | Loss: 1.0637 | LR: 1.00e-07 | MLM: 0.8077 | CTC: 0.2560
Step 869900/1000000 | Loss: 1.1705 | LR: 1.00e-07 | MLM: 0.9398 | CTC: 0.2307
Step 870000/1000000 | Loss: 1.5861 | LR: 1.00e-07 | MLM: 1.1718 | CTC: 0.4143
✓ Saved checkpoint to checkpoint_step_870000.t7
Step 870100/1000000 | Loss: 1.3322 | LR: 1.00e-07 | MLM: 0.9608 | CTC: 0.3714
Step 870200/1000000 | Loss: 1.2912 | LR: 1.00e-07 | MLM: 0.9355 | CTC: 0.3557
Step 870300/1000000 | Loss: 1.0153 | LR: 1.00e-07 | MLM: 0.7621 | CTC: 0.2533
Step 870400/1000000 | Loss: 0.8759 | LR: 1.00e-07 | MLM: 0.6131 | CTC: 0.2627
Step 870500/1000000 | Loss: 0.8419 | LR: 1.00e-07 | MLM: 0.5863 | CTC: 0.2557
Step 870600/1000000 | Loss: 1.2761 | LR: 1.00e-07 | MLM: 0.9571 | CTC: 0.3190
Step 870700/1000000 | Loss: 0.7254 | LR: 1.00e-07 | MLM: 0.5970 | CTC: 0.1285
Step 870800/1000000 | Loss: 1.4903 | LR: 1.00e-07 | MLM: 1.0405 | CTC: 0.4497
Step 870900/1000000 | Loss: 1.0862 | LR: 1.00e-07 | MLM: 0.8375 | CTC: 0.2486
Step 871000/1000000 | Loss: 0.9195 | LR: 1.00e-07 | MLM: 0.6997 | CTC: 0.2198
Step 871100/1000000 | Loss: 1.6770 | LR: 1.00e-07 | MLM: 1.3290 | CTC: 0.3480
Step 871200/1000000 | Loss: 0.6471 | LR: 1.00e-07 | MLM: 0.5132 | CTC: 0.1339
Step 871300/1000000 | Loss: 0.9825 | LR: 1.00e-07 | MLM: 0.7607 | CTC: 0.2219
Step 871400/1000000 | Loss: 0.5019 | LR: 1.00e-07 | MLM: 0.3279 | CTC: 0.1740
Step 871500/1000000 | Loss: 1.4894 | LR: 1.00e-07 | MLM: 1.0920 | CTC: 0.3974
Step 871600/1000000 | Loss: 1.4610 | LR: 1.00e-07 | MLM: 1.0163 | CTC: 0.4447
Step 871700/1000000 | Loss: 0.8319 | LR: 1.00e-07 | MLM: 0.6069 | CTC: 0.2249
Step 871800/1000000 | Loss: 0.5201 | LR: 1.00e-07 | MLM: 0.4110 | CTC: 0.1091
Step 871900/1000000 | Loss: 0.7971 | LR: 1.00e-07 | MLM: 0.6497 | CTC: 0.1475
Step 872000/1000000 | Loss: 1.7026 | LR: 1.00e-07 | MLM: 1.3451 | CTC: 0.3575
Step 872100/1000000 | Loss: 0.9219 | LR: 1.00e-07 | MLM: 0.7307 | CTC: 0.1911
Step 872200/1000000 | Loss: 1.2975 | LR: 1.00e-07 | MLM: 0.9172 | CTC: 0.3804
Step 872300/1000000 | Loss: 1.9237 | LR: 1.00e-07 | MLM: 1.4162 | CTC: 0.5075
Step 872400/1000000 | Loss: 1.2916 | LR: 1.00e-07 | MLM: 0.9601 | CTC: 0.3315
Step 872500/1000000 | Loss: 0.8420 | LR: 1.00e-07 | MLM: 0.6910 | CTC: 0.1510
Step 872600/1000000 | Loss: 0.5226 | LR: 1.00e-07 | MLM: 0.3649 | CTC: 0.1577
Step 872700/1000000 | Loss: 1.1405 | LR: 1.00e-07 | MLM: 0.7548 | CTC: 0.3857
Step 872800/1000000 | Loss: 0.3222 | LR: 1.00e-07 | MLM: 0.2136 | CTC: 0.1087
Step 872900/1000000 | Loss: 0.9124 | LR: 1.00e-07 | MLM: 0.7244 | CTC: 0.1880
Step 873000/1000000 | Loss: 0.1212 | LR: 1.00e-07 | MLM: 0.0852 | CTC: 0.0360
Step 873100/1000000 | Loss: 1.1803 | LR: 1.00e-07 | MLM: 0.9443 | CTC: 0.2360
Step 873200/1000000 | Loss: 1.2900 | LR: 1.00e-07 | MLM: 0.9540 | CTC: 0.3360
Step 873300/1000000 | Loss: 0.7837 | LR: 1.00e-07 | MLM: 0.6217 | CTC: 0.1620
Step 873400/1000000 | Loss: 1.0982 | LR: 1.00e-07 | MLM: 0.8606 | CTC: 0.2376
Step 873500/1000000 | Loss: 1.2948 | LR: 1.00e-07 | MLM: 1.0468 | CTC: 0.2480
Step 873600/1000000 | Loss: 1.2087 | LR: 1.00e-07 | MLM: 0.8222 | CTC: 0.3865
Step 873700/1000000 | Loss: 1.2917 | LR: 1.00e-07 | MLM: 1.0019 | CTC: 0.2899
Step 873800/1000000 | Loss: 1.2925 | LR: 1.00e-07 | MLM: 0.9162 | CTC: 0.3762
Step 873900/1000000 | Loss: 0.8174 | LR: 1.00e-07 | MLM: 0.5811 | CTC: 0.2363
Step 874000/1000000 | Loss: 1.4483 | LR: 1.00e-07 | MLM: 1.0911 | CTC: 0.3572
Step 874100/1000000 | Loss: 1.0161 | LR: 1.00e-07 | MLM: 0.8573 | CTC: 0.1587
Step 874200/1000000 | Loss: 1.1110 | LR: 1.00e-07 | MLM: 0.8145 | CTC: 0.2965
Step 874300/1000000 | Loss: 0.6185 | LR: 1.00e-07 | MLM: 0.4654 | CTC: 0.1531
Step 874400/1000000 | Loss: 1.1669 | LR: 1.00e-07 | MLM: 0.8848 | CTC: 0.2820
Step 874500/1000000 | Loss: 0.1650 | LR: 1.00e-07 | MLM: 0.1127 | CTC: 0.0523
Step 874600/1000000 | Loss: 1.2607 | LR: 1.00e-07 | MLM: 1.0288 | CTC: 0.2319
Step 874700/1000000 | Loss: 1.0361 | LR: 1.00e-07 | MLM: 0.7650 | CTC: 0.2711
Step 874800/1000000 | Loss: 1.6769 | LR: 1.00e-07 | MLM: 1.3176 | CTC: 0.3592
Step 874900/1000000 | Loss: 0.4526 | LR: 1.00e-07 | MLM: 0.2600 | CTC: 0.1927
Step 875000/1000000 | Loss: 1.0354 | LR: 1.00e-07 | MLM: 0.8340 | CTC: 0.2015
✓ Saved checkpoint to checkpoint_step_875000.t7
Step 875100/1000000 | Loss: 1.2838 | LR: 1.00e-07 | MLM: 0.9181 | CTC: 0.3657
Step 875200/1000000 | Loss: 1.5478 | LR: 1.00e-07 | MLM: 1.1459 | CTC: 0.4020
Step 875300/1000000 | Loss: 0.5585 | LR: 1.00e-07 | MLM: 0.3844 | CTC: 0.1741
Step 875400/1000000 | Loss: 1.1957 | LR: 1.00e-07 | MLM: 0.8324 | CTC: 0.3632
Step 875500/1000000 | Loss: 0.8937 | LR: 1.00e-07 | MLM: 0.5143 | CTC: 0.3793
Step 875600/1000000 | Loss: 1.8104 | LR: 1.00e-07 | MLM: 1.3006 | CTC: 0.5098
Step 875700/1000000 | Loss: 0.2511 | LR: 1.00e-07 | MLM: 0.1133 | CTC: 0.1378
Step 875800/1000000 | Loss: 1.9280 | LR: 1.00e-07 | MLM: 1.4510 | CTC: 0.4770
Step 875900/1000000 | Loss: 1.7358 | LR: 1.00e-07 | MLM: 1.3060 | CTC: 0.4298
Step 876000/1000000 | Loss: 0.8991 | LR: 1.00e-07 | MLM: 0.7283 | CTC: 0.1708
Step 876100/1000000 | Loss: 0.4855 | LR: 1.00e-07 | MLM: 0.3726 | CTC: 0.1130
Step 876200/1000000 | Loss: 1.0657 | LR: 1.00e-07 | MLM: 0.7785 | CTC: 0.2871
Step 876300/1000000 | Loss: 0.7842 | LR: 1.00e-07 | MLM: 0.5971 | CTC: 0.1872
Step 876400/1000000 | Loss: 1.5081 | LR: 1.00e-07 | MLM: 1.0741 | CTC: 0.4340
Step 876500/1000000 | Loss: 0.4645 | LR: 1.00e-07 | MLM: 0.3605 | CTC: 0.1040
Step 876600/1000000 | Loss: 2.3110 | LR: 1.00e-07 | MLM: 1.8350 | CTC: 0.4760
Step 876700/1000000 | Loss: 1.2061 | LR: 1.00e-07 | MLM: 0.9852 | CTC: 0.2209
Step 876800/1000000 | Loss: 0.3285 | LR: 1.00e-07 | MLM: 0.2111 | CTC: 0.1175
Step 876900/1000000 | Loss: 1.0869 | LR: 1.00e-07 | MLM: 0.8400 | CTC: 0.2469
Step 877000/1000000 | Loss: 1.7125 | LR: 1.00e-07 | MLM: 1.2523 | CTC: 0.4602
Step 877100/1000000 | Loss: 1.1125 | LR: 1.00e-07 | MLM: 0.7938 | CTC: 0.3187
Step 877200/1000000 | Loss: 0.3066 | LR: 1.00e-07 | MLM: 0.2225 | CTC: 0.0841
Step 877300/1000000 | Loss: 1.7259 | LR: 1.00e-07 | MLM: 1.3434 | CTC: 0.3825
Step 877400/1000000 | Loss: 0.4248 | LR: 1.00e-07 | MLM: 0.2753 | CTC: 0.1495
Step 877500/1000000 | Loss: 1.0779 | LR: 1.00e-07 | MLM: 0.7789 | CTC: 0.2990
Step 877600/1000000 | Loss: 1.3045 | LR: 1.00e-07 | MLM: 1.0568 | CTC: 0.2476
Step 877700/1000000 | Loss: 1.5552 | LR: 1.00e-07 | MLM: 1.1951 | CTC: 0.3601
Step 877800/1000000 | Loss: 0.7492 | LR: 1.00e-07 | MLM: 0.5903 | CTC: 0.1589
Step 877900/1000000 | Loss: 1.3313 | LR: 1.00e-07 | MLM: 0.9833 | CTC: 0.3479
Step 878000/1000000 | Loss: 1.8142 | LR: 1.00e-07 | MLM: 1.2114 | CTC: 0.6028
Step 878100/1000000 | Loss: 1.5935 | LR: 1.00e-07 | MLM: 1.1698 | CTC: 0.4236
Step 878200/1000000 | Loss: 1.6587 | LR: 1.00e-07 | MLM: 1.2067 | CTC: 0.4520
Step 878300/1000000 | Loss: 0.8898 | LR: 1.00e-07 | MLM: 0.6990 | CTC: 0.1909
Step 878400/1000000 | Loss: 1.2368 | LR: 1.00e-07 | MLM: 0.9390 | CTC: 0.2978
Step 878500/1000000 | Loss: 1.0617 | LR: 1.00e-07 | MLM: 0.8062 | CTC: 0.2555
Step 878600/1000000 | Loss: 1.0984 | LR: 1.00e-07 | MLM: 0.7637 | CTC: 0.3346
Step 878700/1000000 | Loss: 0.6268 | LR: 1.00e-07 | MLM: 0.4780 | CTC: 0.1488
Step 878800/1000000 | Loss: 0.7820 | LR: 1.00e-07 | MLM: 0.6291 | CTC: 0.1529
Step 878900/1000000 | Loss: 0.6884 | LR: 1.00e-07 | MLM: 0.5271 | CTC: 0.1613
Step 879000/1000000 | Loss: 1.6013 | LR: 1.00e-07 | MLM: 1.0433 | CTC: 0.5580
Step 879100/1000000 | Loss: 0.7076 | LR: 1.00e-07 | MLM: 0.5410 | CTC: 0.1665
Step 879200/1000000 | Loss: 2.3891 | LR: 1.00e-07 | MLM: 1.9453 | CTC: 0.4438
Step 879300/1000000 | Loss: 1.1662 | LR: 1.00e-07 | MLM: 0.9481 | CTC: 0.2181
Step 879400/1000000 | Loss: 0.8352 | LR: 1.00e-07 | MLM: 0.6512 | CTC: 0.1840
Step 879500/1000000 | Loss: 1.5824 | LR: 1.00e-07 | MLM: 1.1999 | CTC: 0.3825
Step 879600/1000000 | Loss: 0.1096 | LR: 1.00e-07 | MLM: 0.0805 | CTC: 0.0291
Step 879700/1000000 | Loss: 1.2400 | LR: 1.00e-07 | MLM: 0.9803 | CTC: 0.2597
Step 879800/1000000 | Loss: 1.1535 | LR: 1.00e-07 | MLM: 0.9118 | CTC: 0.2417
Step 879900/1000000 | Loss: 1.5178 | LR: 1.00e-07 | MLM: 1.2158 | CTC: 0.3020
Step 880000/1000000 | Loss: 1.0938 | LR: 1.00e-07 | MLM: 0.8064 | CTC: 0.2873
✓ Saved checkpoint to checkpoint_step_880000.t7
Step 880100/1000000 | Loss: 1.7527 | LR: 1.00e-07 | MLM: 1.3965 | CTC: 0.3562
Step 880200/1000000 | Loss: 0.3313 | LR: 1.00e-07 | MLM: 0.2339 | CTC: 0.0973
Step 880300/1000000 | Loss: 0.9174 | LR: 1.00e-07 | MLM: 0.6967 | CTC: 0.2207
Step 880400/1000000 | Loss: 1.6226 | LR: 1.00e-07 | MLM: 1.1582 | CTC: 0.4644
Step 880500/1000000 | Loss: 1.6427 | LR: 1.00e-07 | MLM: 1.3078 | CTC: 0.3348
Step 880600/1000000 | Loss: 1.8984 | LR: 1.00e-07 | MLM: 1.4694 | CTC: 0.4290
Step 880700/1000000 | Loss: 1.2781 | LR: 1.00e-07 | MLM: 0.9268 | CTC: 0.3513
Step 880800/1000000 | Loss: 1.2643 | LR: 1.00e-07 | MLM: 1.0126 | CTC: 0.2517
Step 880900/1000000 | Loss: 0.5705 | LR: 1.00e-07 | MLM: 0.3978 | CTC: 0.1728
Step 881000/1000000 | Loss: 0.5815 | LR: 1.00e-07 | MLM: 0.4426 | CTC: 0.1390
Step 881100/1000000 | Loss: 0.4414 | LR: 1.00e-07 | MLM: 0.3204 | CTC: 0.1210
Step 881200/1000000 | Loss: 0.8229 | LR: 1.00e-07 | MLM: 0.6116 | CTC: 0.2113
Step 881300/1000000 | Loss: 1.3246 | LR: 1.00e-07 | MLM: 1.0099 | CTC: 0.3147
Step 881400/1000000 | Loss: 1.1519 | LR: 1.00e-07 | MLM: 0.9569 | CTC: 0.1950
Step 881500/1000000 | Loss: 0.9291 | LR: 1.00e-07 | MLM: 0.7485 | CTC: 0.1805
Step 881600/1000000 | Loss: 0.8420 | LR: 1.00e-07 | MLM: 0.6510 | CTC: 0.1910
Step 881700/1000000 | Loss: 1.3452 | LR: 1.00e-07 | MLM: 1.1196 | CTC: 0.2256
Step 881800/1000000 | Loss: 1.4275 | LR: 1.00e-07 | MLM: 1.1432 | CTC: 0.2843
Step 881900/1000000 | Loss: 1.1262 | LR: 1.00e-07 | MLM: 0.7817 | CTC: 0.3446
Step 882000/1000000 | Loss: 1.7003 | LR: 1.00e-07 | MLM: 1.3244 | CTC: 0.3759
Step 882100/1000000 | Loss: 1.1180 | LR: 1.00e-07 | MLM: 0.8983 | CTC: 0.2197
Step 882200/1000000 | Loss: 0.9277 | LR: 1.00e-07 | MLM: 0.6377 | CTC: 0.2900
Step 882300/1000000 | Loss: 1.0799 | LR: 1.00e-07 | MLM: 0.8194 | CTC: 0.2605
Step 882400/1000000 | Loss: 0.9499 | LR: 1.00e-07 | MLM: 0.6727 | CTC: 0.2773
Step 882500/1000000 | Loss: 1.3397 | LR: 1.00e-07 | MLM: 0.9550 | CTC: 0.3848
Step 882600/1000000 | Loss: 1.4925 | LR: 1.00e-07 | MLM: 1.1026 | CTC: 0.3899
Step 882700/1000000 | Loss: 1.2760 | LR: 1.00e-07 | MLM: 0.9492 | CTC: 0.3268
Step 882800/1000000 | Loss: 1.3862 | LR: 1.00e-07 | MLM: 0.9758 | CTC: 0.4104
Step 882900/1000000 | Loss: 1.3297 | LR: 1.00e-07 | MLM: 1.0501 | CTC: 0.2796
Step 883000/1000000 | Loss: 1.9384 | LR: 1.00e-07 | MLM: 1.4679 | CTC: 0.4705
Step 883100/1000000 | Loss: 1.7250 | LR: 1.00e-07 | MLM: 1.3389 | CTC: 0.3861
Step 883200/1000000 | Loss: 0.5906 | LR: 1.00e-07 | MLM: 0.4588 | CTC: 0.1318
Step 883300/1000000 | Loss: 1.4324 | LR: 1.00e-07 | MLM: 1.1119 | CTC: 0.3206
Step 883400/1000000 | Loss: 1.1766 | LR: 1.00e-07 | MLM: 0.9224 | CTC: 0.2542
Step 883500/1000000 | Loss: 1.0696 | LR: 1.00e-07 | MLM: 0.8400 | CTC: 0.2297
Step 883600/1000000 | Loss: 1.1219 | LR: 1.00e-07 | MLM: 0.8550 | CTC: 0.2669
Step 883700/1000000 | Loss: 1.3035 | LR: 1.00e-07 | MLM: 0.9798 | CTC: 0.3237
Step 883800/1000000 | Loss: 0.6906 | LR: 1.00e-07 | MLM: 0.5052 | CTC: 0.1854
Step 883900/1000000 | Loss: 1.1618 | LR: 1.00e-07 | MLM: 0.8986 | CTC: 0.2632
Step 884000/1000000 | Loss: 0.9469 | LR: 1.00e-07 | MLM: 0.7389 | CTC: 0.2080
Step 884100/1000000 | Loss: 0.4439 | LR: 1.00e-07 | MLM: 0.3127 | CTC: 0.1312
Step 884200/1000000 | Loss: 0.9682 | LR: 1.00e-07 | MLM: 0.7321 | CTC: 0.2361
Step 884300/1000000 | Loss: 2.3757 | LR: 1.00e-07 | MLM: 1.8231 | CTC: 0.5525
Step 884400/1000000 | Loss: 1.4310 | LR: 1.00e-07 | MLM: 1.0867 | CTC: 0.3444
Step 884500/1000000 | Loss: 2.2180 | LR: 1.00e-07 | MLM: 1.6620 | CTC: 0.5560
Step 884600/1000000 | Loss: 0.1857 | LR: 1.00e-07 | MLM: 0.1427 | CTC: 0.0430
Step 884700/1000000 | Loss: 0.4480 | LR: 1.00e-07 | MLM: 0.3533 | CTC: 0.0947
Step 884800/1000000 | Loss: 0.8469 | LR: 1.00e-07 | MLM: 0.6279 | CTC: 0.2190
Step 884900/1000000 | Loss: 1.7382 | LR: 1.00e-07 | MLM: 1.3252 | CTC: 0.4130
Step 885000/1000000 | Loss: 1.4367 | LR: 1.00e-07 | MLM: 1.1297 | CTC: 0.3071
✓ Saved checkpoint to checkpoint_step_885000.t7
Step 885100/1000000 | Loss: 0.9122 | LR: 1.00e-07 | MLM: 0.5921 | CTC: 0.3201
Step 885200/1000000 | Loss: 1.6589 | LR: 1.00e-07 | MLM: 1.2317 | CTC: 0.4272
Step 885300/1000000 | Loss: 0.8288 | LR: 1.00e-07 | MLM: 0.6127 | CTC: 0.2161
Step 885400/1000000 | Loss: 1.1538 | LR: 1.00e-07 | MLM: 0.9512 | CTC: 0.2026
Step 885500/1000000 | Loss: 1.9988 | LR: 1.00e-07 | MLM: 1.6002 | CTC: 0.3985
Step 885600/1000000 | Loss: 1.6751 | LR: 1.00e-07 | MLM: 1.3336 | CTC: 0.3416
Step 885700/1000000 | Loss: 1.2801 | LR: 1.00e-07 | MLM: 0.9617 | CTC: 0.3184
Step 885800/1000000 | Loss: 2.1704 | LR: 1.00e-07 | MLM: 1.6438 | CTC: 0.5266
Step 885900/1000000 | Loss: 0.8887 | LR: 1.00e-07 | MLM: 0.6590 | CTC: 0.2296
Step 886000/1000000 | Loss: 1.1651 | LR: 1.00e-07 | MLM: 0.9279 | CTC: 0.2372
Step 886100/1000000 | Loss: 1.4082 | LR: 1.00e-07 | MLM: 1.1105 | CTC: 0.2977
Step 886200/1000000 | Loss: 0.9034 | LR: 1.00e-07 | MLM: 0.6822 | CTC: 0.2212
Step 886300/1000000 | Loss: 0.4929 | LR: 1.00e-07 | MLM: 0.3137 | CTC: 0.1792
Step 886400/1000000 | Loss: 0.7580 | LR: 1.00e-07 | MLM: 0.5241 | CTC: 0.2339
Step 886500/1000000 | Loss: 1.4209 | LR: 1.00e-07 | MLM: 1.1461 | CTC: 0.2748
Step 886600/1000000 | Loss: 1.1093 | LR: 1.00e-07 | MLM: 0.8585 | CTC: 0.2507
Step 886700/1000000 | Loss: 1.7659 | LR: 1.00e-07 | MLM: 1.3652 | CTC: 0.4006
Step 886800/1000000 | Loss: 1.0143 | LR: 1.00e-07 | MLM: 0.6891 | CTC: 0.3252
Step 886900/1000000 | Loss: 0.9933 | LR: 1.00e-07 | MLM: 0.7311 | CTC: 0.2623
Step 887000/1000000 | Loss: 1.5491 | LR: 1.00e-07 | MLM: 1.1025 | CTC: 0.4466
Step 887100/1000000 | Loss: 1.1936 | LR: 1.00e-07 | MLM: 0.9200 | CTC: 0.2736
Step 887200/1000000 | Loss: 1.0130 | LR: 1.00e-07 | MLM: 0.7143 | CTC: 0.2987
Step 887300/1000000 | Loss: 1.7218 | LR: 1.00e-07 | MLM: 1.2448 | CTC: 0.4771
Step 887400/1000000 | Loss: 0.8951 | LR: 1.00e-07 | MLM: 0.7240 | CTC: 0.1711
Step 887500/1000000 | Loss: 0.4230 | LR: 1.00e-07 | MLM: 0.3027 | CTC: 0.1204
Step 887600/1000000 | Loss: 0.8212 | LR: 1.00e-07 | MLM: 0.5465 | CTC: 0.2746
Step 887700/1000000 | Loss: 1.0752 | LR: 1.00e-07 | MLM: 0.8401 | CTC: 0.2351
Step 887800/1000000 | Loss: 1.5106 | LR: 1.00e-07 | MLM: 1.2198 | CTC: 0.2908
Step 887900/1000000 | Loss: 0.9120 | LR: 1.00e-07 | MLM: 0.7274 | CTC: 0.1846
Step 888000/1000000 | Loss: 1.4053 | LR: 1.00e-07 | MLM: 1.1102 | CTC: 0.2951
Step 888100/1000000 | Loss: 1.2691 | LR: 1.00e-07 | MLM: 0.9619 | CTC: 0.3072
Step 888200/1000000 | Loss: 1.1813 | LR: 1.00e-07 | MLM: 0.8459 | CTC: 0.3355
Step 888300/1000000 | Loss: 1.5246 | LR: 1.00e-07 | MLM: 1.1327 | CTC: 0.3919
Step 888400/1000000 | Loss: 0.6546 | LR: 1.00e-07 | MLM: 0.4845 | CTC: 0.1701
Step 888500/1000000 | Loss: 1.1203 | LR: 1.00e-07 | MLM: 0.8670 | CTC: 0.2533
Step 888600/1000000 | Loss: 0.3889 | LR: 1.00e-07 | MLM: 0.2861 | CTC: 0.1028
Step 888700/1000000 | Loss: 0.8483 | LR: 1.00e-07 | MLM: 0.5711 | CTC: 0.2772
Step 888800/1000000 | Loss: 1.1834 | LR: 1.00e-07 | MLM: 0.8723 | CTC: 0.3111
Step 888900/1000000 | Loss: 2.1134 | LR: 1.00e-07 | MLM: 1.6987 | CTC: 0.4147
Step 889000/1000000 | Loss: 0.9079 | LR: 1.00e-07 | MLM: 0.7516 | CTC: 0.1563
Step 889100/1000000 | Loss: 1.2832 | LR: 1.00e-07 | MLM: 0.9364 | CTC: 0.3469
Step 889200/1000000 | Loss: 1.2084 | LR: 1.00e-07 | MLM: 0.9820 | CTC: 0.2263
Step 889300/1000000 | Loss: 0.8573 | LR: 1.00e-07 | MLM: 0.6671 | CTC: 0.1903
Step 889400/1000000 | Loss: 1.2416 | LR: 1.00e-07 | MLM: 0.9347 | CTC: 0.3069
Step 889500/1000000 | Loss: 1.4291 | LR: 1.00e-07 | MLM: 1.0452 | CTC: 0.3839
Step 889600/1000000 | Loss: 0.4512 | LR: 1.00e-07 | MLM: 0.3564 | CTC: 0.0948
Step 889700/1000000 | Loss: 0.9751 | LR: 1.00e-07 | MLM: 0.7570 | CTC: 0.2181
Step 889800/1000000 | Loss: 1.7562 | LR: 1.00e-07 | MLM: 1.3284 | CTC: 0.4277
Step 889900/1000000 | Loss: 1.8100 | LR: 1.00e-07 | MLM: 1.3698 | CTC: 0.4402
Step 890000/1000000 | Loss: 1.7309 | LR: 1.00e-07 | MLM: 1.3511 | CTC: 0.3798
✓ Saved checkpoint to checkpoint_step_890000.t7
Step 890100/1000000 | Loss: 1.5914 | LR: 1.00e-07 | MLM: 1.2611 | CTC: 0.3303
Step 890200/1000000 | Loss: 1.0663 | LR: 1.00e-07 | MLM: 0.7834 | CTC: 0.2829
Step 890300/1000000 | Loss: 0.7402 | LR: 1.00e-07 | MLM: 0.5428 | CTC: 0.1974
Step 890400/1000000 | Loss: 0.6719 | LR: 1.00e-07 | MLM: 0.4353 | CTC: 0.2366
Step 890500/1000000 | Loss: 1.2782 | LR: 1.00e-07 | MLM: 0.9613 | CTC: 0.3168
Step 890600/1000000 | Loss: 1.9617 | LR: 1.00e-07 | MLM: 1.4774 | CTC: 0.4842
Step 890700/1000000 | Loss: 0.4639 | LR: 1.00e-07 | MLM: 0.3612 | CTC: 0.1027
Step 890800/1000000 | Loss: 1.2578 | LR: 1.00e-07 | MLM: 0.9719 | CTC: 0.2859
Step 890900/1000000 | Loss: 1.5413 | LR: 1.00e-07 | MLM: 1.2279 | CTC: 0.3135
Step 891000/1000000 | Loss: 2.1303 | LR: 1.00e-07 | MLM: 1.6509 | CTC: 0.4794
Step 891100/1000000 | Loss: 1.2648 | LR: 1.00e-07 | MLM: 0.9507 | CTC: 0.3141
Step 891200/1000000 | Loss: 1.1329 | LR: 1.00e-07 | MLM: 0.7993 | CTC: 0.3336
Step 891300/1000000 | Loss: 1.7037 | LR: 1.00e-07 | MLM: 1.2686 | CTC: 0.4351
Step 891400/1000000 | Loss: 1.3990 | LR: 1.00e-07 | MLM: 1.0604 | CTC: 0.3385
Step 891500/1000000 | Loss: 1.3665 | LR: 1.00e-07 | MLM: 1.1045 | CTC: 0.2619
Step 891600/1000000 | Loss: 0.6033 | LR: 1.00e-07 | MLM: 0.4497 | CTC: 0.1536
Step 891700/1000000 | Loss: 1.6457 | LR: 1.00e-07 | MLM: 1.2187 | CTC: 0.4270
Step 891800/1000000 | Loss: 1.4218 | LR: 1.00e-07 | MLM: 1.1280 | CTC: 0.2937
Step 891900/1000000 | Loss: 1.3958 | LR: 1.00e-07 | MLM: 1.0087 | CTC: 0.3871
Step 892000/1000000 | Loss: 1.6536 | LR: 1.00e-07 | MLM: 1.2396 | CTC: 0.4140
Step 892100/1000000 | Loss: 1.1958 | LR: 1.00e-07 | MLM: 0.9582 | CTC: 0.2376
Step 892200/1000000 | Loss: 1.2353 | LR: 1.00e-07 | MLM: 1.0008 | CTC: 0.2345
Step 892300/1000000 | Loss: 1.2930 | LR: 1.00e-07 | MLM: 1.0252 | CTC: 0.2678
Step 892400/1000000 | Loss: 2.5380 | LR: 1.00e-07 | MLM: 1.8738 | CTC: 0.6642
Step 892500/1000000 | Loss: 1.6043 | LR: 1.00e-07 | MLM: 1.2144 | CTC: 0.3899
Step 892600/1000000 | Loss: 1.1179 | LR: 1.00e-07 | MLM: 0.8563 | CTC: 0.2616
Step 892700/1000000 | Loss: 0.9334 | LR: 1.00e-07 | MLM: 0.7283 | CTC: 0.2051
Step 892800/1000000 | Loss: 1.1144 | LR: 1.00e-07 | MLM: 0.8725 | CTC: 0.2419
Step 892900/1000000 | Loss: 0.6012 | LR: 1.00e-07 | MLM: 0.4778 | CTC: 0.1234
Step 893000/1000000 | Loss: 1.0199 | LR: 1.00e-07 | MLM: 0.7570 | CTC: 0.2629
Step 893100/1000000 | Loss: 1.2116 | LR: 1.00e-07 | MLM: 0.8932 | CTC: 0.3183
Step 893200/1000000 | Loss: 0.6972 | LR: 1.00e-07 | MLM: 0.5353 | CTC: 0.1619
Step 893300/1000000 | Loss: 1.0465 | LR: 1.00e-07 | MLM: 0.7796 | CTC: 0.2669
Step 893400/1000000 | Loss: 1.4820 | LR: 1.00e-07 | MLM: 1.1212 | CTC: 0.3608
Step 893500/1000000 | Loss: 0.8717 | LR: 1.00e-07 | MLM: 0.6241 | CTC: 0.2476
Step 893600/1000000 | Loss: 1.3617 | LR: 1.00e-07 | MLM: 1.0294 | CTC: 0.3323
Step 893700/1000000 | Loss: 1.8154 | LR: 1.00e-07 | MLM: 1.4003 | CTC: 0.4152
Step 893800/1000000 | Loss: 1.3218 | LR: 1.00e-07 | MLM: 0.9445 | CTC: 0.3774
Step 893900/1000000 | Loss: 1.5375 | LR: 1.00e-07 | MLM: 1.1377 | CTC: 0.3998
Step 894000/1000000 | Loss: 0.5123 | LR: 1.00e-07 | MLM: 0.4265 | CTC: 0.0857
Step 894100/1000000 | Loss: 1.1246 | LR: 1.00e-07 | MLM: 0.8764 | CTC: 0.2482
Step 894200/1000000 | Loss: 1.4650 | LR: 1.00e-07 | MLM: 1.0628 | CTC: 0.4022
Step 894300/1000000 | Loss: 1.2863 | LR: 1.00e-07 | MLM: 1.0121 | CTC: 0.2742
Step 894400/1000000 | Loss: 0.5492 | LR: 1.00e-07 | MLM: 0.4357 | CTC: 0.1135
Step 894500/1000000 | Loss: 1.8432 | LR: 1.00e-07 | MLM: 1.4113 | CTC: 0.4320
Step 894600/1000000 | Loss: 1.9726 | LR: 1.00e-07 | MLM: 1.4882 | CTC: 0.4844
Step 894700/1000000 | Loss: 1.3843 | LR: 1.00e-07 | MLM: 1.0515 | CTC: 0.3329
Step 894800/1000000 | Loss: 1.6003 | LR: 1.00e-07 | MLM: 1.2466 | CTC: 0.3537
Step 894900/1000000 | Loss: 1.2066 | LR: 1.00e-07 | MLM: 0.8336 | CTC: 0.3729
Step 895000/1000000 | Loss: 1.1693 | LR: 1.00e-07 | MLM: 0.9288 | CTC: 0.2405
✓ Saved checkpoint to checkpoint_step_895000.t7
Step 895100/1000000 | Loss: 0.9868 | LR: 1.00e-07 | MLM: 0.7267 | CTC: 0.2601
Step 895200/1000000 | Loss: 0.9443 | LR: 1.00e-07 | MLM: 0.7591 | CTC: 0.1852
Step 895300/1000000 | Loss: 0.8465 | LR: 1.00e-07 | MLM: 0.5535 | CTC: 0.2931
Step 895400/1000000 | Loss: 0.2533 | LR: 1.00e-07 | MLM: 0.1881 | CTC: 0.0652
Step 895500/1000000 | Loss: 0.7198 | LR: 1.00e-07 | MLM: 0.4609 | CTC: 0.2588
Step 895600/1000000 | Loss: 1.1337 | LR: 1.00e-07 | MLM: 0.8765 | CTC: 0.2572
Step 895700/1000000 | Loss: 1.4618 | LR: 1.00e-07 | MLM: 1.1288 | CTC: 0.3331
Step 895800/1000000 | Loss: 1.5055 | LR: 1.00e-07 | MLM: 1.1004 | CTC: 0.4051
Step 895900/1000000 | Loss: 0.7739 | LR: 1.00e-07 | MLM: 0.6074 | CTC: 0.1665
Step 896000/1000000 | Loss: 0.4386 | LR: 1.00e-07 | MLM: 0.2852 | CTC: 0.1533
Step 896100/1000000 | Loss: 1.4417 | LR: 1.00e-07 | MLM: 1.1378 | CTC: 0.3039
Step 896200/1000000 | Loss: 0.6497 | LR: 1.00e-07 | MLM: 0.4406 | CTC: 0.2091
Step 896300/1000000 | Loss: 1.7694 | LR: 1.00e-07 | MLM: 1.3376 | CTC: 0.4317
Step 896400/1000000 | Loss: 0.9585 | LR: 1.00e-07 | MLM: 0.6380 | CTC: 0.3205
Step 896500/1000000 | Loss: 0.4845 | LR: 1.00e-07 | MLM: 0.3829 | CTC: 0.1016
Step 896600/1000000 | Loss: 0.9648 | LR: 1.00e-07 | MLM: 0.6986 | CTC: 0.2662
Step 896700/1000000 | Loss: 1.1485 | LR: 1.00e-07 | MLM: 0.8759 | CTC: 0.2726
Step 896800/1000000 | Loss: 1.1967 | LR: 1.00e-07 | MLM: 0.9828 | CTC: 0.2139
Step 896900/1000000 | Loss: 1.2130 | LR: 1.00e-07 | MLM: 0.9732 | CTC: 0.2398
Step 897000/1000000 | Loss: 1.4810 | LR: 1.00e-07 | MLM: 1.1348 | CTC: 0.3463
Step 897100/1000000 | Loss: 0.5437 | LR: 1.00e-07 | MLM: 0.3808 | CTC: 0.1629
Step 897200/1000000 | Loss: 1.5327 | LR: 1.00e-07 | MLM: 1.1272 | CTC: 0.4055
Step 897300/1000000 | Loss: 0.7575 | LR: 1.00e-07 | MLM: 0.5985 | CTC: 0.1590
Step 897400/1000000 | Loss: 0.6689 | LR: 1.00e-07 | MLM: 0.5299 | CTC: 0.1389
Step 897500/1000000 | Loss: 0.7000 | LR: 1.00e-07 | MLM: 0.5347 | CTC: 0.1653
Step 897600/1000000 | Loss: 2.1028 | LR: 1.00e-07 | MLM: 1.5485 | CTC: 0.5543
Step 897700/1000000 | Loss: 0.4160 | LR: 1.00e-07 | MLM: 0.2306 | CTC: 0.1855
Step 897800/1000000 | Loss: 1.0409 | LR: 1.00e-07 | MLM: 0.8642 | CTC: 0.1767
Step 897900/1000000 | Loss: 1.7241 | LR: 1.00e-07 | MLM: 1.3466 | CTC: 0.3775
Step 898000/1000000 | Loss: 0.1330 | LR: 1.00e-07 | MLM: 0.0035 | CTC: 0.1295
Step 898100/1000000 | Loss: 1.8405 | LR: 1.00e-07 | MLM: 1.3463 | CTC: 0.4942
Step 898200/1000000 | Loss: 1.4993 | LR: 1.00e-07 | MLM: 1.0713 | CTC: 0.4280
Step 898300/1000000 | Loss: 0.9062 | LR: 1.00e-07 | MLM: 0.5861 | CTC: 0.3201
Step 898400/1000000 | Loss: 0.2913 | LR: 1.00e-07 | MLM: 0.2211 | CTC: 0.0702
Step 898500/1000000 | Loss: 1.7327 | LR: 1.00e-07 | MLM: 1.3088 | CTC: 0.4239
Step 898600/1000000 | Loss: 0.0072 | LR: 1.00e-07 | MLM: 0.0032 | CTC: 0.0040
Step 898700/1000000 | Loss: 1.1377 | LR: 1.00e-07 | MLM: 0.8714 | CTC: 0.2663
Step 898800/1000000 | Loss: 1.0884 | LR: 1.00e-07 | MLM: 0.7992 | CTC: 0.2892
Step 898900/1000000 | Loss: 1.2470 | LR: 1.00e-07 | MLM: 0.9151 | CTC: 0.3318
Step 899000/1000000 | Loss: 0.9589 | LR: 1.00e-07 | MLM: 0.7282 | CTC: 0.2307
Step 899100/1000000 | Loss: 0.8580 | LR: 1.00e-07 | MLM: 0.6519 | CTC: 0.2061
Step 899200/1000000 | Loss: 0.6291 | LR: 1.00e-07 | MLM: 0.4877 | CTC: 0.1413
Step 899300/1000000 | Loss: 0.8800 | LR: 1.00e-07 | MLM: 0.6804 | CTC: 0.1996
Step 899400/1000000 | Loss: 0.4889 | LR: 1.00e-07 | MLM: 0.3427 | CTC: 0.1462
Step 899500/1000000 | Loss: 0.5139 | LR: 1.00e-07 | MLM: 0.3411 | CTC: 0.1728
Step 899600/1000000 | Loss: 0.9722 | LR: 1.00e-07 | MLM: 0.6732 | CTC: 0.2989
Step 899700/1000000 | Loss: 1.2269 | LR: 1.00e-07 | MLM: 0.9104 | CTC: 0.3165
Step 899800/1000000 | Loss: 0.6614 | LR: 1.00e-07 | MLM: 0.3717 | CTC: 0.2898
Step 899900/1000000 | Loss: 0.3884 | LR: 1.00e-07 | MLM: 0.2920 | CTC: 0.0964
Step 900000/1000000 | Loss: 0.6178 | LR: 1.00e-07 | MLM: 0.4802 | CTC: 0.1376
✓ Saved checkpoint to checkpoint_step_900000.t7
Step 900100/1000000 | Loss: 0.8518 | LR: 1.00e-07 | MLM: 0.6402 | CTC: 0.2116
Step 900200/1000000 | Loss: 1.6181 | LR: 1.00e-07 | MLM: 1.1092 | CTC: 0.5089
Step 900300/1000000 | Loss: 1.2977 | LR: 1.00e-07 | MLM: 0.9681 | CTC: 0.3295
Step 900400/1000000 | Loss: 1.1416 | LR: 1.00e-07 | MLM: 0.9334 | CTC: 0.2083
Step 900500/1000000 | Loss: 0.2996 | LR: 1.00e-07 | MLM: 0.1338 | CTC: 0.1659
Step 900600/1000000 | Loss: 1.6809 | LR: 1.00e-07 | MLM: 1.2833 | CTC: 0.3976
Step 900700/1000000 | Loss: 1.7209 | LR: 1.00e-07 | MLM: 1.2861 | CTC: 0.4348
Step 900800/1000000 | Loss: 1.8663 | LR: 1.00e-07 | MLM: 1.5411 | CTC: 0.3252
Step 900900/1000000 | Loss: 0.8005 | LR: 1.00e-07 | MLM: 0.5597 | CTC: 0.2408
Step 901000/1000000 | Loss: 1.3653 | LR: 1.00e-07 | MLM: 1.0163 | CTC: 0.3489
Step 901100/1000000 | Loss: 0.3489 | LR: 1.00e-07 | MLM: 0.2557 | CTC: 0.0932
Step 901200/1000000 | Loss: 0.5334 | LR: 1.00e-07 | MLM: 0.3830 | CTC: 0.1505
Step 901300/1000000 | Loss: 1.0066 | LR: 1.00e-07 | MLM: 0.7518 | CTC: 0.2548
Step 901400/1000000 | Loss: 0.9086 | LR: 1.00e-07 | MLM: 0.7137 | CTC: 0.1949
Step 901500/1000000 | Loss: 1.1236 | LR: 1.00e-07 | MLM: 0.8940 | CTC: 0.2296
Step 901600/1000000 | Loss: 1.3712 | LR: 1.00e-07 | MLM: 1.0848 | CTC: 0.2865
Step 901700/1000000 | Loss: 0.2576 | LR: 1.00e-07 | MLM: 0.1642 | CTC: 0.0934
Step 901800/1000000 | Loss: 0.6365 | LR: 1.00e-07 | MLM: 0.4556 | CTC: 0.1809
Step 901900/1000000 | Loss: 0.7955 | LR: 1.00e-07 | MLM: 0.5523 | CTC: 0.2432
Step 902000/1000000 | Loss: 0.9640 | LR: 1.00e-07 | MLM: 0.7247 | CTC: 0.2393
Step 902100/1000000 | Loss: 1.8527 | LR: 1.00e-07 | MLM: 1.3680 | CTC: 0.4847
Step 902200/1000000 | Loss: 2.1416 | LR: 1.00e-07 | MLM: 1.6472 | CTC: 0.4944
Step 902300/1000000 | Loss: 0.7864 | LR: 1.00e-07 | MLM: 0.6136 | CTC: 0.1727
Step 902400/1000000 | Loss: 1.2789 | LR: 1.00e-07 | MLM: 0.9739 | CTC: 0.3049
Step 902500/1000000 | Loss: 1.0723 | LR: 1.00e-07 | MLM: 0.8120 | CTC: 0.2603
Step 902600/1000000 | Loss: 0.8797 | LR: 1.00e-07 | MLM: 0.6373 | CTC: 0.2424
Step 902700/1000000 | Loss: 0.9702 | LR: 1.00e-07 | MLM: 0.7329 | CTC: 0.2374
Step 902800/1000000 | Loss: 1.0662 | LR: 1.00e-07 | MLM: 0.8496 | CTC: 0.2166
Step 902900/1000000 | Loss: 1.1526 | LR: 1.00e-07 | MLM: 0.9639 | CTC: 0.1887
Step 903000/1000000 | Loss: 1.1460 | LR: 1.00e-07 | MLM: 0.8348 | CTC: 0.3112
Step 903100/1000000 | Loss: 0.0114 | LR: 1.00e-07 | MLM: 0.0006 | CTC: 0.0107
Step 903200/1000000 | Loss: 1.7250 | LR: 1.00e-07 | MLM: 1.3002 | CTC: 0.4247
Step 903300/1000000 | Loss: 1.1779 | LR: 1.00e-07 | MLM: 0.8487 | CTC: 0.3292
Step 903400/1000000 | Loss: 0.7009 | LR: 1.00e-07 | MLM: 0.5707 | CTC: 0.1302
Step 903500/1000000 | Loss: 0.8256 | LR: 1.00e-07 | MLM: 0.5791 | CTC: 0.2465
Step 903600/1000000 | Loss: 1.8849 | LR: 1.00e-07 | MLM: 1.3520 | CTC: 0.5329
Step 903700/1000000 | Loss: 1.3115 | LR: 1.00e-07 | MLM: 0.9010 | CTC: 0.4105
Step 903800/1000000 | Loss: 0.3789 | LR: 1.00e-07 | MLM: 0.2899 | CTC: 0.0889
Step 903900/1000000 | Loss: 1.4770 | LR: 1.00e-07 | MLM: 1.1198 | CTC: 0.3572
Step 904000/1000000 | Loss: 1.2475 | LR: 1.00e-07 | MLM: 0.8987 | CTC: 0.3488
Step 904100/1000000 | Loss: 1.4156 | LR: 1.00e-07 | MLM: 0.9702 | CTC: 0.4454
Step 904200/1000000 | Loss: 1.0917 | LR: 1.00e-07 | MLM: 0.8364 | CTC: 0.2553
Step 904300/1000000 | Loss: 1.5359 | LR: 1.00e-07 | MLM: 1.1231 | CTC: 0.4128
Step 904400/1000000 | Loss: 0.8115 | LR: 1.00e-07 | MLM: 0.5981 | CTC: 0.2134
Step 904500/1000000 | Loss: 0.4570 | LR: 1.00e-07 | MLM: 0.3322 | CTC: 0.1249
Step 904600/1000000 | Loss: 0.9884 | LR: 1.00e-07 | MLM: 0.7103 | CTC: 0.2781
Step 904700/1000000 | Loss: 2.1767 | LR: 1.00e-07 | MLM: 1.5782 | CTC: 0.5986
Step 904800/1000000 | Loss: 0.9286 | LR: 1.00e-07 | MLM: 0.6495 | CTC: 0.2791
Step 904900/1000000 | Loss: 0.7172 | LR: 1.00e-07 | MLM: 0.5283 | CTC: 0.1889
Step 905000/1000000 | Loss: 1.6743 | LR: 1.00e-07 | MLM: 1.2340 | CTC: 0.4403
✓ Saved checkpoint to checkpoint_step_905000.t7
Step 905100/1000000 | Loss: 1.3515 | LR: 1.00e-07 | MLM: 1.0609 | CTC: 0.2906
Step 905200/1000000 | Loss: 1.0076 | LR: 1.00e-07 | MLM: 0.7606 | CTC: 0.2470
Step 905300/1000000 | Loss: 0.5803 | LR: 1.00e-07 | MLM: 0.3675 | CTC: 0.2128
Step 905400/1000000 | Loss: 1.4853 | LR: 1.00e-07 | MLM: 1.0696 | CTC: 0.4157
Step 905500/1000000 | Loss: 1.4448 | LR: 1.00e-07 | MLM: 0.9896 | CTC: 0.4551
Step 905600/1000000 | Loss: 0.6882 | LR: 1.00e-07 | MLM: 0.4354 | CTC: 0.2529
Step 905700/1000000 | Loss: 1.8368 | LR: 1.00e-07 | MLM: 1.4196 | CTC: 0.4172
Step 905800/1000000 | Loss: 1.0721 | LR: 1.00e-07 | MLM: 0.7779 | CTC: 0.2942
Step 905900/1000000 | Loss: 1.2539 | LR: 1.00e-07 | MLM: 0.9283 | CTC: 0.3255
Step 906000/1000000 | Loss: 1.7747 | LR: 1.00e-07 | MLM: 1.3179 | CTC: 0.4568
Step 906100/1000000 | Loss: 1.4555 | LR: 1.00e-07 | MLM: 1.0612 | CTC: 0.3944
Step 906200/1000000 | Loss: 0.6041 | LR: 1.00e-07 | MLM: 0.4994 | CTC: 0.1047
Step 906300/1000000 | Loss: 1.1039 | LR: 1.00e-07 | MLM: 0.8889 | CTC: 0.2150
Step 906400/1000000 | Loss: 0.7108 | LR: 1.00e-07 | MLM: 0.4527 | CTC: 0.2581
Step 906500/1000000 | Loss: 0.3839 | LR: 1.00e-07 | MLM: 0.3025 | CTC: 0.0814
Step 906600/1000000 | Loss: 2.1867 | LR: 1.00e-07 | MLM: 1.6777 | CTC: 0.5089
Step 906700/1000000 | Loss: 1.1297 | LR: 1.00e-07 | MLM: 0.9104 | CTC: 0.2193
Step 906800/1000000 | Loss: 1.3482 | LR: 1.00e-07 | MLM: 1.0580 | CTC: 0.2902
Step 906900/1000000 | Loss: 0.3697 | LR: 1.00e-07 | MLM: 0.2549 | CTC: 0.1148
Step 907000/1000000 | Loss: 0.4952 | LR: 1.00e-07 | MLM: 0.3338 | CTC: 0.1614
Step 907100/1000000 | Loss: 1.3373 | LR: 1.00e-07 | MLM: 1.0752 | CTC: 0.2621
Step 907200/1000000 | Loss: 0.7974 | LR: 1.00e-07 | MLM: 0.6539 | CTC: 0.1435
Step 907300/1000000 | Loss: 1.4565 | LR: 1.00e-07 | MLM: 1.1037 | CTC: 0.3528
Step 907400/1000000 | Loss: 1.4379 | LR: 1.00e-07 | MLM: 1.0736 | CTC: 0.3643
Step 907500/1000000 | Loss: 1.1772 | LR: 1.00e-07 | MLM: 0.8117 | CTC: 0.3655
Step 907600/1000000 | Loss: 1.1745 | LR: 1.00e-07 | MLM: 0.8972 | CTC: 0.2772
Step 907700/1000000 | Loss: 0.2401 | LR: 1.00e-07 | MLM: 0.1249 | CTC: 0.1152
Step 907800/1000000 | Loss: 0.0161 | LR: 1.00e-07 | MLM: 0.0043 | CTC: 0.0118
Step 907900/1000000 | Loss: 1.7187 | LR: 1.00e-07 | MLM: 1.3191 | CTC: 0.3997
Step 908000/1000000 | Loss: 1.2205 | LR: 1.00e-07 | MLM: 0.9583 | CTC: 0.2623
Step 908100/1000000 | Loss: 0.8456 | LR: 1.00e-07 | MLM: 0.7055 | CTC: 0.1401
Step 908200/1000000 | Loss: 1.2079 | LR: 1.00e-07 | MLM: 0.9342 | CTC: 0.2738
Step 908300/1000000 | Loss: 0.9942 | LR: 1.00e-07 | MLM: 0.7392 | CTC: 0.2550
Step 908400/1000000 | Loss: 1.3717 | LR: 1.00e-07 | MLM: 1.0622 | CTC: 0.3096
Step 908500/1000000 | Loss: 1.2411 | LR: 1.00e-07 | MLM: 0.8941 | CTC: 0.3470
Step 908600/1000000 | Loss: 0.6645 | LR: 1.00e-07 | MLM: 0.5261 | CTC: 0.1385
Step 908700/1000000 | Loss: 2.0029 | LR: 1.00e-07 | MLM: 1.4871 | CTC: 0.5159
Step 908800/1000000 | Loss: 0.3115 | LR: 1.00e-07 | MLM: 0.2348 | CTC: 0.0767
Step 908900/1000000 | Loss: 0.3790 | LR: 1.00e-07 | MLM: 0.2724 | CTC: 0.1066
Step 909000/1000000 | Loss: 1.2807 | LR: 1.00e-07 | MLM: 0.9481 | CTC: 0.3326
Step 909100/1000000 | Loss: 1.0940 | LR: 1.00e-07 | MLM: 0.8083 | CTC: 0.2857
Step 909200/1000000 | Loss: 1.8040 | LR: 1.00e-07 | MLM: 1.4097 | CTC: 0.3943
Step 909300/1000000 | Loss: 0.4776 | LR: 1.00e-07 | MLM: 0.3751 | CTC: 0.1025
Step 909400/1000000 | Loss: 0.7017 | LR: 1.00e-07 | MLM: 0.4777 | CTC: 0.2241
Step 909500/1000000 | Loss: 1.3030 | LR: 1.00e-07 | MLM: 1.0053 | CTC: 0.2977
Step 909600/1000000 | Loss: 1.5643 | LR: 1.00e-07 | MLM: 1.1813 | CTC: 0.3830
Step 909700/1000000 | Loss: 1.4115 | LR: 1.00e-07 | MLM: 0.9774 | CTC: 0.4341
Step 909800/1000000 | Loss: 1.5651 | LR: 1.00e-07 | MLM: 1.2534 | CTC: 0.3117
Step 909900/1000000 | Loss: 0.4059 | LR: 1.00e-07 | MLM: 0.2978 | CTC: 0.1080
Step 910000/1000000 | Loss: 1.3386 | LR: 1.00e-07 | MLM: 1.0895 | CTC: 0.2491
✓ Saved checkpoint to checkpoint_step_910000.t7
Step 910100/1000000 | Loss: 0.6823 | LR: 1.00e-07 | MLM: 0.4826 | CTC: 0.1997
Step 910200/1000000 | Loss: 1.0372 | LR: 1.00e-07 | MLM: 0.8730 | CTC: 0.1642
Step 910300/1000000 | Loss: 1.8622 | LR: 1.00e-07 | MLM: 1.4665 | CTC: 0.3957
Step 910400/1000000 | Loss: 1.0531 | LR: 1.00e-07 | MLM: 0.7813 | CTC: 0.2718
Step 910500/1000000 | Loss: 1.1445 | LR: 1.00e-07 | MLM: 0.7066 | CTC: 0.4379
Step 910600/1000000 | Loss: 1.9491 | LR: 1.00e-07 | MLM: 1.2062 | CTC: 0.7429
Step 910700/1000000 | Loss: 1.3740 | LR: 1.00e-07 | MLM: 1.0299 | CTC: 0.3442
Step 910800/1000000 | Loss: 0.8915 | LR: 1.00e-07 | MLM: 0.6296 | CTC: 0.2619
Step 910900/1000000 | Loss: 0.9656 | LR: 1.00e-07 | MLM: 0.8217 | CTC: 0.1439
Step 911000/1000000 | Loss: 1.6547 | LR: 1.00e-07 | MLM: 1.3969 | CTC: 0.2578
Step 911100/1000000 | Loss: 1.1445 | LR: 1.00e-07 | MLM: 0.8121 | CTC: 0.3324
Step 911200/1000000 | Loss: 0.8517 | LR: 1.00e-07 | MLM: 0.6312 | CTC: 0.2206
Step 911300/1000000 | Loss: 0.8872 | LR: 1.00e-07 | MLM: 0.5396 | CTC: 0.3477
Step 911400/1000000 | Loss: 0.5234 | LR: 1.00e-07 | MLM: 0.3638 | CTC: 0.1595
Step 911500/1000000 | Loss: 1.2857 | LR: 1.00e-07 | MLM: 0.9579 | CTC: 0.3278
Step 911600/1000000 | Loss: 1.3929 | LR: 1.00e-07 | MLM: 1.0142 | CTC: 0.3787
Step 911700/1000000 | Loss: 1.4358 | LR: 1.00e-07 | MLM: 1.0872 | CTC: 0.3486
Step 911800/1000000 | Loss: 1.8757 | LR: 1.00e-07 | MLM: 1.3735 | CTC: 0.5022
Step 911900/1000000 | Loss: 1.8758 | LR: 1.00e-07 | MLM: 1.5041 | CTC: 0.3717
Step 912000/1000000 | Loss: 0.1425 | LR: 1.00e-07 | MLM: 0.0788 | CTC: 0.0637
Step 912100/1000000 | Loss: 1.2388 | LR: 1.00e-07 | MLM: 0.9173 | CTC: 0.3215
Step 912200/1000000 | Loss: 1.9262 | LR: 1.00e-07 | MLM: 1.3817 | CTC: 0.5444
Step 912300/1000000 | Loss: 1.3248 | LR: 1.00e-07 | MLM: 0.9255 | CTC: 0.3993
Step 912400/1000000 | Loss: 0.8494 | LR: 1.00e-07 | MLM: 0.5931 | CTC: 0.2563
Step 912500/1000000 | Loss: 0.9893 | LR: 1.00e-07 | MLM: 0.7513 | CTC: 0.2379
Step 912600/1000000 | Loss: 1.3407 | LR: 1.00e-07 | MLM: 1.0625 | CTC: 0.2782
Step 912700/1000000 | Loss: 1.5503 | LR: 1.00e-07 | MLM: 1.2644 | CTC: 0.2859
Step 912800/1000000 | Loss: 0.8353 | LR: 1.00e-07 | MLM: 0.6430 | CTC: 0.1924
Step 912900/1000000 | Loss: 0.5008 | LR: 1.00e-07 | MLM: 0.3709 | CTC: 0.1299
Step 913000/1000000 | Loss: 1.3699 | LR: 1.00e-07 | MLM: 1.0589 | CTC: 0.3110
Step 913100/1000000 | Loss: 0.8104 | LR: 1.00e-07 | MLM: 0.5969 | CTC: 0.2135
Step 913200/1000000 | Loss: 2.0110 | LR: 1.00e-07 | MLM: 1.5478 | CTC: 0.4632
Step 913300/1000000 | Loss: 0.6393 | LR: 1.00e-07 | MLM: 0.4860 | CTC: 0.1533
Step 913400/1000000 | Loss: 0.7581 | LR: 1.00e-07 | MLM: 0.6399 | CTC: 0.1181
Step 913500/1000000 | Loss: 1.9686 | LR: 1.00e-07 | MLM: 1.4297 | CTC: 0.5388
Step 913600/1000000 | Loss: 1.7622 | LR: 1.00e-07 | MLM: 1.3530 | CTC: 0.4091
Step 913700/1000000 | Loss: 1.1553 | LR: 1.00e-07 | MLM: 0.9218 | CTC: 0.2335
Step 913800/1000000 | Loss: 1.1460 | LR: 1.00e-07 | MLM: 0.9005 | CTC: 0.2456
Step 913900/1000000 | Loss: 1.8567 | LR: 1.00e-07 | MLM: 1.4251 | CTC: 0.4316
Step 914000/1000000 | Loss: 1.4145 | LR: 1.00e-07 | MLM: 1.0522 | CTC: 0.3623
Step 914100/1000000 | Loss: 0.7839 | LR: 1.00e-07 | MLM: 0.6377 | CTC: 0.1462
Step 914200/1000000 | Loss: 1.4677 | LR: 1.00e-07 | MLM: 1.1644 | CTC: 0.3033
Step 914300/1000000 | Loss: 0.6825 | LR: 1.00e-07 | MLM: 0.5378 | CTC: 0.1448
Step 914400/1000000 | Loss: 1.7886 | LR: 1.00e-07 | MLM: 1.2740 | CTC: 0.5146
Step 914500/1000000 | Loss: 1.2140 | LR: 1.00e-07 | MLM: 0.9187 | CTC: 0.2954
Step 914600/1000000 | Loss: 0.6909 | LR: 1.00e-07 | MLM: 0.5370 | CTC: 0.1539
Step 914700/1000000 | Loss: 1.4835 | LR: 1.00e-07 | MLM: 1.0926 | CTC: 0.3909
Step 914800/1000000 | Loss: 0.3037 | LR: 1.00e-07 | MLM: 0.2292 | CTC: 0.0745
Step 914900/1000000 | Loss: 1.2497 | LR: 1.00e-07 | MLM: 0.9771 | CTC: 0.2727
Step 915000/1000000 | Loss: 1.2121 | LR: 1.00e-07 | MLM: 0.8288 | CTC: 0.3834
✓ Saved checkpoint to checkpoint_step_915000.t7
Step 915100/1000000 | Loss: 2.1691 | LR: 1.00e-07 | MLM: 1.7125 | CTC: 0.4566
Step 915200/1000000 | Loss: 1.2655 | LR: 1.00e-07 | MLM: 0.8710 | CTC: 0.3946
Step 915300/1000000 | Loss: 1.2618 | LR: 1.00e-07 | MLM: 0.9280 | CTC: 0.3338
Step 915400/1000000 | Loss: 2.0450 | LR: 1.00e-07 | MLM: 1.4137 | CTC: 0.6313
Step 915500/1000000 | Loss: 0.2445 | LR: 1.00e-07 | MLM: 0.1771 | CTC: 0.0673
Step 915600/1000000 | Loss: 1.8712 | LR: 1.00e-07 | MLM: 1.3329 | CTC: 0.5382
Step 915700/1000000 | Loss: 1.7115 | LR: 1.00e-07 | MLM: 1.3674 | CTC: 0.3441
Step 915800/1000000 | Loss: 1.4042 | LR: 1.00e-07 | MLM: 0.9555 | CTC: 0.4486
Step 915900/1000000 | Loss: 1.3692 | LR: 1.00e-07 | MLM: 1.0237 | CTC: 0.3456
Step 916000/1000000 | Loss: 1.4085 | LR: 1.00e-07 | MLM: 1.0567 | CTC: 0.3518
Step 916100/1000000 | Loss: 0.7991 | LR: 1.00e-07 | MLM: 0.6094 | CTC: 0.1897
Step 916200/1000000 | Loss: 1.3920 | LR: 1.00e-07 | MLM: 1.0790 | CTC: 0.3130
Step 916300/1000000 | Loss: 1.3538 | LR: 1.00e-07 | MLM: 1.0018 | CTC: 0.3520
Step 916400/1000000 | Loss: 1.5059 | LR: 1.00e-07 | MLM: 1.0543 | CTC: 0.4516
Step 916500/1000000 | Loss: 1.8528 | LR: 1.00e-07 | MLM: 1.3544 | CTC: 0.4984
Step 916600/1000000 | Loss: 2.0423 | LR: 1.00e-07 | MLM: 1.4586 | CTC: 0.5837
Step 916700/1000000 | Loss: 0.8490 | LR: 1.00e-07 | MLM: 0.6468 | CTC: 0.2022
Step 916800/1000000 | Loss: 1.5348 | LR: 1.00e-07 | MLM: 1.1518 | CTC: 0.3831
Step 916900/1000000 | Loss: 0.4389 | LR: 1.00e-07 | MLM: 0.3304 | CTC: 0.1085
Step 917000/1000000 | Loss: 0.7921 | LR: 1.00e-07 | MLM: 0.5917 | CTC: 0.2004
Step 917100/1000000 | Loss: 0.8442 | LR: 1.00e-07 | MLM: 0.6737 | CTC: 0.1704
Step 917200/1000000 | Loss: 0.9698 | LR: 1.00e-07 | MLM: 0.6960 | CTC: 0.2739
Step 917300/1000000 | Loss: 1.2757 | LR: 1.00e-07 | MLM: 0.8758 | CTC: 0.3999
Step 917400/1000000 | Loss: 0.9418 | LR: 1.00e-07 | MLM: 0.7135 | CTC: 0.2283
Step 917500/1000000 | Loss: 1.2619 | LR: 1.00e-07 | MLM: 0.8931 | CTC: 0.3689
Step 917600/1000000 | Loss: 1.6456 | LR: 1.00e-07 | MLM: 1.2381 | CTC: 0.4075
Step 917700/1000000 | Loss: 0.8423 | LR: 1.00e-07 | MLM: 0.6220 | CTC: 0.2203
Step 917800/1000000 | Loss: 0.6783 | LR: 1.00e-07 | MLM: 0.4574 | CTC: 0.2209
Step 917900/1000000 | Loss: 1.3188 | LR: 1.00e-07 | MLM: 1.0308 | CTC: 0.2879
Step 918000/1000000 | Loss: 1.1809 | LR: 1.00e-07 | MLM: 0.9011 | CTC: 0.2798
Step 918100/1000000 | Loss: 0.8710 | LR: 1.00e-07 | MLM: 0.5843 | CTC: 0.2867
Step 918200/1000000 | Loss: 1.7624 | LR: 1.00e-07 | MLM: 1.3380 | CTC: 0.4244
Step 918300/1000000 | Loss: 1.0532 | LR: 1.00e-07 | MLM: 0.7546 | CTC: 0.2986
Step 918400/1000000 | Loss: 0.8046 | LR: 1.00e-07 | MLM: 0.6062 | CTC: 0.1985
Step 918500/1000000 | Loss: 1.8683 | LR: 1.00e-07 | MLM: 1.4183 | CTC: 0.4499
Step 918600/1000000 | Loss: 0.9242 | LR: 1.00e-07 | MLM: 0.6918 | CTC: 0.2323
Step 918700/1000000 | Loss: 1.3565 | LR: 1.00e-07 | MLM: 1.0539 | CTC: 0.3026
Step 918800/1000000 | Loss: 1.0934 | LR: 1.00e-07 | MLM: 0.8466 | CTC: 0.2468
Step 918900/1000000 | Loss: 1.0852 | LR: 1.00e-07 | MLM: 0.6891 | CTC: 0.3961
Step 919000/1000000 | Loss: 0.5502 | LR: 1.00e-07 | MLM: 0.4752 | CTC: 0.0750
Step 919100/1000000 | Loss: 1.5639 | LR: 1.00e-07 | MLM: 1.1114 | CTC: 0.4525
Step 919200/1000000 | Loss: 1.2467 | LR: 1.00e-07 | MLM: 0.9531 | CTC: 0.2936
Step 919300/1000000 | Loss: 0.4231 | LR: 1.00e-07 | MLM: 0.3064 | CTC: 0.1167
Step 919400/1000000 | Loss: 2.1016 | LR: 1.00e-07 | MLM: 1.6314 | CTC: 0.4702
Step 919500/1000000 | Loss: 1.5777 | LR: 1.00e-07 | MLM: 1.1987 | CTC: 0.3790
Step 919600/1000000 | Loss: 1.4462 | LR: 1.00e-07 | MLM: 1.0639 | CTC: 0.3823
Step 919700/1000000 | Loss: 1.3866 | LR: 1.00e-07 | MLM: 0.9502 | CTC: 0.4364
Step 919800/1000000 | Loss: 1.1549 | LR: 1.00e-07 | MLM: 0.7716 | CTC: 0.3833
Step 919900/1000000 | Loss: 1.1313 | LR: 1.00e-07 | MLM: 0.8500 | CTC: 0.2813
Step 920000/1000000 | Loss: 1.6626 | LR: 1.00e-07 | MLM: 1.2199 | CTC: 0.4427
✓ Saved checkpoint to checkpoint_step_920000.t7
Step 920100/1000000 | Loss: 1.5318 | LR: 1.00e-07 | MLM: 1.1984 | CTC: 0.3335
Step 920200/1000000 | Loss: 0.7279 | LR: 1.00e-07 | MLM: 0.5708 | CTC: 0.1572
Step 920300/1000000 | Loss: 1.3289 | LR: 1.00e-07 | MLM: 1.0507 | CTC: 0.2782
Step 920400/1000000 | Loss: 1.3800 | LR: 1.00e-07 | MLM: 1.0925 | CTC: 0.2874
Step 920500/1000000 | Loss: 1.1202 | LR: 1.00e-07 | MLM: 0.8166 | CTC: 0.3036
Step 920600/1000000 | Loss: 0.7426 | LR: 1.00e-07 | MLM: 0.6143 | CTC: 0.1283
Step 920700/1000000 | Loss: 1.2130 | LR: 1.00e-07 | MLM: 0.8786 | CTC: 0.3345
Step 920800/1000000 | Loss: 0.9277 | LR: 1.00e-07 | MLM: 0.6921 | CTC: 0.2356
Step 920900/1000000 | Loss: 0.6386 | LR: 1.00e-07 | MLM: 0.4719 | CTC: 0.1668
Step 921000/1000000 | Loss: 1.1349 | LR: 1.00e-07 | MLM: 0.8854 | CTC: 0.2495
Step 921100/1000000 | Loss: 1.8176 | LR: 1.00e-07 | MLM: 1.4880 | CTC: 0.3296
Step 921200/1000000 | Loss: 1.7554 | LR: 1.00e-07 | MLM: 1.2963 | CTC: 0.4591
Step 921300/1000000 | Loss: 0.7069 | LR: 1.00e-07 | MLM: 0.4962 | CTC: 0.2107
Step 921400/1000000 | Loss: 1.3938 | LR: 1.00e-07 | MLM: 1.0874 | CTC: 0.3064
Step 921500/1000000 | Loss: 0.9474 | LR: 1.00e-07 | MLM: 0.7119 | CTC: 0.2356
Step 921600/1000000 | Loss: 0.7274 | LR: 1.00e-07 | MLM: 0.5672 | CTC: 0.1602
Step 921700/1000000 | Loss: 0.9499 | LR: 1.00e-07 | MLM: 0.7151 | CTC: 0.2348
Step 921800/1000000 | Loss: 1.0759 | LR: 1.00e-07 | MLM: 0.7803 | CTC: 0.2956
Step 921900/1000000 | Loss: 0.7762 | LR: 1.00e-07 | MLM: 0.5536 | CTC: 0.2227
Step 922000/1000000 | Loss: 1.6064 | LR: 1.00e-07 | MLM: 1.2187 | CTC: 0.3876
Step 922100/1000000 | Loss: 0.4017 | LR: 1.00e-07 | MLM: 0.2822 | CTC: 0.1195
Step 922200/1000000 | Loss: 1.0593 | LR: 1.00e-07 | MLM: 0.8308 | CTC: 0.2285
Step 922300/1000000 | Loss: 0.7420 | LR: 1.00e-07 | MLM: 0.6454 | CTC: 0.0966
Step 922400/1000000 | Loss: 1.2446 | LR: 1.00e-07 | MLM: 0.9356 | CTC: 0.3090
Step 922500/1000000 | Loss: 1.6390 | LR: 1.00e-07 | MLM: 1.2351 | CTC: 0.4039
Step 922600/1000000 | Loss: 0.5638 | LR: 1.00e-07 | MLM: 0.4086 | CTC: 0.1552
Step 922700/1000000 | Loss: 1.1471 | LR: 1.00e-07 | MLM: 0.8973 | CTC: 0.2498
Step 922800/1000000 | Loss: 1.0663 | LR: 1.00e-07 | MLM: 0.8103 | CTC: 0.2560
Step 922900/1000000 | Loss: 0.7803 | LR: 1.00e-07 | MLM: 0.6450 | CTC: 0.1353
Step 923000/1000000 | Loss: 1.0200 | LR: 1.00e-07 | MLM: 0.7947 | CTC: 0.2253
Step 923100/1000000 | Loss: 1.3618 | LR: 1.00e-07 | MLM: 1.0466 | CTC: 0.3152
Step 923200/1000000 | Loss: 1.7424 | LR: 1.00e-07 | MLM: 1.2991 | CTC: 0.4433
Step 923300/1000000 | Loss: 0.5339 | LR: 1.00e-07 | MLM: 0.4201 | CTC: 0.1138
Step 923400/1000000 | Loss: 0.8869 | LR: 1.00e-07 | MLM: 0.6631 | CTC: 0.2238
Step 923500/1000000 | Loss: 0.8429 | LR: 1.00e-07 | MLM: 0.6794 | CTC: 0.1635
Step 923600/1000000 | Loss: 0.8854 | LR: 1.00e-07 | MLM: 0.6641 | CTC: 0.2213
Step 923700/1000000 | Loss: 1.0172 | LR: 1.00e-07 | MLM: 0.8136 | CTC: 0.2037
Step 923800/1000000 | Loss: 1.5659 | LR: 1.00e-07 | MLM: 1.2076 | CTC: 0.3584
Step 923900/1000000 | Loss: 0.8709 | LR: 1.00e-07 | MLM: 0.6391 | CTC: 0.2318
Step 924000/1000000 | Loss: 1.6728 | LR: 1.00e-07 | MLM: 1.3309 | CTC: 0.3418
Step 924100/1000000 | Loss: 1.5928 | LR: 1.00e-07 | MLM: 1.1833 | CTC: 0.4095
Step 924200/1000000 | Loss: 1.1944 | LR: 1.00e-07 | MLM: 0.9887 | CTC: 0.2057
Step 924300/1000000 | Loss: 1.2374 | LR: 1.00e-07 | MLM: 1.0672 | CTC: 0.1702
Step 924400/1000000 | Loss: 1.1683 | LR: 1.00e-07 | MLM: 0.8600 | CTC: 0.3083
Step 924500/1000000 | Loss: 1.6709 | LR: 1.00e-07 | MLM: 1.1997 | CTC: 0.4712
Step 924600/1000000 | Loss: 1.6142 | LR: 1.00e-07 | MLM: 1.1696 | CTC: 0.4446
Step 924700/1000000 | Loss: 1.1121 | LR: 1.00e-07 | MLM: 0.8708 | CTC: 0.2413
Step 924800/1000000 | Loss: 1.4878 | LR: 1.00e-07 | MLM: 1.1248 | CTC: 0.3630
Step 924900/1000000 | Loss: 1.3415 | LR: 1.00e-07 | MLM: 1.0495 | CTC: 0.2920
Step 925000/1000000 | Loss: 1.0473 | LR: 1.00e-07 | MLM: 0.7478 | CTC: 0.2994
✓ Saved checkpoint to checkpoint_step_925000.t7
Step 925100/1000000 | Loss: 1.2536 | LR: 1.00e-07 | MLM: 0.9139 | CTC: 0.3397
Step 925200/1000000 | Loss: 1.0939 | LR: 1.00e-07 | MLM: 0.8034 | CTC: 0.2904
Step 925300/1000000 | Loss: 1.5614 | LR: 1.00e-07 | MLM: 1.2060 | CTC: 0.3554
Step 925400/1000000 | Loss: 0.9939 | LR: 1.00e-07 | MLM: 0.7522 | CTC: 0.2417
Step 925500/1000000 | Loss: 0.7736 | LR: 1.00e-07 | MLM: 0.5677 | CTC: 0.2060
Step 925600/1000000 | Loss: 1.6625 | LR: 1.00e-07 | MLM: 1.2467 | CTC: 0.4159
Step 925700/1000000 | Loss: 1.7210 | LR: 1.00e-07 | MLM: 1.3861 | CTC: 0.3349
Step 925800/1000000 | Loss: 1.8645 | LR: 1.00e-07 | MLM: 1.4605 | CTC: 0.4040
Step 925900/1000000 | Loss: 0.2917 | LR: 1.00e-07 | MLM: 0.1637 | CTC: 0.1280
Step 926000/1000000 | Loss: 1.5427 | LR: 1.00e-07 | MLM: 1.1801 | CTC: 0.3626
Step 926100/1000000 | Loss: 0.9497 | LR: 1.00e-07 | MLM: 0.6654 | CTC: 0.2842
Step 926200/1000000 | Loss: 1.4905 | LR: 1.00e-07 | MLM: 1.1080 | CTC: 0.3826
Step 926300/1000000 | Loss: 1.5700 | LR: 1.00e-07 | MLM: 1.1652 | CTC: 0.4048
Step 926400/1000000 | Loss: 1.0619 | LR: 1.00e-07 | MLM: 0.7925 | CTC: 0.2694
Step 926500/1000000 | Loss: 2.0994 | LR: 1.00e-07 | MLM: 1.6405 | CTC: 0.4589
Step 926600/1000000 | Loss: 1.6444 | LR: 1.00e-07 | MLM: 1.2810 | CTC: 0.3633
Step 926700/1000000 | Loss: 1.5067 | LR: 1.00e-07 | MLM: 1.1411 | CTC: 0.3656
Step 926800/1000000 | Loss: 1.1040 | LR: 1.00e-07 | MLM: 0.8727 | CTC: 0.2313
Step 926900/1000000 | Loss: 0.3522 | LR: 1.00e-07 | MLM: 0.2575 | CTC: 0.0947
Step 927000/1000000 | Loss: 0.8405 | LR: 1.00e-07 | MLM: 0.5928 | CTC: 0.2477
Step 927100/1000000 | Loss: 0.6820 | LR: 1.00e-07 | MLM: 0.5307 | CTC: 0.1513
Step 927200/1000000 | Loss: 0.4218 | LR: 1.00e-07 | MLM: 0.3439 | CTC: 0.0780
Step 927300/1000000 | Loss: 1.0645 | LR: 1.00e-07 | MLM: 0.8599 | CTC: 0.2045
Step 927400/1000000 | Loss: 2.2026 | LR: 1.00e-07 | MLM: 1.7012 | CTC: 0.5013
Step 927500/1000000 | Loss: 1.8750 | LR: 1.00e-07 | MLM: 1.3495 | CTC: 0.5255
Step 927600/1000000 | Loss: 0.5990 | LR: 1.00e-07 | MLM: 0.4536 | CTC: 0.1454
Step 927700/1000000 | Loss: 1.5395 | LR: 1.00e-07 | MLM: 1.2640 | CTC: 0.2755
Step 927800/1000000 | Loss: 1.2996 | LR: 1.00e-07 | MLM: 0.9971 | CTC: 0.3025
Step 927900/1000000 | Loss: 1.7051 | LR: 1.00e-07 | MLM: 1.3587 | CTC: 0.3464
Step 928000/1000000 | Loss: 1.5051 | LR: 1.00e-07 | MLM: 1.2183 | CTC: 0.2868
Step 928100/1000000 | Loss: 0.1769 | LR: 1.00e-07 | MLM: 0.1422 | CTC: 0.0347
Step 928200/1000000 | Loss: 1.7039 | LR: 1.00e-07 | MLM: 1.2570 | CTC: 0.4469
Step 928300/1000000 | Loss: 1.6137 | LR: 1.00e-07 | MLM: 1.1810 | CTC: 0.4326
Step 928400/1000000 | Loss: 1.5285 | LR: 1.00e-07 | MLM: 1.2194 | CTC: 0.3091
Step 928500/1000000 | Loss: 2.1471 | LR: 1.00e-07 | MLM: 1.6997 | CTC: 0.4475
Step 928600/1000000 | Loss: 0.6338 | LR: 1.00e-07 | MLM: 0.5296 | CTC: 0.1042
Step 928700/1000000 | Loss: 1.0167 | LR: 1.00e-07 | MLM: 0.8002 | CTC: 0.2166
Step 928800/1000000 | Loss: 0.3542 | LR: 1.00e-07 | MLM: 0.2296 | CTC: 0.1247
Step 928900/1000000 | Loss: 1.0838 | LR: 1.00e-07 | MLM: 0.7507 | CTC: 0.3331
Step 929000/1000000 | Loss: 1.3695 | LR: 1.00e-07 | MLM: 0.9891 | CTC: 0.3804
Step 929100/1000000 | Loss: 1.4171 | LR: 1.00e-07 | MLM: 1.1371 | CTC: 0.2800
Step 929200/1000000 | Loss: 1.4057 | LR: 1.00e-07 | MLM: 1.0846 | CTC: 0.3211
Step 929300/1000000 | Loss: 1.0508 | LR: 1.00e-07 | MLM: 0.7825 | CTC: 0.2683
Step 929400/1000000 | Loss: 1.3179 | LR: 1.00e-07 | MLM: 1.0413 | CTC: 0.2766
Step 929500/1000000 | Loss: 1.4124 | LR: 1.00e-07 | MLM: 1.0482 | CTC: 0.3642
Step 929600/1000000 | Loss: 0.7249 | LR: 1.00e-07 | MLM: 0.4822 | CTC: 0.2427
Step 929700/1000000 | Loss: 1.3377 | LR: 1.00e-07 | MLM: 1.0387 | CTC: 0.2990
Step 929800/1000000 | Loss: 1.2494 | LR: 1.00e-07 | MLM: 0.9538 | CTC: 0.2956
Step 929900/1000000 | Loss: 0.3454 | LR: 1.00e-07 | MLM: 0.2310 | CTC: 0.1144
Step 930000/1000000 | Loss: 1.3030 | LR: 1.00e-07 | MLM: 1.0056 | CTC: 0.2974
✓ Saved checkpoint to checkpoint_step_930000.t7
Step 930100/1000000 | Loss: 1.1526 | LR: 1.00e-07 | MLM: 0.8838 | CTC: 0.2688
Step 930200/1000000 | Loss: 0.9963 | LR: 1.00e-07 | MLM: 0.7708 | CTC: 0.2255
Step 930300/1000000 | Loss: 1.5658 | LR: 1.00e-07 | MLM: 1.2366 | CTC: 0.3292
Step 930400/1000000 | Loss: 0.9010 | LR: 1.00e-07 | MLM: 0.7221 | CTC: 0.1789
Step 930500/1000000 | Loss: 1.5024 | LR: 1.00e-07 | MLM: 1.1153 | CTC: 0.3870
Step 930600/1000000 | Loss: 0.8884 | LR: 1.00e-07 | MLM: 0.6668 | CTC: 0.2216
Step 930700/1000000 | Loss: 2.2470 | LR: 1.00e-07 | MLM: 1.7819 | CTC: 0.4651
Step 930800/1000000 | Loss: 1.3685 | LR: 1.00e-07 | MLM: 1.0408 | CTC: 0.3277
Step 930900/1000000 | Loss: 0.8306 | LR: 1.00e-07 | MLM: 0.5953 | CTC: 0.2353
Step 931000/1000000 | Loss: 1.3751 | LR: 1.00e-07 | MLM: 0.9851 | CTC: 0.3900
Step 931100/1000000 | Loss: 1.8710 | LR: 1.00e-07 | MLM: 1.5337 | CTC: 0.3372
Step 931200/1000000 | Loss: 1.6966 | LR: 1.00e-07 | MLM: 1.3038 | CTC: 0.3928
Step 931300/1000000 | Loss: 0.5485 | LR: 1.00e-07 | MLM: 0.4135 | CTC: 0.1351
Step 931400/1000000 | Loss: 1.1631 | LR: 1.00e-07 | MLM: 0.8228 | CTC: 0.3403
Step 931500/1000000 | Loss: 1.6720 | LR: 1.00e-07 | MLM: 1.2408 | CTC: 0.4313
Step 931600/1000000 | Loss: 0.3847 | LR: 1.00e-07 | MLM: 0.2966 | CTC: 0.0880
Step 931700/1000000 | Loss: 1.9453 | LR: 1.00e-07 | MLM: 1.3956 | CTC: 0.5497
Step 931800/1000000 | Loss: 1.5393 | LR: 1.00e-07 | MLM: 1.0722 | CTC: 0.4672
Step 931900/1000000 | Loss: 0.8212 | LR: 1.00e-07 | MLM: 0.6277 | CTC: 0.1935
Step 932000/1000000 | Loss: 1.0834 | LR: 1.00e-07 | MLM: 0.6920 | CTC: 0.3913
Step 932100/1000000 | Loss: 1.7538 | LR: 1.00e-07 | MLM: 1.3698 | CTC: 0.3840
Step 932200/1000000 | Loss: 1.1159 | LR: 1.00e-07 | MLM: 0.7528 | CTC: 0.3631
Step 932300/1000000 | Loss: 0.8566 | LR: 1.00e-07 | MLM: 0.6254 | CTC: 0.2312
Step 932400/1000000 | Loss: 1.2481 | LR: 1.00e-07 | MLM: 0.9765 | CTC: 0.2715
Step 932500/1000000 | Loss: 0.9694 | LR: 1.00e-07 | MLM: 0.7541 | CTC: 0.2153
Step 932600/1000000 | Loss: 1.6071 | LR: 1.00e-07 | MLM: 1.1239 | CTC: 0.4832
Step 932700/1000000 | Loss: 1.5058 | LR: 1.00e-07 | MLM: 1.1330 | CTC: 0.3727
Step 932800/1000000 | Loss: 1.6633 | LR: 1.00e-07 | MLM: 1.2883 | CTC: 0.3750
Step 932900/1000000 | Loss: 1.5483 | LR: 1.00e-07 | MLM: 1.1733 | CTC: 0.3750
Step 933000/1000000 | Loss: 0.7367 | LR: 1.00e-07 | MLM: 0.5992 | CTC: 0.1375
Step 933100/1000000 | Loss: 1.0588 | LR: 1.00e-07 | MLM: 0.7113 | CTC: 0.3475
Step 933200/1000000 | Loss: 0.8118 | LR: 1.00e-07 | MLM: 0.6148 | CTC: 0.1970
Step 933300/1000000 | Loss: 2.0507 | LR: 1.00e-07 | MLM: 1.5731 | CTC: 0.4777
Step 933400/1000000 | Loss: 0.5915 | LR: 1.00e-07 | MLM: 0.4565 | CTC: 0.1350
Step 933500/1000000 | Loss: 0.8804 | LR: 1.00e-07 | MLM: 0.6863 | CTC: 0.1941
Step 933600/1000000 | Loss: 0.4461 | LR: 1.00e-07 | MLM: 0.3242 | CTC: 0.1220
Step 933700/1000000 | Loss: 1.5729 | LR: 1.00e-07 | MLM: 1.1879 | CTC: 0.3850
Step 933800/1000000 | Loss: 1.0245 | LR: 1.00e-07 | MLM: 0.7555 | CTC: 0.2690
Step 933900/1000000 | Loss: 1.6465 | LR: 1.00e-07 | MLM: 1.2204 | CTC: 0.4260
Step 934000/1000000 | Loss: 1.3187 | LR: 1.00e-07 | MLM: 1.0728 | CTC: 0.2458
Step 934100/1000000 | Loss: 1.4584 | LR: 1.00e-07 | MLM: 1.0802 | CTC: 0.3782
Step 934200/1000000 | Loss: 1.0495 | LR: 1.00e-07 | MLM: 0.7638 | CTC: 0.2857
Step 934300/1000000 | Loss: 0.3962 | LR: 1.00e-07 | MLM: 0.2310 | CTC: 0.1652
Step 934400/1000000 | Loss: 1.6614 | LR: 1.00e-07 | MLM: 1.2823 | CTC: 0.3791
Step 934500/1000000 | Loss: 1.5269 | LR: 1.00e-07 | MLM: 1.1204 | CTC: 0.4065
Step 934600/1000000 | Loss: 1.6433 | LR: 1.00e-07 | MLM: 1.2473 | CTC: 0.3961
Step 934700/1000000 | Loss: 2.3725 | LR: 1.00e-07 | MLM: 1.9114 | CTC: 0.4611
Step 934800/1000000 | Loss: 0.7385 | LR: 1.00e-07 | MLM: 0.5029 | CTC: 0.2355
Step 934900/1000000 | Loss: 1.0019 | LR: 1.00e-07 | MLM: 0.7367 | CTC: 0.2652
Step 935000/1000000 | Loss: 0.5657 | LR: 1.00e-07 | MLM: 0.4325 | CTC: 0.1332
✓ Saved checkpoint to checkpoint_step_935000.t7
Step 935100/1000000 | Loss: 0.7977 | LR: 1.00e-07 | MLM: 0.5987 | CTC: 0.1990
Step 935200/1000000 | Loss: 1.5527 | LR: 1.00e-07 | MLM: 1.1966 | CTC: 0.3561
Step 935300/1000000 | Loss: 1.2577 | LR: 1.00e-07 | MLM: 0.9928 | CTC: 0.2649
Step 935400/1000000 | Loss: 2.1116 | LR: 1.00e-07 | MLM: 1.6697 | CTC: 0.4420
Step 935500/1000000 | Loss: 1.2136 | LR: 1.00e-07 | MLM: 0.9409 | CTC: 0.2727
Step 935600/1000000 | Loss: 0.8120 | LR: 1.00e-07 | MLM: 0.5476 | CTC: 0.2644
Step 935700/1000000 | Loss: 1.5098 | LR: 1.00e-07 | MLM: 1.1409 | CTC: 0.3689
Step 935800/1000000 | Loss: 1.5701 | LR: 1.00e-07 | MLM: 1.1734 | CTC: 0.3967
Step 935900/1000000 | Loss: 1.3049 | LR: 1.00e-07 | MLM: 1.0654 | CTC: 0.2396
Step 936000/1000000 | Loss: 0.8628 | LR: 1.00e-07 | MLM: 0.7176 | CTC: 0.1452
Step 936100/1000000 | Loss: 0.7374 | LR: 1.00e-07 | MLM: 0.5595 | CTC: 0.1779
Step 936200/1000000 | Loss: 0.4969 | LR: 1.00e-07 | MLM: 0.3896 | CTC: 0.1073
Step 936300/1000000 | Loss: 1.1648 | LR: 1.00e-07 | MLM: 0.9413 | CTC: 0.2236
Step 936400/1000000 | Loss: 1.6712 | LR: 1.00e-07 | MLM: 1.2948 | CTC: 0.3764
Step 936500/1000000 | Loss: 0.0623 | LR: 1.00e-07 | MLM: 0.0131 | CTC: 0.0492
Step 936600/1000000 | Loss: 1.4893 | LR: 1.00e-07 | MLM: 1.1765 | CTC: 0.3128
Step 936700/1000000 | Loss: 1.7371 | LR: 1.00e-07 | MLM: 1.3113 | CTC: 0.4259
Step 936800/1000000 | Loss: 0.5268 | LR: 1.00e-07 | MLM: 0.4236 | CTC: 0.1032
Step 936900/1000000 | Loss: 1.3130 | LR: 1.00e-07 | MLM: 1.0316 | CTC: 0.2814
Step 937000/1000000 | Loss: 1.4747 | LR: 1.00e-07 | MLM: 1.0688 | CTC: 0.4058
Step 937100/1000000 | Loss: 1.5458 | LR: 1.00e-07 | MLM: 1.1548 | CTC: 0.3910
Step 937200/1000000 | Loss: 0.8216 | LR: 1.00e-07 | MLM: 0.6242 | CTC: 0.1974
Step 937300/1000000 | Loss: 1.6945 | LR: 1.00e-07 | MLM: 1.1804 | CTC: 0.5141
Step 937400/1000000 | Loss: 1.7078 | LR: 1.00e-07 | MLM: 1.3470 | CTC: 0.3608
Step 937500/1000000 | Loss: 0.5805 | LR: 1.00e-07 | MLM: 0.4579 | CTC: 0.1227
Step 937600/1000000 | Loss: 0.8287 | LR: 1.00e-07 | MLM: 0.6447 | CTC: 0.1839
Step 937700/1000000 | Loss: 1.0992 | LR: 1.00e-07 | MLM: 0.8705 | CTC: 0.2287
Step 937800/1000000 | Loss: 2.0504 | LR: 1.00e-07 | MLM: 1.5298 | CTC: 0.5206
Step 937900/1000000 | Loss: 0.9078 | LR: 1.00e-07 | MLM: 0.7309 | CTC: 0.1769
Step 938000/1000000 | Loss: 1.6838 | LR: 1.00e-07 | MLM: 1.2525 | CTC: 0.4313
Step 938100/1000000 | Loss: 2.0799 | LR: 1.00e-07 | MLM: 1.5611 | CTC: 0.5188
Step 938200/1000000 | Loss: 1.1550 | LR: 1.00e-07 | MLM: 0.8863 | CTC: 0.2686
Step 938300/1000000 | Loss: 1.2787 | LR: 1.00e-07 | MLM: 0.9875 | CTC: 0.2912
Step 938400/1000000 | Loss: 1.2766 | LR: 1.00e-07 | MLM: 0.9770 | CTC: 0.2996
Step 938500/1000000 | Loss: 1.8064 | LR: 1.00e-07 | MLM: 1.3497 | CTC: 0.4568
Step 938600/1000000 | Loss: 0.2614 | LR: 1.00e-07 | MLM: 0.1911 | CTC: 0.0704
Step 938700/1000000 | Loss: 0.8176 | LR: 1.00e-07 | MLM: 0.5075 | CTC: 0.3101
Step 938800/1000000 | Loss: 0.7266 | LR: 1.00e-07 | MLM: 0.5661 | CTC: 0.1605
Step 938900/1000000 | Loss: 1.0451 | LR: 1.00e-07 | MLM: 0.7798 | CTC: 0.2653
Step 939000/1000000 | Loss: 0.5346 | LR: 1.00e-07 | MLM: 0.3817 | CTC: 0.1530
Step 939100/1000000 | Loss: 1.8225 | LR: 1.00e-07 | MLM: 1.3933 | CTC: 0.4292
Step 939200/1000000 | Loss: 1.3303 | LR: 1.00e-07 | MLM: 1.0029 | CTC: 0.3274
Step 939300/1000000 | Loss: 1.2116 | LR: 1.00e-07 | MLM: 0.8860 | CTC: 0.3256
Step 939400/1000000 | Loss: 0.8094 | LR: 1.00e-07 | MLM: 0.6017 | CTC: 0.2077
Step 939500/1000000 | Loss: 1.2370 | LR: 1.00e-07 | MLM: 0.9609 | CTC: 0.2761
Step 939600/1000000 | Loss: 1.5725 | LR: 1.00e-07 | MLM: 1.1086 | CTC: 0.4639
Step 939700/1000000 | Loss: 1.3406 | LR: 1.00e-07 | MLM: 0.9508 | CTC: 0.3897
Step 939800/1000000 | Loss: 0.9877 | LR: 1.00e-07 | MLM: 0.7277 | CTC: 0.2600
Step 939900/1000000 | Loss: 1.4205 | LR: 1.00e-07 | MLM: 1.0651 | CTC: 0.3554
Step 940000/1000000 | Loss: 1.7958 | LR: 1.00e-07 | MLM: 1.3358 | CTC: 0.4600
✓ Saved checkpoint to checkpoint_step_940000.t7
Step 940100/1000000 | Loss: 1.6180 | LR: 1.00e-07 | MLM: 1.1526 | CTC: 0.4654
Step 940200/1000000 | Loss: 0.5546 | LR: 1.00e-07 | MLM: 0.4213 | CTC: 0.1333
Step 940300/1000000 | Loss: 0.9947 | LR: 1.00e-07 | MLM: 0.8198 | CTC: 0.1748
Step 940400/1000000 | Loss: 1.8542 | LR: 1.00e-07 | MLM: 1.4189 | CTC: 0.4353
Step 940500/1000000 | Loss: 1.3756 | LR: 1.00e-07 | MLM: 0.9938 | CTC: 0.3818
Step 940600/1000000 | Loss: 1.1983 | LR: 1.00e-07 | MLM: 0.8155 | CTC: 0.3828
Step 940700/1000000 | Loss: 0.8721 | LR: 1.00e-07 | MLM: 0.5662 | CTC: 0.3059
Step 940800/1000000 | Loss: 0.8023 | LR: 1.00e-07 | MLM: 0.5196 | CTC: 0.2827
Step 940900/1000000 | Loss: 0.9378 | LR: 1.00e-07 | MLM: 0.7946 | CTC: 0.1432
Step 941000/1000000 | Loss: 1.8997 | LR: 1.00e-07 | MLM: 1.2644 | CTC: 0.6353
Step 941100/1000000 | Loss: 1.1552 | LR: 1.00e-07 | MLM: 0.8449 | CTC: 0.3103
Step 941200/1000000 | Loss: 0.9995 | LR: 1.00e-07 | MLM: 0.7980 | CTC: 0.2015
Step 941300/1000000 | Loss: 1.5896 | LR: 1.00e-07 | MLM: 1.2102 | CTC: 0.3794
Step 941400/1000000 | Loss: 0.6426 | LR: 1.00e-07 | MLM: 0.4923 | CTC: 0.1503
Step 941500/1000000 | Loss: 0.6904 | LR: 1.00e-07 | MLM: 0.5560 | CTC: 0.1344
Step 941600/1000000 | Loss: 1.0743 | LR: 1.00e-07 | MLM: 0.8194 | CTC: 0.2550
Step 941700/1000000 | Loss: 0.4280 | LR: 1.00e-07 | MLM: 0.3438 | CTC: 0.0843
Step 941800/1000000 | Loss: 1.1015 | LR: 1.00e-07 | MLM: 0.8145 | CTC: 0.2870
Step 941900/1000000 | Loss: 0.5741 | LR: 1.00e-07 | MLM: 0.4052 | CTC: 0.1689
Step 942000/1000000 | Loss: 0.5014 | LR: 1.00e-07 | MLM: 0.3866 | CTC: 0.1148
Step 942100/1000000 | Loss: 1.6591 | LR: 1.00e-07 | MLM: 1.2074 | CTC: 0.4518
Step 942200/1000000 | Loss: 0.9605 | LR: 1.00e-07 | MLM: 0.7091 | CTC: 0.2513
Step 942300/1000000 | Loss: 1.2677 | LR: 1.00e-07 | MLM: 0.8757 | CTC: 0.3920
Step 942400/1000000 | Loss: 0.5088 | LR: 1.00e-07 | MLM: 0.4202 | CTC: 0.0886
Step 942500/1000000 | Loss: 1.0286 | LR: 1.00e-07 | MLM: 0.7305 | CTC: 0.2981
Step 942600/1000000 | Loss: 0.9249 | LR: 1.00e-07 | MLM: 0.6662 | CTC: 0.2587
Step 942700/1000000 | Loss: 1.0324 | LR: 1.00e-07 | MLM: 0.8053 | CTC: 0.2271
Step 942800/1000000 | Loss: 0.7031 | LR: 1.00e-07 | MLM: 0.5315 | CTC: 0.1717
Step 942900/1000000 | Loss: 1.1143 | LR: 1.00e-07 | MLM: 0.8420 | CTC: 0.2723
Step 943000/1000000 | Loss: 1.3918 | LR: 1.00e-07 | MLM: 0.9754 | CTC: 0.4164
Step 943100/1000000 | Loss: 0.7984 | LR: 1.00e-07 | MLM: 0.5898 | CTC: 0.2086
Step 943200/1000000 | Loss: 0.8683 | LR: 1.00e-07 | MLM: 0.5970 | CTC: 0.2713
Step 943300/1000000 | Loss: 1.1134 | LR: 1.00e-07 | MLM: 0.8722 | CTC: 0.2412
Step 943400/1000000 | Loss: 0.5574 | LR: 1.00e-07 | MLM: 0.3911 | CTC: 0.1663
Step 943500/1000000 | Loss: 1.2015 | LR: 1.00e-07 | MLM: 0.9211 | CTC: 0.2805
Step 943600/1000000 | Loss: 0.2655 | LR: 1.00e-07 | MLM: 0.2086 | CTC: 0.0570
Step 943700/1000000 | Loss: 1.0238 | LR: 1.00e-07 | MLM: 0.8487 | CTC: 0.1751
Step 943800/1000000 | Loss: 1.7388 | LR: 1.00e-07 | MLM: 1.3029 | CTC: 0.4359
Step 943900/1000000 | Loss: 1.8283 | LR: 1.00e-07 | MLM: 1.3774 | CTC: 0.4509
Step 944000/1000000 | Loss: 1.3721 | LR: 1.00e-07 | MLM: 1.0462 | CTC: 0.3259
Step 944100/1000000 | Loss: 1.1956 | LR: 1.00e-07 | MLM: 0.8938 | CTC: 0.3018
Step 944200/1000000 | Loss: 1.2458 | LR: 1.00e-07 | MLM: 0.8939 | CTC: 0.3519
Step 944300/1000000 | Loss: 0.9908 | LR: 1.00e-07 | MLM: 0.6727 | CTC: 0.3181
Step 944400/1000000 | Loss: 1.3484 | LR: 1.00e-07 | MLM: 1.0575 | CTC: 0.2909
Step 944500/1000000 | Loss: 1.2076 | LR: 1.00e-07 | MLM: 0.9296 | CTC: 0.2780
Step 944600/1000000 | Loss: 1.2150 | LR: 1.00e-07 | MLM: 0.8997 | CTC: 0.3153
Step 944700/1000000 | Loss: 1.0093 | LR: 1.00e-07 | MLM: 0.6774 | CTC: 0.3320
Step 944800/1000000 | Loss: 2.0504 | LR: 1.00e-07 | MLM: 1.5790 | CTC: 0.4714
Step 944900/1000000 | Loss: 0.4619 | LR: 1.00e-07 | MLM: 0.3240 | CTC: 0.1379
Step 945000/1000000 | Loss: 1.0078 | LR: 1.00e-07 | MLM: 0.7727 | CTC: 0.2351
✓ Saved checkpoint to checkpoint_step_945000.t7
Step 945100/1000000 | Loss: 1.1614 | LR: 1.00e-07 | MLM: 0.7717 | CTC: 0.3897
Step 945200/1000000 | Loss: 0.8366 | LR: 1.00e-07 | MLM: 0.6580 | CTC: 0.1785
Step 945300/1000000 | Loss: 0.9686 | LR: 1.00e-07 | MLM: 0.6426 | CTC: 0.3260
Step 945400/1000000 | Loss: 0.5359 | LR: 1.00e-07 | MLM: 0.4242 | CTC: 0.1117
Step 945500/1000000 | Loss: 1.4088 | LR: 1.00e-07 | MLM: 1.0168 | CTC: 0.3920
Step 945600/1000000 | Loss: 1.2172 | LR: 1.00e-07 | MLM: 0.9273 | CTC: 0.2900
Step 945700/1000000 | Loss: 1.7709 | LR: 1.00e-07 | MLM: 1.3095 | CTC: 0.4614
Step 945800/1000000 | Loss: 0.6912 | LR: 1.00e-07 | MLM: 0.5702 | CTC: 0.1210
Step 945900/1000000 | Loss: 1.0249 | LR: 1.00e-07 | MLM: 0.7262 | CTC: 0.2986
Step 946000/1000000 | Loss: 0.7602 | LR: 1.00e-07 | MLM: 0.5485 | CTC: 0.2116
Step 946100/1000000 | Loss: 1.4049 | LR: 1.00e-07 | MLM: 1.1462 | CTC: 0.2587
Step 946200/1000000 | Loss: 1.9759 | LR: 1.00e-07 | MLM: 1.4065 | CTC: 0.5694
Step 946300/1000000 | Loss: 0.8512 | LR: 1.00e-07 | MLM: 0.6017 | CTC: 0.2495
Step 946400/1000000 | Loss: 1.5945 | LR: 1.00e-07 | MLM: 1.1456 | CTC: 0.4489
Step 946500/1000000 | Loss: 1.1990 | LR: 1.00e-07 | MLM: 0.9438 | CTC: 0.2552
Step 946600/1000000 | Loss: 1.0703 | LR: 1.00e-07 | MLM: 0.8585 | CTC: 0.2117
Step 946700/1000000 | Loss: 1.7545 | LR: 1.00e-07 | MLM: 1.2618 | CTC: 0.4927
Step 946800/1000000 | Loss: 0.9593 | LR: 1.00e-07 | MLM: 0.7056 | CTC: 0.2538
Step 946900/1000000 | Loss: 1.4225 | LR: 1.00e-07 | MLM: 1.1054 | CTC: 0.3170
Step 947000/1000000 | Loss: 1.1207 | LR: 1.00e-07 | MLM: 0.8169 | CTC: 0.3038
Step 947100/1000000 | Loss: 0.9796 | LR: 1.00e-07 | MLM: 0.6626 | CTC: 0.3170
Step 947200/1000000 | Loss: 0.8698 | LR: 1.00e-07 | MLM: 0.6691 | CTC: 0.2007
Step 947300/1000000 | Loss: 0.7807 | LR: 1.00e-07 | MLM: 0.5982 | CTC: 0.1826
Step 947400/1000000 | Loss: 0.5600 | LR: 1.00e-07 | MLM: 0.4313 | CTC: 0.1287
Step 947500/1000000 | Loss: 1.3400 | LR: 1.00e-07 | MLM: 0.9799 | CTC: 0.3601
Step 947600/1000000 | Loss: 1.1542 | LR: 1.00e-07 | MLM: 0.7974 | CTC: 0.3568
Step 947700/1000000 | Loss: 1.5406 | LR: 1.00e-07 | MLM: 1.1636 | CTC: 0.3770
Step 947800/1000000 | Loss: 1.1144 | LR: 1.00e-07 | MLM: 0.7991 | CTC: 0.3154
Step 947900/1000000 | Loss: 1.3960 | LR: 1.00e-07 | MLM: 1.0436 | CTC: 0.3524
Step 948000/1000000 | Loss: 0.6576 | LR: 1.00e-07 | MLM: 0.4609 | CTC: 0.1967
Step 948100/1000000 | Loss: 1.2338 | LR: 1.00e-07 | MLM: 0.9696 | CTC: 0.2642
Step 948200/1000000 | Loss: 0.9743 | LR: 1.00e-07 | MLM: 0.6869 | CTC: 0.2874
Step 948300/1000000 | Loss: 2.2935 | LR: 1.00e-07 | MLM: 1.7309 | CTC: 0.5627
Step 948400/1000000 | Loss: 0.8721 | LR: 1.00e-07 | MLM: 0.6793 | CTC: 0.1928
Step 948500/1000000 | Loss: 0.8704 | LR: 1.00e-07 | MLM: 0.6811 | CTC: 0.1893
Step 948600/1000000 | Loss: 1.9617 | LR: 1.00e-07 | MLM: 1.5438 | CTC: 0.4179
Step 948700/1000000 | Loss: 0.6411 | LR: 1.00e-07 | MLM: 0.3816 | CTC: 0.2595
Step 948800/1000000 | Loss: 0.8030 | LR: 1.00e-07 | MLM: 0.6435 | CTC: 0.1594
Step 948900/1000000 | Loss: 2.0657 | LR: 1.00e-07 | MLM: 1.5894 | CTC: 0.4763
Step 949000/1000000 | Loss: 1.0476 | LR: 1.00e-07 | MLM: 0.7858 | CTC: 0.2619
Step 949100/1000000 | Loss: 0.9875 | LR: 1.00e-07 | MLM: 0.7435 | CTC: 0.2440
Step 949200/1000000 | Loss: 1.0566 | LR: 1.00e-07 | MLM: 0.8093 | CTC: 0.2473
Step 949300/1000000 | Loss: 1.7181 | LR: 1.00e-07 | MLM: 1.2396 | CTC: 0.4785
Step 949400/1000000 | Loss: 1.9098 | LR: 1.00e-07 | MLM: 1.4526 | CTC: 0.4573
Step 949500/1000000 | Loss: 0.4174 | LR: 1.00e-07 | MLM: 0.3013 | CTC: 0.1161
Step 949600/1000000 | Loss: 1.3522 | LR: 1.00e-07 | MLM: 1.0716 | CTC: 0.2806
Step 949700/1000000 | Loss: 0.8994 | LR: 1.00e-07 | MLM: 0.6982 | CTC: 0.2012
Step 949800/1000000 | Loss: 0.8035 | LR: 1.00e-07 | MLM: 0.6769 | CTC: 0.1266
Step 949900/1000000 | Loss: 2.4672 | LR: 1.00e-07 | MLM: 1.8664 | CTC: 0.6008
Step 950000/1000000 | Loss: 2.0389 | LR: 1.00e-07 | MLM: 1.5321 | CTC: 0.5068
✓ Saved checkpoint to checkpoint_step_950000.t7
Step 950100/1000000 | Loss: 0.9728 | LR: 1.00e-07 | MLM: 0.7933 | CTC: 0.1796
Step 950200/1000000 | Loss: 1.6998 | LR: 1.00e-07 | MLM: 1.2845 | CTC: 0.4153
Step 950300/1000000 | Loss: 1.7821 | LR: 1.00e-07 | MLM: 1.2354 | CTC: 0.5466
Step 950400/1000000 | Loss: 0.8497 | LR: 1.00e-07 | MLM: 0.6341 | CTC: 0.2156
Step 950500/1000000 | Loss: 1.1503 | LR: 1.00e-07 | MLM: 0.8373 | CTC: 0.3130
Step 950600/1000000 | Loss: 1.6787 | LR: 1.00e-07 | MLM: 1.2813 | CTC: 0.3974
Step 950700/1000000 | Loss: 0.2904 | LR: 1.00e-07 | MLM: 0.1776 | CTC: 0.1128
Step 950800/1000000 | Loss: 0.8149 | LR: 1.00e-07 | MLM: 0.6183 | CTC: 0.1966
Step 950900/1000000 | Loss: 0.1297 | LR: 1.00e-07 | MLM: 0.0909 | CTC: 0.0388
Step 951000/1000000 | Loss: 1.3939 | LR: 1.00e-07 | MLM: 1.0897 | CTC: 0.3042
Step 951100/1000000 | Loss: 0.4759 | LR: 1.00e-07 | MLM: 0.3120 | CTC: 0.1639
Step 951200/1000000 | Loss: 0.8268 | LR: 1.00e-07 | MLM: 0.6635 | CTC: 0.1634
Step 951300/1000000 | Loss: 1.5057 | LR: 1.00e-07 | MLM: 1.0335 | CTC: 0.4722
Step 951400/1000000 | Loss: 1.3681 | LR: 1.00e-07 | MLM: 1.0036 | CTC: 0.3645
Step 951500/1000000 | Loss: 1.5080 | LR: 1.00e-07 | MLM: 1.1735 | CTC: 0.3345
Step 951600/1000000 | Loss: 1.2315 | LR: 1.00e-07 | MLM: 0.9042 | CTC: 0.3273
Step 951700/1000000 | Loss: 0.3293 | LR: 1.00e-07 | MLM: 0.2355 | CTC: 0.0939
Step 951800/1000000 | Loss: 0.5163 | LR: 1.00e-07 | MLM: 0.4250 | CTC: 0.0912
Step 951900/1000000 | Loss: 1.4581 | LR: 1.00e-07 | MLM: 1.0079 | CTC: 0.4501
Step 952000/1000000 | Loss: 1.5593 | LR: 1.00e-07 | MLM: 1.1965 | CTC: 0.3628
Step 952100/1000000 | Loss: 1.2759 | LR: 1.00e-07 | MLM: 0.9291 | CTC: 0.3468
Step 952200/1000000 | Loss: 0.8917 | LR: 1.00e-07 | MLM: 0.7102 | CTC: 0.1815
Step 952300/1000000 | Loss: 1.0628 | LR: 1.00e-07 | MLM: 0.7675 | CTC: 0.2953
Step 952400/1000000 | Loss: 0.6481 | LR: 1.00e-07 | MLM: 0.4932 | CTC: 0.1549
Step 952500/1000000 | Loss: 0.4759 | LR: 1.00e-07 | MLM: 0.3536 | CTC: 0.1223
Step 952600/1000000 | Loss: 0.9918 | LR: 1.00e-07 | MLM: 0.6937 | CTC: 0.2982
Step 952700/1000000 | Loss: 1.5166 | LR: 1.00e-07 | MLM: 1.2081 | CTC: 0.3086
Step 952800/1000000 | Loss: 1.5879 | LR: 1.00e-07 | MLM: 1.2737 | CTC: 0.3142
Step 952900/1000000 | Loss: 1.5080 | LR: 1.00e-07 | MLM: 1.2079 | CTC: 0.3001
Step 953000/1000000 | Loss: 1.1548 | LR: 1.00e-07 | MLM: 0.9063 | CTC: 0.2485
Step 953100/1000000 | Loss: 1.8302 | LR: 1.00e-07 | MLM: 1.3991 | CTC: 0.4310
Step 953200/1000000 | Loss: 1.9456 | LR: 1.00e-07 | MLM: 1.3460 | CTC: 0.5996
Step 953300/1000000 | Loss: 0.8790 | LR: 1.00e-07 | MLM: 0.6953 | CTC: 0.1837
Step 953400/1000000 | Loss: 0.8351 | LR: 1.00e-07 | MLM: 0.6457 | CTC: 0.1894
Step 953500/1000000 | Loss: 1.7709 | LR: 1.00e-07 | MLM: 1.4041 | CTC: 0.3668
Step 953600/1000000 | Loss: 0.6483 | LR: 1.00e-07 | MLM: 0.4534 | CTC: 0.1949
Step 953700/1000000 | Loss: 1.3270 | LR: 1.00e-07 | MLM: 0.9862 | CTC: 0.3408
Step 953800/1000000 | Loss: 0.6643 | LR: 1.00e-07 | MLM: 0.5085 | CTC: 0.1558
Step 953900/1000000 | Loss: 1.3297 | LR: 1.00e-07 | MLM: 0.9790 | CTC: 0.3507
Step 954000/1000000 | Loss: 1.8575 | LR: 1.00e-07 | MLM: 1.4465 | CTC: 0.4110
Step 954100/1000000 | Loss: 0.4439 | LR: 1.00e-07 | MLM: 0.3093 | CTC: 0.1346
Step 954200/1000000 | Loss: 1.1711 | LR: 1.00e-07 | MLM: 0.8323 | CTC: 0.3388
Step 954300/1000000 | Loss: 2.0423 | LR: 1.00e-07 | MLM: 1.5648 | CTC: 0.4775
Step 954400/1000000 | Loss: 0.9859 | LR: 1.00e-07 | MLM: 0.6890 | CTC: 0.2969
Step 954500/1000000 | Loss: 1.6609 | LR: 1.00e-07 | MLM: 1.2557 | CTC: 0.4053
Step 954600/1000000 | Loss: 0.9557 | LR: 1.00e-07 | MLM: 0.7771 | CTC: 0.1786
Step 954700/1000000 | Loss: 0.7196 | LR: 1.00e-07 | MLM: 0.5612 | CTC: 0.1584
Step 954800/1000000 | Loss: 1.0562 | LR: 1.00e-07 | MLM: 0.8566 | CTC: 0.1996
Step 954900/1000000 | Loss: 1.0460 | LR: 1.00e-07 | MLM: 0.7308 | CTC: 0.3152
Step 955000/1000000 | Loss: 1.7423 | LR: 1.00e-07 | MLM: 1.2497 | CTC: 0.4925
✓ Saved checkpoint to checkpoint_step_955000.t7
Step 955100/1000000 | Loss: 1.0385 | LR: 1.00e-07 | MLM: 0.7752 | CTC: 0.2633
Step 955200/1000000 | Loss: 1.2319 | LR: 1.00e-07 | MLM: 0.8911 | CTC: 0.3408
Step 955300/1000000 | Loss: 1.6370 | LR: 1.00e-07 | MLM: 1.2505 | CTC: 0.3866
Step 955400/1000000 | Loss: 0.6494 | LR: 1.00e-07 | MLM: 0.4951 | CTC: 0.1544
Step 955500/1000000 | Loss: 0.4623 | LR: 1.00e-07 | MLM: 0.3247 | CTC: 0.1377
Step 955600/1000000 | Loss: 1.0460 | LR: 1.00e-07 | MLM: 0.8376 | CTC: 0.2084
Step 955700/1000000 | Loss: 0.5392 | LR: 1.00e-07 | MLM: 0.3158 | CTC: 0.2234
Step 955800/1000000 | Loss: 1.6608 | LR: 1.00e-07 | MLM: 1.2517 | CTC: 0.4091
Step 955900/1000000 | Loss: 0.8365 | LR: 1.00e-07 | MLM: 0.6647 | CTC: 0.1718
Step 956000/1000000 | Loss: 0.9600 | LR: 1.00e-07 | MLM: 0.7501 | CTC: 0.2098
Step 956100/1000000 | Loss: 0.4984 | LR: 1.00e-07 | MLM: 0.2711 | CTC: 0.2273
Step 956200/1000000 | Loss: 0.2955 | LR: 1.00e-07 | MLM: 0.2048 | CTC: 0.0907
Step 956300/1000000 | Loss: 1.4168 | LR: 1.00e-07 | MLM: 1.0376 | CTC: 0.3792
Step 956400/1000000 | Loss: 0.5607 | LR: 1.00e-07 | MLM: 0.3769 | CTC: 0.1838
Step 956500/1000000 | Loss: 1.8620 | LR: 1.00e-07 | MLM: 1.3594 | CTC: 0.5027
Step 956600/1000000 | Loss: 0.9098 | LR: 1.00e-07 | MLM: 0.7047 | CTC: 0.2051
Step 956700/1000000 | Loss: 0.9257 | LR: 1.00e-07 | MLM: 0.7152 | CTC: 0.2106
Step 956800/1000000 | Loss: 1.2728 | LR: 1.00e-07 | MLM: 1.0144 | CTC: 0.2584
Step 956900/1000000 | Loss: 1.0264 | LR: 1.00e-07 | MLM: 0.7394 | CTC: 0.2871
Step 957000/1000000 | Loss: 1.9324 | LR: 1.00e-07 | MLM: 1.3606 | CTC: 0.5718
Step 957100/1000000 | Loss: 1.0853 | LR: 1.00e-07 | MLM: 0.8265 | CTC: 0.2588
Step 957200/1000000 | Loss: 0.9581 | LR: 1.00e-07 | MLM: 0.6987 | CTC: 0.2594
Step 957300/1000000 | Loss: 1.0583 | LR: 1.00e-07 | MLM: 0.8486 | CTC: 0.2096
Step 957400/1000000 | Loss: 1.1131 | LR: 1.00e-07 | MLM: 0.9327 | CTC: 0.1804
Step 957500/1000000 | Loss: 0.7684 | LR: 1.00e-07 | MLM: 0.5935 | CTC: 0.1750
Step 957600/1000000 | Loss: 1.4312 | LR: 1.00e-07 | MLM: 1.1028 | CTC: 0.3284
Step 957700/1000000 | Loss: 1.5310 | LR: 1.00e-07 | MLM: 1.1728 | CTC: 0.3582
Step 957800/1000000 | Loss: 1.6938 | LR: 1.00e-07 | MLM: 1.3398 | CTC: 0.3540
Step 957900/1000000 | Loss: 0.7399 | LR: 1.00e-07 | MLM: 0.5123 | CTC: 0.2276
Step 958000/1000000 | Loss: 0.2588 | LR: 1.00e-07 | MLM: 0.1361 | CTC: 0.1227
Step 958100/1000000 | Loss: 0.8368 | LR: 1.00e-07 | MLM: 0.5647 | CTC: 0.2722
Step 958200/1000000 | Loss: 0.6353 | LR: 1.00e-07 | MLM: 0.4807 | CTC: 0.1546
Step 958300/1000000 | Loss: 0.7402 | LR: 1.00e-07 | MLM: 0.5670 | CTC: 0.1732
Step 958400/1000000 | Loss: 0.8298 | LR: 1.00e-07 | MLM: 0.6721 | CTC: 0.1576
Step 958500/1000000 | Loss: 1.3873 | LR: 1.00e-07 | MLM: 1.0086 | CTC: 0.3788
Step 958600/1000000 | Loss: 0.7299 | LR: 1.00e-07 | MLM: 0.5349 | CTC: 0.1951
Step 958700/1000000 | Loss: 0.8911 | LR: 1.00e-07 | MLM: 0.6622 | CTC: 0.2289
Step 958800/1000000 | Loss: 1.1012 | LR: 1.00e-07 | MLM: 0.7808 | CTC: 0.3203
Step 958900/1000000 | Loss: 1.3107 | LR: 1.00e-07 | MLM: 1.0272 | CTC: 0.2835
Step 959000/1000000 | Loss: 2.0031 | LR: 1.00e-07 | MLM: 1.4306 | CTC: 0.5725
Step 959100/1000000 | Loss: 0.3827 | LR: 1.00e-07 | MLM: 0.2956 | CTC: 0.0870
Step 959200/1000000 | Loss: 0.5863 | LR: 1.00e-07 | MLM: 0.4634 | CTC: 0.1230
Step 959300/1000000 | Loss: 1.1195 | LR: 1.00e-07 | MLM: 0.7394 | CTC: 0.3801
Step 959400/1000000 | Loss: 1.7914 | LR: 1.00e-07 | MLM: 1.3424 | CTC: 0.4490
Step 959500/1000000 | Loss: 1.3564 | LR: 1.00e-07 | MLM: 1.0379 | CTC: 0.3185
Step 959600/1000000 | Loss: 0.5859 | LR: 1.00e-07 | MLM: 0.4393 | CTC: 0.1466
Step 959700/1000000 | Loss: 0.9375 | LR: 1.00e-07 | MLM: 0.6803 | CTC: 0.2572
Step 959800/1000000 | Loss: 1.2641 | LR: 1.00e-07 | MLM: 0.9937 | CTC: 0.2704
Step 959900/1000000 | Loss: 1.6328 | LR: 1.00e-07 | MLM: 1.3145 | CTC: 0.3183
Step 960000/1000000 | Loss: 1.6549 | LR: 1.00e-07 | MLM: 1.2612 | CTC: 0.3937
✓ Saved checkpoint to checkpoint_step_960000.t7
Step 960100/1000000 | Loss: 0.8590 | LR: 1.00e-07 | MLM: 0.6301 | CTC: 0.2289
Step 960200/1000000 | Loss: 1.2984 | LR: 1.00e-07 | MLM: 0.9318 | CTC: 0.3667
Step 960300/1000000 | Loss: 0.8859 | LR: 1.00e-07 | MLM: 0.6320 | CTC: 0.2539
Step 960400/1000000 | Loss: 1.1360 | LR: 1.00e-07 | MLM: 0.8249 | CTC: 0.3111
Step 960500/1000000 | Loss: 2.0350 | LR: 1.00e-07 | MLM: 1.4905 | CTC: 0.5444
Step 960600/1000000 | Loss: 1.9751 | LR: 1.00e-07 | MLM: 1.4899 | CTC: 0.4853
Step 960700/1000000 | Loss: 1.4943 | LR: 1.00e-07 | MLM: 1.1782 | CTC: 0.3161
Step 960800/1000000 | Loss: 0.7626 | LR: 1.00e-07 | MLM: 0.6007 | CTC: 0.1619
Step 960900/1000000 | Loss: 1.4943 | LR: 1.00e-07 | MLM: 1.0545 | CTC: 0.4398
Step 961000/1000000 | Loss: 0.8285 | LR: 1.00e-07 | MLM: 0.5760 | CTC: 0.2525
Step 961100/1000000 | Loss: 1.3268 | LR: 1.00e-07 | MLM: 0.9678 | CTC: 0.3590
Step 961200/1000000 | Loss: 1.2879 | LR: 1.00e-07 | MLM: 0.9954 | CTC: 0.2924
Step 961300/1000000 | Loss: 1.5840 | LR: 1.00e-07 | MLM: 1.1437 | CTC: 0.4403
Step 961400/1000000 | Loss: 0.1799 | LR: 1.00e-07 | MLM: 0.0942 | CTC: 0.0857
Step 961500/1000000 | Loss: 1.3520 | LR: 1.00e-07 | MLM: 0.9924 | CTC: 0.3596
Step 961600/1000000 | Loss: 1.2638 | LR: 1.00e-07 | MLM: 0.9629 | CTC: 0.3009
Step 961700/1000000 | Loss: 1.6724 | LR: 1.00e-07 | MLM: 1.3428 | CTC: 0.3296
Step 961800/1000000 | Loss: 1.1949 | LR: 1.00e-07 | MLM: 0.7777 | CTC: 0.4171
Step 961900/1000000 | Loss: 1.0339 | LR: 1.00e-07 | MLM: 0.7501 | CTC: 0.2838
Step 962000/1000000 | Loss: 1.5872 | LR: 1.00e-07 | MLM: 1.2052 | CTC: 0.3819
Step 962100/1000000 | Loss: 0.7708 | LR: 1.00e-07 | MLM: 0.5811 | CTC: 0.1897
Step 962200/1000000 | Loss: 1.3883 | LR: 1.00e-07 | MLM: 1.0009 | CTC: 0.3874
Step 962300/1000000 | Loss: 1.6577 | LR: 1.00e-07 | MLM: 1.2757 | CTC: 0.3819
Step 962400/1000000 | Loss: 0.7288 | LR: 1.00e-07 | MLM: 0.5207 | CTC: 0.2080
Step 962500/1000000 | Loss: 1.2046 | LR: 1.00e-07 | MLM: 0.8715 | CTC: 0.3331
Step 962600/1000000 | Loss: 1.2672 | LR: 1.00e-07 | MLM: 0.8812 | CTC: 0.3860
Step 962700/1000000 | Loss: 0.6455 | LR: 1.00e-07 | MLM: 0.5203 | CTC: 0.1251
Step 962800/1000000 | Loss: 0.7604 | LR: 1.00e-07 | MLM: 0.5911 | CTC: 0.1693
Step 962900/1000000 | Loss: 1.3164 | LR: 1.00e-07 | MLM: 0.9429 | CTC: 0.3735
Step 963000/1000000 | Loss: 1.0032 | LR: 1.00e-07 | MLM: 0.7659 | CTC: 0.2373
Step 963100/1000000 | Loss: 0.5593 | LR: 1.00e-07 | MLM: 0.4476 | CTC: 0.1117
Step 963200/1000000 | Loss: 1.1075 | LR: 1.00e-07 | MLM: 0.8030 | CTC: 0.3044
Step 963300/1000000 | Loss: 1.3204 | LR: 1.00e-07 | MLM: 1.0408 | CTC: 0.2796
Step 963400/1000000 | Loss: 1.2022 | LR: 1.00e-07 | MLM: 0.9033 | CTC: 0.2989
Step 963500/1000000 | Loss: 0.6040 | LR: 1.00e-07 | MLM: 0.4281 | CTC: 0.1759
Step 963600/1000000 | Loss: 0.8874 | LR: 1.00e-07 | MLM: 0.6173 | CTC: 0.2702
Step 963700/1000000 | Loss: 0.9886 | LR: 1.00e-07 | MLM: 0.6992 | CTC: 0.2894
Step 963800/1000000 | Loss: 1.5097 | LR: 1.00e-07 | MLM: 1.1078 | CTC: 0.4019
Step 963900/1000000 | Loss: 1.0023 | LR: 1.00e-07 | MLM: 0.7251 | CTC: 0.2772
Step 964000/1000000 | Loss: 1.5348 | LR: 1.00e-07 | MLM: 1.1550 | CTC: 0.3798
Step 964100/1000000 | Loss: 1.5157 | LR: 1.00e-07 | MLM: 1.1870 | CTC: 0.3287
Step 964200/1000000 | Loss: 0.6202 | LR: 1.00e-07 | MLM: 0.4636 | CTC: 0.1566
Step 964300/1000000 | Loss: 0.2574 | LR: 1.00e-07 | MLM: 0.2106 | CTC: 0.0468
Step 964400/1000000 | Loss: 1.0334 | LR: 1.00e-07 | MLM: 0.8002 | CTC: 0.2332
Step 964500/1000000 | Loss: 0.5635 | LR: 1.00e-07 | MLM: 0.3769 | CTC: 0.1866
Step 964600/1000000 | Loss: 0.8644 | LR: 1.00e-07 | MLM: 0.6193 | CTC: 0.2451
Step 964700/1000000 | Loss: 1.0533 | LR: 1.00e-07 | MLM: 0.8124 | CTC: 0.2409
Step 964800/1000000 | Loss: 0.9550 | LR: 1.00e-07 | MLM: 0.6857 | CTC: 0.2693
Step 964900/1000000 | Loss: 0.5003 | LR: 1.00e-07 | MLM: 0.3723 | CTC: 0.1280
Step 965000/1000000 | Loss: 0.4668 | LR: 1.00e-07 | MLM: 0.3750 | CTC: 0.0918
✓ Saved checkpoint to checkpoint_step_965000.t7
Step 965100/1000000 | Loss: 1.8975 | LR: 1.00e-07 | MLM: 1.4158 | CTC: 0.4818
Step 965200/1000000 | Loss: 0.6898 | LR: 1.00e-07 | MLM: 0.5379 | CTC: 0.1519
Step 965300/1000000 | Loss: 1.2929 | LR: 1.00e-07 | MLM: 0.9612 | CTC: 0.3317
Step 965400/1000000 | Loss: 0.8442 | LR: 1.00e-07 | MLM: 0.5952 | CTC: 0.2490
Step 965500/1000000 | Loss: 0.7366 | LR: 1.00e-07 | MLM: 0.5458 | CTC: 0.1909
Step 965600/1000000 | Loss: 0.4508 | LR: 1.00e-07 | MLM: 0.2641 | CTC: 0.1867
Step 965700/1000000 | Loss: 1.8096 | LR: 1.00e-07 | MLM: 1.4289 | CTC: 0.3806
Step 965800/1000000 | Loss: 1.4692 | LR: 1.00e-07 | MLM: 1.1582 | CTC: 0.3110
Step 965900/1000000 | Loss: 1.9915 | LR: 1.00e-07 | MLM: 1.5031 | CTC: 0.4884
Step 966000/1000000 | Loss: 0.4026 | LR: 1.00e-07 | MLM: 0.2453 | CTC: 0.1573
Step 966100/1000000 | Loss: 0.7470 | LR: 1.00e-07 | MLM: 0.4830 | CTC: 0.2641
Step 966200/1000000 | Loss: 0.5205 | LR: 1.00e-07 | MLM: 0.3918 | CTC: 0.1287
Step 966300/1000000 | Loss: 0.8525 | LR: 1.00e-07 | MLM: 0.6208 | CTC: 0.2317
Step 966400/1000000 | Loss: 1.2303 | LR: 1.00e-07 | MLM: 0.8909 | CTC: 0.3394
Step 966500/1000000 | Loss: 2.0641 | LR: 1.00e-07 | MLM: 1.5627 | CTC: 0.5014
Step 966600/1000000 | Loss: 0.9901 | LR: 1.00e-07 | MLM: 0.7004 | CTC: 0.2897
Step 966700/1000000 | Loss: 1.5927 | LR: 1.00e-07 | MLM: 1.2925 | CTC: 0.3002
Step 966800/1000000 | Loss: 1.1825 | LR: 1.00e-07 | MLM: 0.9255 | CTC: 0.2570
Step 966900/1000000 | Loss: 0.5478 | LR: 1.00e-07 | MLM: 0.4087 | CTC: 0.1391
Step 967000/1000000 | Loss: 1.1864 | LR: 1.00e-07 | MLM: 0.9078 | CTC: 0.2787
Step 967100/1000000 | Loss: 1.4621 | LR: 1.00e-07 | MLM: 1.1021 | CTC: 0.3599
Step 967200/1000000 | Loss: 1.4934 | LR: 1.00e-07 | MLM: 1.0765 | CTC: 0.4169
Step 967300/1000000 | Loss: 1.1583 | LR: 1.00e-07 | MLM: 0.8941 | CTC: 0.2641
Step 967400/1000000 | Loss: 1.7693 | LR: 1.00e-07 | MLM: 1.3272 | CTC: 0.4421
Step 967500/1000000 | Loss: 0.6344 | LR: 1.00e-07 | MLM: 0.4788 | CTC: 0.1555
Step 967600/1000000 | Loss: 1.0910 | LR: 1.00e-07 | MLM: 0.9239 | CTC: 0.1671
Step 967700/1000000 | Loss: 0.8626 | LR: 1.00e-07 | MLM: 0.6270 | CTC: 0.2357
Step 967800/1000000 | Loss: 0.7633 | LR: 1.00e-07 | MLM: 0.5715 | CTC: 0.1918
Step 967900/1000000 | Loss: 0.7129 | LR: 1.00e-07 | MLM: 0.5128 | CTC: 0.2001
Step 968000/1000000 | Loss: 1.0037 | LR: 1.00e-07 | MLM: 0.7721 | CTC: 0.2316
Step 968100/1000000 | Loss: 1.0776 | LR: 1.00e-07 | MLM: 0.8433 | CTC: 0.2343
Step 968200/1000000 | Loss: 1.4756 | LR: 1.00e-07 | MLM: 1.1132 | CTC: 0.3624
Step 968300/1000000 | Loss: 1.3854 | LR: 1.00e-07 | MLM: 1.0543 | CTC: 0.3311
Step 968400/1000000 | Loss: 1.3032 | LR: 1.00e-07 | MLM: 1.0425 | CTC: 0.2606
Step 968500/1000000 | Loss: 1.8382 | LR: 1.00e-07 | MLM: 1.3688 | CTC: 0.4694
Step 968600/1000000 | Loss: 0.5155 | LR: 1.00e-07 | MLM: 0.3809 | CTC: 0.1346
Step 968700/1000000 | Loss: 1.3447 | LR: 1.00e-07 | MLM: 0.9233 | CTC: 0.4213
Step 968800/1000000 | Loss: 2.1747 | LR: 1.00e-07 | MLM: 1.6137 | CTC: 0.5610
Step 968900/1000000 | Loss: 1.2746 | LR: 1.00e-07 | MLM: 0.9538 | CTC: 0.3208
Step 969000/1000000 | Loss: 1.1416 | LR: 1.00e-07 | MLM: 0.9052 | CTC: 0.2365
Step 969100/1000000 | Loss: 0.4246 | LR: 1.00e-07 | MLM: 0.3092 | CTC: 0.1154
Step 969200/1000000 | Loss: 1.7584 | LR: 1.00e-07 | MLM: 1.3674 | CTC: 0.3910
Step 969300/1000000 | Loss: 1.0037 | LR: 1.00e-07 | MLM: 0.8267 | CTC: 0.1770
Step 969400/1000000 | Loss: 1.3670 | LR: 1.00e-07 | MLM: 1.0340 | CTC: 0.3331
Step 969500/1000000 | Loss: 1.3630 | LR: 1.00e-07 | MLM: 1.0279 | CTC: 0.3352
Step 969600/1000000 | Loss: 1.7937 | LR: 1.00e-07 | MLM: 1.4027 | CTC: 0.3910
Step 969700/1000000 | Loss: 1.6762 | LR: 1.00e-07 | MLM: 1.1946 | CTC: 0.4816
Step 969800/1000000 | Loss: 1.4895 | LR: 1.00e-07 | MLM: 1.1187 | CTC: 0.3708
Step 969900/1000000 | Loss: 0.7896 | LR: 1.00e-07 | MLM: 0.5271 | CTC: 0.2625
Step 970000/1000000 | Loss: 1.1719 | LR: 1.00e-07 | MLM: 0.8439 | CTC: 0.3280
✓ Saved checkpoint to checkpoint_step_970000.t7
Step 970100/1000000 | Loss: 0.9339 | LR: 1.00e-07 | MLM: 0.7038 | CTC: 0.2302
Step 970200/1000000 | Loss: 1.1964 | LR: 1.00e-07 | MLM: 0.9613 | CTC: 0.2351
Step 970300/1000000 | Loss: 0.9394 | LR: 1.00e-07 | MLM: 0.7638 | CTC: 0.1757
Step 970400/1000000 | Loss: 0.5474 | LR: 1.00e-07 | MLM: 0.4246 | CTC: 0.1227
Step 970500/1000000 | Loss: 1.2541 | LR: 1.00e-07 | MLM: 0.9600 | CTC: 0.2941
Step 970600/1000000 | Loss: 0.5602 | LR: 1.00e-07 | MLM: 0.4245 | CTC: 0.1358
Step 970700/1000000 | Loss: 0.8604 | LR: 1.00e-07 | MLM: 0.5490 | CTC: 0.3114
Step 970800/1000000 | Loss: 1.7513 | LR: 1.00e-07 | MLM: 1.4274 | CTC: 0.3239
Step 970900/1000000 | Loss: 0.7261 | LR: 1.00e-07 | MLM: 0.4471 | CTC: 0.2790
Step 971000/1000000 | Loss: 1.1632 | LR: 1.00e-07 | MLM: 0.8812 | CTC: 0.2820
Step 971100/1000000 | Loss: 0.5467 | LR: 1.00e-07 | MLM: 0.4158 | CTC: 0.1309
Step 971200/1000000 | Loss: 1.0607 | LR: 1.00e-07 | MLM: 0.7943 | CTC: 0.2664
Step 971300/1000000 | Loss: 0.3930 | LR: 1.00e-07 | MLM: 0.3155 | CTC: 0.0775
Step 971400/1000000 | Loss: 1.0799 | LR: 1.00e-07 | MLM: 0.7884 | CTC: 0.2915
Step 971500/1000000 | Loss: 0.6311 | LR: 1.00e-07 | MLM: 0.4804 | CTC: 0.1507
Step 971600/1000000 | Loss: 1.6112 | LR: 1.00e-07 | MLM: 1.2230 | CTC: 0.3882
Step 971700/1000000 | Loss: 1.9985 | LR: 1.00e-07 | MLM: 1.4107 | CTC: 0.5879
Step 971800/1000000 | Loss: 1.0708 | LR: 1.00e-07 | MLM: 0.8604 | CTC: 0.2104
Step 971900/1000000 | Loss: 0.6445 | LR: 1.00e-07 | MLM: 0.4187 | CTC: 0.2259
Step 972000/1000000 | Loss: 0.9015 | LR: 1.00e-07 | MLM: 0.6716 | CTC: 0.2299
Step 972100/1000000 | Loss: 1.1530 | LR: 1.00e-07 | MLM: 0.8227 | CTC: 0.3303
Step 972200/1000000 | Loss: 0.4999 | LR: 1.00e-07 | MLM: 0.3433 | CTC: 0.1566
Step 972300/1000000 | Loss: 1.4570 | LR: 1.00e-07 | MLM: 1.1383 | CTC: 0.3186
Step 972400/1000000 | Loss: 1.2059 | LR: 1.00e-07 | MLM: 0.8880 | CTC: 0.3179
Step 972500/1000000 | Loss: 0.8983 | LR: 1.00e-07 | MLM: 0.6476 | CTC: 0.2508
Step 972600/1000000 | Loss: 0.6361 | LR: 1.00e-07 | MLM: 0.4936 | CTC: 0.1424
Step 972700/1000000 | Loss: 0.1726 | LR: 1.00e-07 | MLM: 0.1161 | CTC: 0.0565
Step 972800/1000000 | Loss: 1.4276 | LR: 1.00e-07 | MLM: 1.0838 | CTC: 0.3437
Step 972900/1000000 | Loss: 1.2844 | LR: 1.00e-07 | MLM: 1.0481 | CTC: 0.2363
Step 973000/1000000 | Loss: 1.0421 | LR: 1.00e-07 | MLM: 0.8191 | CTC: 0.2230
Step 973100/1000000 | Loss: 2.1208 | LR: 1.00e-07 | MLM: 1.5566 | CTC: 0.5642
Step 973200/1000000 | Loss: 2.0867 | LR: 1.00e-07 | MLM: 1.5796 | CTC: 0.5072
Step 973300/1000000 | Loss: 1.3708 | LR: 1.00e-07 | MLM: 1.0525 | CTC: 0.3184
Step 973400/1000000 | Loss: 0.5335 | LR: 1.00e-07 | MLM: 0.4066 | CTC: 0.1269
Step 973500/1000000 | Loss: 1.0611 | LR: 1.00e-07 | MLM: 0.8003 | CTC: 0.2608
Step 973600/1000000 | Loss: 0.5863 | LR: 1.00e-07 | MLM: 0.4692 | CTC: 0.1171
Step 973700/1000000 | Loss: 1.6786 | LR: 1.00e-07 | MLM: 1.2430 | CTC: 0.4356
Step 973800/1000000 | Loss: 1.5061 | LR: 1.00e-07 | MLM: 1.2630 | CTC: 0.2431
Step 973900/1000000 | Loss: 1.9805 | LR: 1.00e-07 | MLM: 1.4646 | CTC: 0.5159
Step 974000/1000000 | Loss: 1.1664 | LR: 1.00e-07 | MLM: 0.9591 | CTC: 0.2073
Step 974100/1000000 | Loss: 0.4665 | LR: 1.00e-07 | MLM: 0.3833 | CTC: 0.0833
Step 974200/1000000 | Loss: 0.8865 | LR: 1.00e-07 | MLM: 0.6909 | CTC: 0.1956
Step 974300/1000000 | Loss: 1.3530 | LR: 1.00e-07 | MLM: 1.0471 | CTC: 0.3060
Step 974400/1000000 | Loss: 1.3771 | LR: 1.00e-07 | MLM: 1.1446 | CTC: 0.2325
Step 974500/1000000 | Loss: 1.7466 | LR: 1.00e-07 | MLM: 1.3652 | CTC: 0.3815
Step 974600/1000000 | Loss: 1.4686 | LR: 1.00e-07 | MLM: 1.0700 | CTC: 0.3985
Step 974700/1000000 | Loss: 0.6993 | LR: 1.00e-07 | MLM: 0.4806 | CTC: 0.2187
Step 974800/1000000 | Loss: 1.1059 | LR: 1.00e-07 | MLM: 0.8595 | CTC: 0.2464
Step 974900/1000000 | Loss: 0.8464 | LR: 1.00e-07 | MLM: 0.6111 | CTC: 0.2353
Step 975000/1000000 | Loss: 1.4469 | LR: 1.00e-07 | MLM: 1.0821 | CTC: 0.3648
✓ Saved checkpoint to checkpoint_step_975000.t7
Step 975100/1000000 | Loss: 0.2285 | LR: 1.00e-07 | MLM: 0.1579 | CTC: 0.0706
Step 975200/1000000 | Loss: 0.7800 | LR: 1.00e-07 | MLM: 0.5704 | CTC: 0.2097
Step 975300/1000000 | Loss: 1.5766 | LR: 1.00e-07 | MLM: 1.2365 | CTC: 0.3401
Step 975400/1000000 | Loss: 1.6919 | LR: 1.00e-07 | MLM: 1.1698 | CTC: 0.5221
Step 975500/1000000 | Loss: 0.9287 | LR: 1.00e-07 | MLM: 0.7587 | CTC: 0.1700
Step 975600/1000000 | Loss: 0.8045 | LR: 1.00e-07 | MLM: 0.5596 | CTC: 0.2448
Step 975700/1000000 | Loss: 1.8694 | LR: 1.00e-07 | MLM: 1.3821 | CTC: 0.4873
Step 975800/1000000 | Loss: 2.2084 | LR: 1.00e-07 | MLM: 1.6895 | CTC: 0.5189
Step 975900/1000000 | Loss: 1.4521 | LR: 1.00e-07 | MLM: 1.1270 | CTC: 0.3251
Step 976000/1000000 | Loss: 0.9463 | LR: 1.00e-07 | MLM: 0.6869 | CTC: 0.2594
Step 976100/1000000 | Loss: 1.2060 | LR: 1.00e-07 | MLM: 0.9369 | CTC: 0.2691
Step 976200/1000000 | Loss: 1.5882 | LR: 1.00e-07 | MLM: 1.2249 | CTC: 0.3633
Step 976300/1000000 | Loss: 0.7428 | LR: 1.00e-07 | MLM: 0.5392 | CTC: 0.2036
Step 976400/1000000 | Loss: 1.2109 | LR: 1.00e-07 | MLM: 0.9441 | CTC: 0.2668
Step 976500/1000000 | Loss: 1.7359 | LR: 1.00e-07 | MLM: 1.2684 | CTC: 0.4675
Step 976600/1000000 | Loss: 1.5615 | LR: 1.00e-07 | MLM: 1.1372 | CTC: 0.4243
Step 976700/1000000 | Loss: 0.8906 | LR: 1.00e-07 | MLM: 0.7270 | CTC: 0.1636
Step 976800/1000000 | Loss: 1.1528 | LR: 1.00e-07 | MLM: 0.8543 | CTC: 0.2986
Step 976900/1000000 | Loss: 1.3343 | LR: 1.00e-07 | MLM: 1.0006 | CTC: 0.3337
Step 977000/1000000 | Loss: 1.6711 | LR: 1.00e-07 | MLM: 1.1475 | CTC: 0.5236
Step 977100/1000000 | Loss: 0.8802 | LR: 1.00e-07 | MLM: 0.6494 | CTC: 0.2308
Step 977200/1000000 | Loss: 1.3309 | LR: 1.00e-07 | MLM: 1.1913 | CTC: 0.1396
Step 977300/1000000 | Loss: 0.9592 | LR: 1.00e-07 | MLM: 0.7349 | CTC: 0.2243
Step 977400/1000000 | Loss: 0.6810 | LR: 1.00e-07 | MLM: 0.5320 | CTC: 0.1490
Step 977500/1000000 | Loss: 1.0170 | LR: 1.00e-07 | MLM: 0.8258 | CTC: 0.1912
Step 977600/1000000 | Loss: 1.4236 | LR: 1.00e-07 | MLM: 1.1879 | CTC: 0.2357
Step 977700/1000000 | Loss: 0.5360 | LR: 1.00e-07 | MLM: 0.4363 | CTC: 0.0998
Step 977800/1000000 | Loss: 1.4176 | LR: 1.00e-07 | MLM: 1.0778 | CTC: 0.3399
Step 977900/1000000 | Loss: 1.0220 | LR: 1.00e-07 | MLM: 0.7783 | CTC: 0.2436
Step 978000/1000000 | Loss: 0.9851 | LR: 1.00e-07 | MLM: 0.8032 | CTC: 0.1819
Step 978100/1000000 | Loss: 1.0791 | LR: 1.00e-07 | MLM: 0.7617 | CTC: 0.3173
Step 978200/1000000 | Loss: 0.8590 | LR: 1.00e-07 | MLM: 0.6515 | CTC: 0.2076
Step 978300/1000000 | Loss: 1.2840 | LR: 1.00e-07 | MLM: 0.9024 | CTC: 0.3816
Step 978400/1000000 | Loss: 0.7626 | LR: 1.00e-07 | MLM: 0.5092 | CTC: 0.2534
Step 978500/1000000 | Loss: 2.2302 | LR: 1.00e-07 | MLM: 1.5865 | CTC: 0.6438
Step 978600/1000000 | Loss: 1.3407 | LR: 1.00e-07 | MLM: 0.9973 | CTC: 0.3434
Step 978700/1000000 | Loss: 1.6404 | LR: 1.00e-07 | MLM: 1.3713 | CTC: 0.2691
Step 978800/1000000 | Loss: 1.3282 | LR: 1.00e-07 | MLM: 1.0252 | CTC: 0.3030
Step 978900/1000000 | Loss: 0.4264 | LR: 1.00e-07 | MLM: 0.3052 | CTC: 0.1213
Step 979000/1000000 | Loss: 0.2761 | LR: 1.00e-07 | MLM: 0.1748 | CTC: 0.1013
Step 979100/1000000 | Loss: 1.3493 | LR: 1.00e-07 | MLM: 0.9913 | CTC: 0.3580
Step 979200/1000000 | Loss: 1.5490 | LR: 1.00e-07 | MLM: 1.0433 | CTC: 0.5058
Step 979300/1000000 | Loss: 0.6786 | LR: 1.00e-07 | MLM: 0.4896 | CTC: 0.1890
Step 979400/1000000 | Loss: 1.3475 | LR: 1.00e-07 | MLM: 1.0495 | CTC: 0.2980
Step 979500/1000000 | Loss: 1.3236 | LR: 1.00e-07 | MLM: 1.0181 | CTC: 0.3055
Step 979600/1000000 | Loss: 1.4883 | LR: 1.00e-07 | MLM: 1.1565 | CTC: 0.3318
Step 979700/1000000 | Loss: 0.6856 | LR: 1.00e-07 | MLM: 0.4722 | CTC: 0.2133
Step 979800/1000000 | Loss: 1.0272 | LR: 1.00e-07 | MLM: 0.6742 | CTC: 0.3530
Step 979900/1000000 | Loss: 1.0758 | LR: 1.00e-07 | MLM: 0.8519 | CTC: 0.2239
Step 980000/1000000 | Loss: 1.7535 | LR: 1.00e-07 | MLM: 1.4007 | CTC: 0.3528
✓ Saved checkpoint to checkpoint_step_980000.t7
Step 980100/1000000 | Loss: 2.0891 | LR: 1.00e-07 | MLM: 1.5831 | CTC: 0.5060
Step 980200/1000000 | Loss: 2.0678 | LR: 1.00e-07 | MLM: 1.5625 | CTC: 0.5053
Step 980300/1000000 | Loss: 0.9546 | LR: 1.00e-07 | MLM: 0.7970 | CTC: 0.1576
Step 980400/1000000 | Loss: 2.0055 | LR: 1.00e-07 | MLM: 1.4669 | CTC: 0.5387
Step 980500/1000000 | Loss: 1.0975 | LR: 1.00e-07 | MLM: 0.8561 | CTC: 0.2414
Step 980600/1000000 | Loss: 0.7160 | LR: 1.00e-07 | MLM: 0.5464 | CTC: 0.1696
Step 980700/1000000 | Loss: 1.2319 | LR: 1.00e-07 | MLM: 0.8811 | CTC: 0.3508
Step 980800/1000000 | Loss: 0.6886 | LR: 1.00e-07 | MLM: 0.5243 | CTC: 0.1643
Step 980900/1000000 | Loss: 1.1295 | LR: 1.00e-07 | MLM: 0.8919 | CTC: 0.2377
Step 981000/1000000 | Loss: 1.9023 | LR: 1.00e-07 | MLM: 1.4093 | CTC: 0.4931
Step 981100/1000000 | Loss: 1.5327 | LR: 1.00e-07 | MLM: 1.1756 | CTC: 0.3571
Step 981200/1000000 | Loss: 0.8802 | LR: 1.00e-07 | MLM: 0.6178 | CTC: 0.2623
Step 981300/1000000 | Loss: 1.9760 | LR: 1.00e-07 | MLM: 1.4577 | CTC: 0.5183
Step 981400/1000000 | Loss: 0.6977 | LR: 1.00e-07 | MLM: 0.4849 | CTC: 0.2128
Step 981500/1000000 | Loss: 1.2467 | LR: 1.00e-07 | MLM: 0.8765 | CTC: 0.3701
Step 981600/1000000 | Loss: 0.9998 | LR: 1.00e-07 | MLM: 0.7847 | CTC: 0.2151
Step 981700/1000000 | Loss: 0.2831 | LR: 1.00e-07 | MLM: 0.1902 | CTC: 0.0929
Step 981800/1000000 | Loss: 0.0553 | LR: 1.00e-07 | MLM: 0.0181 | CTC: 0.0371
Step 981900/1000000 | Loss: 1.6039 | LR: 1.00e-07 | MLM: 1.1568 | CTC: 0.4471
Step 982000/1000000 | Loss: 1.5010 | LR: 1.00e-07 | MLM: 1.0704 | CTC: 0.4306
Step 982100/1000000 | Loss: 1.5728 | LR: 1.00e-07 | MLM: 1.1863 | CTC: 0.3865
Step 982200/1000000 | Loss: 1.2975 | LR: 1.00e-07 | MLM: 1.0187 | CTC: 0.2789
Step 982300/1000000 | Loss: 1.1248 | LR: 1.00e-07 | MLM: 0.8537 | CTC: 0.2711
Step 982400/1000000 | Loss: 2.1115 | LR: 1.00e-07 | MLM: 1.5782 | CTC: 0.5333
Step 982500/1000000 | Loss: 1.9825 | LR: 1.00e-07 | MLM: 1.3891 | CTC: 0.5934
Step 982600/1000000 | Loss: 1.3592 | LR: 1.00e-07 | MLM: 0.9904 | CTC: 0.3689
Step 982700/1000000 | Loss: 1.1697 | LR: 1.00e-07 | MLM: 0.9270 | CTC: 0.2427
Step 982800/1000000 | Loss: 1.7530 | LR: 1.00e-07 | MLM: 1.3102 | CTC: 0.4428
Step 982900/1000000 | Loss: 0.7848 | LR: 1.00e-07 | MLM: 0.6233 | CTC: 0.1614
Step 983000/1000000 | Loss: 1.2885 | LR: 1.00e-07 | MLM: 0.9881 | CTC: 0.3004
Step 983100/1000000 | Loss: 1.5639 | LR: 1.00e-07 | MLM: 1.1826 | CTC: 0.3814
Step 983200/1000000 | Loss: 0.6730 | LR: 1.00e-07 | MLM: 0.4950 | CTC: 0.1780
Step 983300/1000000 | Loss: 1.3535 | LR: 1.00e-07 | MLM: 0.9754 | CTC: 0.3781
Step 983400/1000000 | Loss: 0.8312 | LR: 1.00e-07 | MLM: 0.5962 | CTC: 0.2349
Step 983500/1000000 | Loss: 1.2099 | LR: 1.00e-07 | MLM: 0.9791 | CTC: 0.2308
Step 983600/1000000 | Loss: 1.1714 | LR: 1.00e-07 | MLM: 0.8650 | CTC: 0.3064
Step 983700/1000000 | Loss: 0.6751 | LR: 1.00e-07 | MLM: 0.5032 | CTC: 0.1719
Step 983800/1000000 | Loss: 1.5899 | LR: 1.00e-07 | MLM: 1.2542 | CTC: 0.3357
Step 983900/1000000 | Loss: 2.0089 | LR: 1.00e-07 | MLM: 1.3621 | CTC: 0.6468
Step 984000/1000000 | Loss: 1.0440 | LR: 1.00e-07 | MLM: 0.8020 | CTC: 0.2420
Step 984100/1000000 | Loss: 1.8602 | LR: 1.00e-07 | MLM: 1.3922 | CTC: 0.4680
Step 984200/1000000 | Loss: 1.0072 | LR: 1.00e-07 | MLM: 0.7368 | CTC: 0.2704
Step 984300/1000000 | Loss: 0.7946 | LR: 1.00e-07 | MLM: 0.5353 | CTC: 0.2593
Step 984400/1000000 | Loss: 1.9450 | LR: 1.00e-07 | MLM: 1.6343 | CTC: 0.3107
Step 984500/1000000 | Loss: 1.6618 | LR: 1.00e-07 | MLM: 1.2347 | CTC: 0.4271
Step 984600/1000000 | Loss: 2.1000 | LR: 1.00e-07 | MLM: 1.6672 | CTC: 0.4328
Step 984700/1000000 | Loss: 1.4136 | LR: 1.00e-07 | MLM: 1.0405 | CTC: 0.3731
Step 984800/1000000 | Loss: 2.0494 | LR: 1.00e-07 | MLM: 1.5427 | CTC: 0.5067
Step 984900/1000000 | Loss: 0.9449 | LR: 1.00e-07 | MLM: 0.7135 | CTC: 0.2314
Step 985000/1000000 | Loss: 2.0534 | LR: 1.00e-07 | MLM: 1.5050 | CTC: 0.5483
✓ Saved checkpoint to checkpoint_step_985000.t7
Step 985100/1000000 | Loss: 0.5574 | LR: 1.00e-07 | MLM: 0.3729 | CTC: 0.1844
Step 985200/1000000 | Loss: 1.4307 | LR: 1.00e-07 | MLM: 1.1160 | CTC: 0.3147
Step 985300/1000000 | Loss: 0.8681 | LR: 1.00e-07 | MLM: 0.6662 | CTC: 0.2020
Step 985400/1000000 | Loss: 0.3641 | LR: 1.00e-07 | MLM: 0.2529 | CTC: 0.1112
Step 985500/1000000 | Loss: 1.2369 | LR: 1.00e-07 | MLM: 0.7820 | CTC: 0.4550
Step 985600/1000000 | Loss: 0.2084 | LR: 1.00e-07 | MLM: 0.1494 | CTC: 0.0591
Step 985700/1000000 | Loss: 1.1504 | LR: 1.00e-07 | MLM: 0.8813 | CTC: 0.2690
Step 985800/1000000 | Loss: 0.9664 | LR: 1.00e-07 | MLM: 0.7225 | CTC: 0.2439
Step 985900/1000000 | Loss: 1.1181 | LR: 1.00e-07 | MLM: 0.8236 | CTC: 0.2945
Step 986000/1000000 | Loss: 0.9808 | LR: 1.00e-07 | MLM: 0.6688 | CTC: 0.3119
Step 986100/1000000 | Loss: 1.8572 | LR: 1.00e-07 | MLM: 1.5012 | CTC: 0.3560
Step 986200/1000000 | Loss: 1.2827 | LR: 1.00e-07 | MLM: 0.9942 | CTC: 0.2886
Step 986300/1000000 | Loss: 1.4749 | LR: 1.00e-07 | MLM: 1.1965 | CTC: 0.2784
Step 986400/1000000 | Loss: 1.8052 | LR: 1.00e-07 | MLM: 1.3521 | CTC: 0.4531
Step 986500/1000000 | Loss: 0.6763 | LR: 1.00e-07 | MLM: 0.5226 | CTC: 0.1537
Step 986600/1000000 | Loss: 0.9261 | LR: 1.00e-07 | MLM: 0.7116 | CTC: 0.2145
Step 986700/1000000 | Loss: 1.6961 | LR: 1.00e-07 | MLM: 1.2303 | CTC: 0.4658
Step 986800/1000000 | Loss: 1.6892 | LR: 1.00e-07 | MLM: 1.1516 | CTC: 0.5377
Step 986900/1000000 | Loss: 1.6697 | LR: 1.00e-07 | MLM: 1.1767 | CTC: 0.4930
Step 987000/1000000 | Loss: 0.9322 | LR: 1.00e-07 | MLM: 0.7081 | CTC: 0.2242
Step 987100/1000000 | Loss: 1.1557 | LR: 1.00e-07 | MLM: 0.8426 | CTC: 0.3132
Step 987200/1000000 | Loss: 1.1338 | LR: 1.00e-07 | MLM: 0.9904 | CTC: 0.1434
Step 987300/1000000 | Loss: 1.0320 | LR: 1.00e-07 | MLM: 0.7488 | CTC: 0.2832
Step 987400/1000000 | Loss: 1.6296 | LR: 1.00e-07 | MLM: 1.1596 | CTC: 0.4700
Step 987500/1000000 | Loss: 1.3669 | LR: 1.00e-07 | MLM: 1.0575 | CTC: 0.3094
Step 987600/1000000 | Loss: 1.4965 | LR: 1.00e-07 | MLM: 1.1398 | CTC: 0.3567
Step 987700/1000000 | Loss: 2.2128 | LR: 1.00e-07 | MLM: 1.6637 | CTC: 0.5491
Step 987800/1000000 | Loss: 0.9188 | LR: 1.00e-07 | MLM: 0.7005 | CTC: 0.2183
Step 987900/1000000 | Loss: 1.6697 | LR: 1.00e-07 | MLM: 1.3052 | CTC: 0.3645
Step 988000/1000000 | Loss: 1.9473 | LR: 1.00e-07 | MLM: 1.4545 | CTC: 0.4928
Step 988100/1000000 | Loss: 1.1773 | LR: 1.00e-07 | MLM: 0.8509 | CTC: 0.3264
Step 988200/1000000 | Loss: 1.2700 | LR: 1.00e-07 | MLM: 1.0065 | CTC: 0.2635
Step 988300/1000000 | Loss: 1.4387 | LR: 1.00e-07 | MLM: 1.1097 | CTC: 0.3290
Step 988400/1000000 | Loss: 1.5212 | LR: 1.00e-07 | MLM: 1.1747 | CTC: 0.3465
Step 988500/1000000 | Loss: 1.0500 | LR: 1.00e-07 | MLM: 0.7958 | CTC: 0.2542
Step 988600/1000000 | Loss: 1.7411 | LR: 1.00e-07 | MLM: 1.1781 | CTC: 0.5630
Step 988700/1000000 | Loss: 0.7785 | LR: 1.00e-07 | MLM: 0.5339 | CTC: 0.2446
Step 988800/1000000 | Loss: 1.6002 | LR: 1.00e-07 | MLM: 1.2970 | CTC: 0.3033
Step 988900/1000000 | Loss: 1.4172 | LR: 1.00e-07 | MLM: 1.0630 | CTC: 0.3542
Step 989000/1000000 | Loss: 1.6745 | LR: 1.00e-07 | MLM: 1.3312 | CTC: 0.3433
Step 989100/1000000 | Loss: 0.9847 | LR: 1.00e-07 | MLM: 0.7920 | CTC: 0.1927
Step 989200/1000000 | Loss: 1.4213 | LR: 1.00e-07 | MLM: 1.1176 | CTC: 0.3037
Step 989300/1000000 | Loss: 1.4409 | LR: 1.00e-07 | MLM: 1.1005 | CTC: 0.3404
Step 989400/1000000 | Loss: 1.7976 | LR: 1.00e-07 | MLM: 1.4304 | CTC: 0.3671
Step 989500/1000000 | Loss: 1.6633 | LR: 1.00e-07 | MLM: 1.3221 | CTC: 0.3412
Step 989600/1000000 | Loss: 1.7133 | LR: 1.00e-07 | MLM: 1.2762 | CTC: 0.4371
Step 989700/1000000 | Loss: 0.4654 | LR: 1.00e-07 | MLM: 0.3477 | CTC: 0.1177
Step 989800/1000000 | Loss: 1.2442 | LR: 1.00e-07 | MLM: 0.9007 | CTC: 0.3435
Step 989900/1000000 | Loss: 0.0214 | LR: 1.00e-07 | MLM: 0.0027 | CTC: 0.0187
Step 990000/1000000 | Loss: 1.0944 | LR: 1.00e-07 | MLM: 0.7668 | CTC: 0.3277
✓ Saved checkpoint to checkpoint_step_990000.t7
Step 990100/1000000 | Loss: 0.1167 | LR: 1.00e-07 | MLM: 0.0935 | CTC: 0.0232
Step 990200/1000000 | Loss: 0.9791 | LR: 1.00e-07 | MLM: 0.7783 | CTC: 0.2008
Step 990300/1000000 | Loss: 0.9690 | LR: 1.00e-07 | MLM: 0.8053 | CTC: 0.1636
Step 990400/1000000 | Loss: 1.4927 | LR: 1.00e-07 | MLM: 1.0838 | CTC: 0.4089
Step 990500/1000000 | Loss: 0.8334 | LR: 1.00e-07 | MLM: 0.6468 | CTC: 0.1865
Step 990600/1000000 | Loss: 1.0787 | LR: 1.00e-07 | MLM: 0.8047 | CTC: 0.2741
Step 990700/1000000 | Loss: 1.1997 | LR: 1.00e-07 | MLM: 0.9030 | CTC: 0.2967
Step 990800/1000000 | Loss: 1.7765 | LR: 1.00e-07 | MLM: 1.3870 | CTC: 0.3895
Step 990900/1000000 | Loss: 1.0791 | LR: 1.00e-07 | MLM: 0.7698 | CTC: 0.3093
Step 991000/1000000 | Loss: 0.7111 | LR: 1.00e-07 | MLM: 0.5853 | CTC: 0.1258
Step 991100/1000000 | Loss: 2.0955 | LR: 1.00e-07 | MLM: 1.7131 | CTC: 0.3824
Step 991200/1000000 | Loss: 1.4256 | LR: 1.00e-07 | MLM: 1.0017 | CTC: 0.4240
Step 991300/1000000 | Loss: 1.1373 | LR: 1.00e-07 | MLM: 0.8535 | CTC: 0.2838
Step 991400/1000000 | Loss: 0.8289 | LR: 1.00e-07 | MLM: 0.6561 | CTC: 0.1729
Step 991500/1000000 | Loss: 1.0479 | LR: 1.00e-07 | MLM: 0.7510 | CTC: 0.2969
Step 991600/1000000 | Loss: 1.6928 | LR: 1.00e-07 | MLM: 1.2173 | CTC: 0.4754
Step 991700/1000000 | Loss: 1.2395 | LR: 1.00e-07 | MLM: 0.9439 | CTC: 0.2956
Step 991800/1000000 | Loss: 1.4356 | LR: 1.00e-07 | MLM: 1.0661 | CTC: 0.3695
Step 991900/1000000 | Loss: 1.0770 | LR: 1.00e-07 | MLM: 0.7642 | CTC: 0.3128
Step 992000/1000000 | Loss: 0.9540 | LR: 1.00e-07 | MLM: 0.7492 | CTC: 0.2048
Step 992100/1000000 | Loss: 0.8190 | LR: 1.00e-07 | MLM: 0.6587 | CTC: 0.1602
Step 992200/1000000 | Loss: 0.8595 | LR: 1.00e-07 | MLM: 0.6155 | CTC: 0.2440
Step 992300/1000000 | Loss: 1.3102 | LR: 1.00e-07 | MLM: 0.9226 | CTC: 0.3876
Step 992400/1000000 | Loss: 1.3897 | LR: 1.00e-07 | MLM: 1.0520 | CTC: 0.3377
Step 992500/1000000 | Loss: 0.9853 | LR: 1.00e-07 | MLM: 0.7670 | CTC: 0.2183
Step 992600/1000000 | Loss: 1.9063 | LR: 1.00e-07 | MLM: 1.4796 | CTC: 0.4267
Step 992700/1000000 | Loss: 0.7877 | LR: 1.00e-07 | MLM: 0.5802 | CTC: 0.2076
Step 992800/1000000 | Loss: 0.8153 | LR: 1.00e-07 | MLM: 0.5856 | CTC: 0.2297
Step 992900/1000000 | Loss: 0.2371 | LR: 1.00e-07 | MLM: 0.1830 | CTC: 0.0541
Step 993000/1000000 | Loss: 0.9856 | LR: 1.00e-07 | MLM: 0.7593 | CTC: 0.2263
Step 993100/1000000 | Loss: 0.6738 | LR: 1.00e-07 | MLM: 0.4784 | CTC: 0.1953
Step 993200/1000000 | Loss: 0.5364 | LR: 1.00e-07 | MLM: 0.4239 | CTC: 0.1125
Step 993300/1000000 | Loss: 1.2011 | LR: 1.00e-07 | MLM: 0.8989 | CTC: 0.3021
Step 993400/1000000 | Loss: 1.1065 | LR: 1.00e-07 | MLM: 0.8356 | CTC: 0.2709
Step 993500/1000000 | Loss: 0.9782 | LR: 1.00e-07 | MLM: 0.7258 | CTC: 0.2524
Step 993600/1000000 | Loss: 1.6324 | LR: 1.00e-07 | MLM: 1.2858 | CTC: 0.3466
Step 993700/1000000 | Loss: 0.8018 | LR: 1.00e-07 | MLM: 0.5677 | CTC: 0.2341
Step 993800/1000000 | Loss: 1.5912 | LR: 1.00e-07 | MLM: 1.2292 | CTC: 0.3620
Step 993900/1000000 | Loss: 1.4016 | LR: 1.00e-07 | MLM: 1.1554 | CTC: 0.2462
Step 994000/1000000 | Loss: 0.9587 | LR: 1.00e-07 | MLM: 0.7252 | CTC: 0.2334
Step 994100/1000000 | Loss: 0.7113 | LR: 1.00e-07 | MLM: 0.5223 | CTC: 0.1890
Step 994200/1000000 | Loss: 1.7194 | LR: 1.00e-07 | MLM: 1.2837 | CTC: 0.4357
Step 994300/1000000 | Loss: 1.1058 | LR: 1.00e-07 | MLM: 0.8331 | CTC: 0.2727
Step 994400/1000000 | Loss: 1.9392 | LR: 1.00e-07 | MLM: 1.5632 | CTC: 0.3760
Step 994500/1000000 | Loss: 1.3425 | LR: 1.00e-07 | MLM: 0.9795 | CTC: 0.3630
Step 994600/1000000 | Loss: 1.3753 | LR: 1.00e-07 | MLM: 0.9209 | CTC: 0.4545
Step 994700/1000000 | Loss: 1.4440 | LR: 1.00e-07 | MLM: 1.1297 | CTC: 0.3143
Step 994800/1000000 | Loss: 1.0163 | LR: 1.00e-07 | MLM: 0.7799 | CTC: 0.2364
Step 994900/1000000 | Loss: 0.9578 | LR: 1.00e-07 | MLM: 0.7561 | CTC: 0.2016
Step 995000/1000000 | Loss: 0.5062 | LR: 1.00e-07 | MLM: 0.3836 | CTC: 0.1226
✓ Saved checkpoint to checkpoint_step_995000.t7
Step 995100/1000000 | Loss: 1.5786 | LR: 1.00e-07 | MLM: 1.1828 | CTC: 0.3958
Step 995200/1000000 | Loss: 0.8849 | LR: 1.00e-07 | MLM: 0.6776 | CTC: 0.2073
Step 995300/1000000 | Loss: 2.1913 | LR: 1.00e-07 | MLM: 1.5182 | CTC: 0.6731
Step 995400/1000000 | Loss: 1.9121 | LR: 1.00e-07 | MLM: 1.4162 | CTC: 0.4959
Step 995500/1000000 | Loss: 1.4905 | LR: 1.00e-07 | MLM: 1.0608 | CTC: 0.4297
Step 995600/1000000 | Loss: 1.1616 | LR: 1.00e-07 | MLM: 0.8972 | CTC: 0.2644
Step 995700/1000000 | Loss: 0.6886 | LR: 1.00e-07 | MLM: 0.5251 | CTC: 0.1635
Step 995800/1000000 | Loss: 0.8625 | LR: 1.00e-07 | MLM: 0.6737 | CTC: 0.1889
Step 995900/1000000 | Loss: 1.4188 | LR: 1.00e-07 | MLM: 1.0310 | CTC: 0.3878
Step 996000/1000000 | Loss: 1.5407 | LR: 1.00e-07 | MLM: 1.2829 | CTC: 0.2579
Step 996100/1000000 | Loss: 1.4679 | LR: 1.00e-07 | MLM: 1.0957 | CTC: 0.3721
Step 996200/1000000 | Loss: 1.2755 | LR: 1.00e-07 | MLM: 0.8981 | CTC: 0.3773
Step 996300/1000000 | Loss: 1.2009 | LR: 1.00e-07 | MLM: 0.9600 | CTC: 0.2409
Step 996400/1000000 | Loss: 0.4154 | LR: 1.00e-07 | MLM: 0.3065 | CTC: 0.1089
Step 996500/1000000 | Loss: 2.0524 | LR: 1.00e-07 | MLM: 1.5741 | CTC: 0.4783
Step 996600/1000000 | Loss: 1.4743 | LR: 1.00e-07 | MLM: 1.1382 | CTC: 0.3361
Step 996700/1000000 | Loss: 1.3964 | LR: 1.00e-07 | MLM: 1.0421 | CTC: 0.3543
Step 996800/1000000 | Loss: 1.6848 | LR: 1.00e-07 | MLM: 1.3280 | CTC: 0.3568
Step 996900/1000000 | Loss: 1.2180 | LR: 1.00e-07 | MLM: 0.9351 | CTC: 0.2829
Step 997000/1000000 | Loss: 0.6444 | LR: 1.00e-07 | MLM: 0.4817 | CTC: 0.1626
Step 997100/1000000 | Loss: 0.2388 | LR: 1.00e-07 | MLM: 0.1663 | CTC: 0.0725
Step 997200/1000000 | Loss: 1.0209 | LR: 1.00e-07 | MLM: 0.7738 | CTC: 0.2470
Step 997300/1000000 | Loss: 1.4403 | LR: 1.00e-07 | MLM: 1.1337 | CTC: 0.3066
Step 997400/1000000 | Loss: 1.6606 | LR: 1.00e-07 | MLM: 1.2786 | CTC: 0.3820
Step 997500/1000000 | Loss: 0.2230 | LR: 1.00e-07 | MLM: 0.1644 | CTC: 0.0586
Step 997600/1000000 | Loss: 2.1371 | LR: 1.00e-07 | MLM: 1.6347 | CTC: 0.5024
Step 997700/1000000 | Loss: 1.2291 | LR: 1.00e-07 | MLM: 0.9100 | CTC: 0.3191
Step 997800/1000000 | Loss: 1.3277 | LR: 1.00e-07 | MLM: 0.9274 | CTC: 0.4003
Step 997900/1000000 | Loss: 1.1227 | LR: 1.00e-07 | MLM: 0.8484 | CTC: 0.2743
Step 998000/1000000 | Loss: 1.1024 | LR: 1.00e-07 | MLM: 0.7688 | CTC: 0.3336
Step 998100/1000000 | Loss: 1.8302 | LR: 1.00e-07 | MLM: 1.4067 | CTC: 0.4235
Step 998200/1000000 | Loss: 2.1269 | LR: 1.00e-07 | MLM: 1.6311 | CTC: 0.4958
Step 998300/1000000 | Loss: 0.8856 | LR: 1.00e-07 | MLM: 0.6281 | CTC: 0.2575
Step 998400/1000000 | Loss: 1.5366 | LR: 1.00e-07 | MLM: 1.2268 | CTC: 0.3098
Step 998500/1000000 | Loss: 1.0530 | LR: 1.00e-07 | MLM: 0.8277 | CTC: 0.2252
Step 998600/1000000 | Loss: 1.1355 | LR: 1.00e-07 | MLM: 0.8141 | CTC: 0.3214
Step 998700/1000000 | Loss: 0.8931 | LR: 1.00e-07 | MLM: 0.7075 | CTC: 0.1855
Step 998800/1000000 | Loss: 1.2748 | LR: 1.00e-07 | MLM: 0.9384 | CTC: 0.3364
Step 998900/1000000 | Loss: 1.0359 | LR: 1.00e-07 | MLM: 0.8626 | CTC: 0.1733
Step 999000/1000000 | Loss: 1.6391 | LR: 1.00e-07 | MLM: 1.1098 | CTC: 0.5293
Step 999100/1000000 | Loss: 1.0335 | LR: 1.00e-07 | MLM: 0.9117 | CTC: 0.1217
Step 999200/1000000 | Loss: 1.7172 | LR: 1.00e-07 | MLM: 1.3352 | CTC: 0.3820
Step 999300/1000000 | Loss: 1.2048 | LR: 1.00e-07 | MLM: 0.8700 | CTC: 0.3349
Step 999400/1000000 | Loss: 1.9845 | LR: 1.00e-07 | MLM: 1.4956 | CTC: 0.4889
Step 999500/1000000 | Loss: 0.5146 | LR: 1.00e-07 | MLM: 0.4134 | CTC: 0.1012
Step 999600/1000000 | Loss: 1.2842 | LR: 1.00e-07 | MLM: 0.9688 | CTC: 0.3155
Step 999700/1000000 | Loss: 1.2950 | LR: 1.00e-07 | MLM: 1.0391 | CTC: 0.2559
Step 999800/1000000 | Loss: 0.9589 | LR: 1.00e-07 | MLM: 0.7331 | CTC: 0.2259
Step 999900/1000000 | Loss: 1.4283 | LR: 1.00e-07 | MLM: 1.0864 | CTC: 0.3419
Step 1000000/1000000 | Loss: 1.4228 | LR: 1.00e-07 | MLM: 1.0922 | CTC: 0.3306
✓ Saved checkpoint to checkpoint_step_1000000.t7
✓ Training complete! Final checkpoint saved to checkpoint_step_1000000_final.t7
